video,split,scene,resolution,variant,frames_processed,bin_lo,bin_hi,count
00_01_52_to_00_01_58,train,seaside,1920x1080,none,175,1.0,1.0625,146168
00_01_52_to_00_01_58,train,seaside,1920x1080,none,175,1.9477,2.0694,30974
00_01_52_to_00_01_58,train,seaside,1920x1080,none,175,2.9768,3.1628,7416
00_01_52_to_00_01_58,train,seaside,1920x1080,none,175,3.7934,4.0304,3332
00_01_52_to_00_01_58,train,seaside,1920x1080,none,175,4.8341,5.1361,1622
00_01_52_to_00_01_58,train,seaside,1920x1080,none,175,5.7979,6.1601,1051
00_01_52_to_00_01_58,train,seaside,1920x1080,none,175,6.9539,7.3884,730
00_01_52_to_00_01_58,train,seaside,1920x1080,none,175,7.85,8.3404,536
00_01_52_to_00_01_58,train,seaside,1920x1080,none,175,8.8615,9.4152,425
00_01_52_to_00_01_58,train,seaside,1920x1080,none,175,9.4152,10.0034,350
00_01_52_to_00_01_58,train,seaside,1920x1080,none,175,10.6284,11.2924,278
00_01_52_to_00_01_58,train,seaside,1920x1080,none,175,11.998,12.7476,214
00_01_52_to_00_01_58,train,seaside,1920x1080,none,175,12.7476,13.544,197
00_01_52_to_00_01_58,train,seaside,1920x1080,none,175,13.544,14.3902,136
00_01_52_to_00_01_58,train,seaside,1920x1080,none,175,14.3902,15.2892,140
00_01_52_to_00_01_58,train,seaside,1920x1080,none,175,15.2892,16.2445,132
00_01_52_to_00_01_58,train,seaside,1920x1080,none,175,16.2445,17.2594,97
00_01_52_to_00_01_58,train,seaside,1920x1080,none,175,17.2594,18.3377,77
00_01_52_to_00_01_58,train,seaside,1920x1080,none,175,18.3377,19.4834,76
00_01_52_to_00_01_58,train,seaside,1920x1080,none,175,19.4834,20.7007,54
00_01_52_to_00_01_58,train,seaside,1920x1080,none,175,20.7007,21.994,75
00_01_52_to_00_01_58,train,seaside,1920x1080,none,175,21.994,23.3681,116
00_01_52_to_00_01_58,train,seaside,1920x1080,none,175,23.3681,24.8281,49
00_01_52_to_00_01_58,train,seaside,1920x1080,none,175,24.8281,26.3793,88
00_01_52_to_00_01_58,train,seaside,1920x1080,none,175,26.3793,28.0274,45
00_01_52_to_00_01_58,train,seaside,1920x1080,none,175,28.0274,29.7785,30
00_01_52_to_00_01_58,train,seaside,1920x1080,none,175,29.7785,31.639,42
00_01_52_to_00_01_58,train,seaside,1920x1080,none,175,31.639,33.6157,48
00_01_52_to_00_01_58,train,seaside,1920x1080,none,175,33.6157,35.7159,35
00_01_52_to_00_01_58,train,seaside,1920x1080,none,175,35.7159,37.9473,35
00_01_52_to_00_01_58,train,seaside,1920x1080,none,175,37.9473,40.3182,47
00_01_52_to_00_01_58,train,seaside,1920x1080,none,175,40.3182,42.8372,31
00_01_52_to_00_01_58,train,seaside,1920x1080,none,175,42.8372,45.5135,32
00_01_52_to_00_01_58,train,seaside,1920x1080,none,175,45.5135,48.3571,34
00_01_52_to_00_01_58,train,seaside,1920x1080,none,175,48.3571,51.3783,21
00_01_52_to_00_01_58,train,seaside,1920x1080,none,175,51.3783,54.5883,24
00_01_52_to_00_01_58,train,seaside,1920x1080,none,175,54.5883,57.9988,17
00_01_52_to_00_01_58,train,seaside,1920x1080,none,175,57.9988,61.6224,21
00_01_52_to_00_01_58,train,seaside,1920x1080,none,175,61.6224,65.4724,18
00_01_52_to_00_01_58,train,seaside,1920x1080,none,175,65.4724,69.563,26
00_01_52_to_00_01_58,train,seaside,1920x1080,none,175,69.563,73.9091,18
00_01_52_to_00_01_58,train,seaside,1920x1080,none,175,73.9091,78.5267,19
00_01_52_to_00_01_58,train,seaside,1920x1080,none,175,78.5267,83.4329,15
00_01_52_to_00_01_58,train,seaside,1920x1080,none,175,83.4329,88.6455,18
00_01_52_to_00_01_58,train,seaside,1920x1080,none,175,88.6455,94.1839,18
00_01_52_to_00_01_58,train,seaside,1920x1080,none,175,94.1839,100.0682,13
00_01_52_to_00_01_58,train,seaside,1920x1080,none,175,100.0682,106.3202,18
00_01_52_to_00_01_58,train,seaside,1920x1080,none,175,106.3202,112.9628,6
00_01_52_to_00_01_58,train,seaside,1920x1080,none,175,112.9628,120.0205,7
00_01_52_to_00_01_58,train,seaside,1920x1080,none,175,120.0205,127.519,6
00_01_52_to_00_01_58,train,seaside,1920x1080,none,175,127.519,135.4861,5
00_01_52_to_00_01_58,train,seaside,1920x1080,none,175,135.4861,143.9509,6
00_01_52_to_00_01_58,train,seaside,1920x1080,none,175,143.9509,152.9446,5
00_01_52_to_00_01_58,train,seaside,1920x1080,none,175,152.9446,162.5001,4
00_01_52_to_00_01_58,train,seaside,1920x1080,none,175,162.5001,172.6527,2
00_01_52_to_00_01_58,train,seaside,1920x1080,none,175,172.6527,183.4396,4
00_01_52_to_00_01_58,train,seaside,1920x1080,none,175,183.4396,194.9004,3
00_01_52_to_00_01_58,train,seaside,1920x1080,none,175,194.9004,207.0773,4
00_01_52_to_00_01_58,train,seaside,1920x1080,none,175,207.0773,220.0149,1
00_01_52_to_00_01_58,train,seaside,1920x1080,none,175,220.0149,233.7609,3
00_01_52_to_00_01_58,train,seaside,1920x1080,none,175,233.7609,248.3657,2
00_01_52_to_00_01_58,train,seaside,1920x1080,none,175,248.3657,263.8829,2
00_01_52_to_00_01_58,train,seaside,1920x1080,none,175,263.8829,280.3696,1
00_01_52_to_00_01_58,train,seaside,1920x1080,none,175,280.3696,297.8864,2
00_01_52_to_00_01_58,train,seaside,1920x1080,none,175,297.8864,316.4975,2
00_01_52_to_00_01_58,train,seaside,1920x1080,none,175,316.4975,336.2714,2
00_01_52_to_00_01_58,train,seaside,1920x1080,none,175,379.6028,403.3193,1
00_01_52_to_00_01_58,train,seaside,1920x1080,none,175,428.5177,455.2903,1
00_01_52_to_00_01_58,train,seaside,1920x1080,none,175,455.2903,483.7357,1
00_01_52_to_00_01_58,train,seaside,1920x1080,none,175,483.7357,513.9582,2
00_01_52_to_00_01_58,train,seaside,1920x1080,none,175,513.9582,546.069,2
00_01_52_to_00_01_58,train,seaside,1920x1080,none,175,616.4344,654.9476,2
00_01_52_to_00_01_58,train,seaside,1920x1080,none,175,654.9476,695.867,1
00_01_52_to_00_01_58,train,seaside,1920x1080,none,175,695.867,739.3429,1
00_01_52_to_00_01_58,train,seaside,1920x1080,none,175,739.3429,785.5351,1
00_01_52_to_00_01_58,train,seaside,1920x1080,none,175,834.6133,886.7577,1
00_01_52_to_00_01_58,train,seaside,1920x1080,none,175,942.16,1001.0237,1
00_01_52_to_00_01_58,train,seaside,1920x1080,none,175,1130.0138,1200.6141,1
00_01_52_to_00_01_58,train,seaside,1920x1080,none,175,1275.6253,1355.323,4
00_01_52_to_00_01_58,train,seaside,1920x1080,none,175,1355.323,1440.0,2
00_01_52_to_00_01_58,train,seaside,1920x1080,none,175,1440.0,1529.9674,15
00_01_52_to_00_01_58,train,seaside,1920x1080,none,175,1529.9674,1625.5557,47
00_01_52_to_00_01_58,train,seaside,1920x1080,none,175,1625.5557,1727.1162,26
00_01_52_to_00_01_58,train,seaside,1920x1080,none,175,1727.1162,1835.0219,21
00_01_52_to_00_01_58,train,seaside,1920x1080,none,175,1835.0219,1949.6692,6
00_01_52_to_00_01_58,train,seaside,1920x1080,none,175,1951665.1031,2073600.0,1
00_02_45_to_00_03_10_cut,train,seaside,1920x1080,none,400,1.0,1.0625,445736
00_02_45_to_00_03_10_cut,train,seaside,1920x1080,none,400,1.9477,2.0694,174865
00_02_45_to_00_03_10_cut,train,seaside,1920x1080,none,400,2.9768,3.1628,89844
00_02_45_to_00_03_10_cut,train,seaside,1920x1080,none,400,3.7934,4.0304,53835
00_02_45_to_00_03_10_cut,train,seaside,1920x1080,none,400,4.8341,5.1361,35163
00_02_45_to_00_03_10_cut,train,seaside,1920x1080,none,400,5.7979,6.1601,23851
00_02_45_to_00_03_10_cut,train,seaside,1920x1080,none,400,6.9539,7.3884,17620
00_02_45_to_00_03_10_cut,train,seaside,1920x1080,none,400,7.85,8.3404,12698
00_02_45_to_00_03_10_cut,train,seaside,1920x1080,none,400,8.8615,9.4152,9130
00_02_45_to_00_03_10_cut,train,seaside,1920x1080,none,400,9.4152,10.0034,6647
00_02_45_to_00_03_10_cut,train,seaside,1920x1080,none,400,10.6284,11.2924,5177
00_02_45_to_00_03_10_cut,train,seaside,1920x1080,none,400,11.998,12.7476,3821
00_02_45_to_00_03_10_cut,train,seaside,1920x1080,none,400,12.7476,13.544,3329
00_02_45_to_00_03_10_cut,train,seaside,1920x1080,none,400,13.544,14.3902,2515
00_02_45_to_00_03_10_cut,train,seaside,1920x1080,none,400,14.3902,15.2892,2111
00_02_45_to_00_03_10_cut,train,seaside,1920x1080,none,400,15.2892,16.2445,1685
00_02_45_to_00_03_10_cut,train,seaside,1920x1080,none,400,16.2445,17.2594,1321
00_02_45_to_00_03_10_cut,train,seaside,1920x1080,none,400,17.2594,18.3377,1077
00_02_45_to_00_03_10_cut,train,seaside,1920x1080,none,400,18.3377,19.4834,941
00_02_45_to_00_03_10_cut,train,seaside,1920x1080,none,400,19.4834,20.7007,926
00_02_45_to_00_03_10_cut,train,seaside,1920x1080,none,400,20.7007,21.994,708
00_02_45_to_00_03_10_cut,train,seaside,1920x1080,none,400,21.994,23.3681,1186
00_02_45_to_00_03_10_cut,train,seaside,1920x1080,none,400,23.3681,24.8281,520
00_02_45_to_00_03_10_cut,train,seaside,1920x1080,none,400,24.8281,26.3793,680
00_02_45_to_00_03_10_cut,train,seaside,1920x1080,none,400,26.3793,28.0274,496
00_02_45_to_00_03_10_cut,train,seaside,1920x1080,none,400,28.0274,29.7785,214
00_02_45_to_00_03_10_cut,train,seaside,1920x1080,none,400,29.7785,31.639,380
00_02_45_to_00_03_10_cut,train,seaside,1920x1080,none,400,31.639,33.6157,329
00_02_45_to_00_03_10_cut,train,seaside,1920x1080,none,400,33.6157,35.7159,225
00_02_45_to_00_03_10_cut,train,seaside,1920x1080,none,400,35.7159,37.9473,199
00_02_45_to_00_03_10_cut,train,seaside,1920x1080,none,400,37.9473,40.3182,231
00_02_45_to_00_03_10_cut,train,seaside,1920x1080,none,400,40.3182,42.8372,127
00_02_45_to_00_03_10_cut,train,seaside,1920x1080,none,400,42.8372,45.5135,133
00_02_45_to_00_03_10_cut,train,seaside,1920x1080,none,400,45.5135,48.3571,109
00_02_45_to_00_03_10_cut,train,seaside,1920x1080,none,400,48.3571,51.3783,72
00_02_45_to_00_03_10_cut,train,seaside,1920x1080,none,400,51.3783,54.5883,51
00_02_45_to_00_03_10_cut,train,seaside,1920x1080,none,400,54.5883,57.9988,26
00_02_45_to_00_03_10_cut,train,seaside,1920x1080,none,400,57.9988,61.6224,52
00_02_45_to_00_03_10_cut,train,seaside,1920x1080,none,400,61.6224,65.4724,49
00_02_45_to_00_03_10_cut,train,seaside,1920x1080,none,400,65.4724,69.563,47
00_02_45_to_00_03_10_cut,train,seaside,1920x1080,none,400,69.563,73.9091,37
00_02_45_to_00_03_10_cut,train,seaside,1920x1080,none,400,73.9091,78.5267,43
00_02_45_to_00_03_10_cut,train,seaside,1920x1080,none,400,78.5267,83.4329,36
00_02_45_to_00_03_10_cut,train,seaside,1920x1080,none,400,83.4329,88.6455,33
00_02_45_to_00_03_10_cut,train,seaside,1920x1080,none,400,88.6455,94.1839,32
00_02_45_to_00_03_10_cut,train,seaside,1920x1080,none,400,94.1839,100.0682,32
00_02_45_to_00_03_10_cut,train,seaside,1920x1080,none,400,100.0682,106.3202,25
00_02_45_to_00_03_10_cut,train,seaside,1920x1080,none,400,106.3202,112.9628,8
00_02_45_to_00_03_10_cut,train,seaside,1920x1080,none,400,112.9628,120.0205,26
00_02_45_to_00_03_10_cut,train,seaside,1920x1080,none,400,120.0205,127.519,22
00_02_45_to_00_03_10_cut,train,seaside,1920x1080,none,400,127.519,135.4861,31
00_02_45_to_00_03_10_cut,train,seaside,1920x1080,none,400,135.4861,143.9509,11
00_02_45_to_00_03_10_cut,train,seaside,1920x1080,none,400,143.9509,152.9446,21
00_02_45_to_00_03_10_cut,train,seaside,1920x1080,none,400,152.9446,162.5001,30
00_02_45_to_00_03_10_cut,train,seaside,1920x1080,none,400,162.5001,172.6527,15
00_02_45_to_00_03_10_cut,train,seaside,1920x1080,none,400,172.6527,183.4396,23
00_02_45_to_00_03_10_cut,train,seaside,1920x1080,none,400,183.4396,194.9004,9
00_02_45_to_00_03_10_cut,train,seaside,1920x1080,none,400,194.9004,207.0773,17
00_02_45_to_00_03_10_cut,train,seaside,1920x1080,none,400,207.0773,220.0149,14
00_02_45_to_00_03_10_cut,train,seaside,1920x1080,none,400,220.0149,233.7609,16
00_02_45_to_00_03_10_cut,train,seaside,1920x1080,none,400,233.7609,248.3657,18
00_02_45_to_00_03_10_cut,train,seaside,1920x1080,none,400,248.3657,263.8829,12
00_02_45_to_00_03_10_cut,train,seaside,1920x1080,none,400,263.8829,280.3696,4
00_02_45_to_00_03_10_cut,train,seaside,1920x1080,none,400,280.3696,297.8864,8
00_02_45_to_00_03_10_cut,train,seaside,1920x1080,none,400,297.8864,316.4975,11
00_02_45_to_00_03_10_cut,train,seaside,1920x1080,none,400,316.4975,336.2714,13
00_02_45_to_00_03_10_cut,train,seaside,1920x1080,none,400,336.2714,357.2808,20
00_02_45_to_00_03_10_cut,train,seaside,1920x1080,none,400,357.2808,379.6028,10
00_02_45_to_00_03_10_cut,train,seaside,1920x1080,none,400,379.6028,403.3193,3
00_02_45_to_00_03_10_cut,train,seaside,1920x1080,none,400,403.3193,428.5177,5
00_02_45_to_00_03_10_cut,train,seaside,1920x1080,none,400,428.5177,455.2903,21
00_02_45_to_00_03_10_cut,train,seaside,1920x1080,none,400,455.2903,483.7357,6
00_02_45_to_00_03_10_cut,train,seaside,1920x1080,none,400,483.7357,513.9582,10
00_02_45_to_00_03_10_cut,train,seaside,1920x1080,none,400,513.9582,546.069,19
00_02_45_to_00_03_10_cut,train,seaside,1920x1080,none,400,546.069,580.1859,14
00_02_45_to_00_03_10_cut,train,seaside,1920x1080,none,400,580.1859,616.4344,21
00_02_45_to_00_03_10_cut,train,seaside,1920x1080,none,400,616.4344,654.9476,4
00_02_45_to_00_03_10_cut,train,seaside,1920x1080,none,400,654.9476,695.867,9
00_02_45_to_00_03_10_cut,train,seaside,1920x1080,none,400,695.867,739.3429,7
00_02_45_to_00_03_10_cut,train,seaside,1920x1080,none,400,1951665.1031,2073600.0,1
00_06_10_to_00_06_27,train,seaside,1920x1080,none,497,1.0,1.0625,723479
00_06_10_to_00_06_27,train,seaside,1920x1080,none,497,1.9477,2.0694,147150
00_06_10_to_00_06_27,train,seaside,1920x1080,none,497,2.9768,3.1628,36144
00_06_10_to_00_06_27,train,seaside,1920x1080,none,497,3.7934,4.0304,14781
00_06_10_to_00_06_27,train,seaside,1920x1080,none,497,4.8341,5.1361,6563
00_06_10_to_00_06_27,train,seaside,1920x1080,none,497,5.7979,6.1601,3617
00_06_10_to_00_06_27,train,seaside,1920x1080,none,497,6.9539,7.3884,2401
00_06_10_to_00_06_27,train,seaside,1920x1080,none,497,7.85,8.3404,1633
00_06_10_to_00_06_27,train,seaside,1920x1080,none,497,8.8615,9.4152,1199
00_06_10_to_00_06_27,train,seaside,1920x1080,none,497,9.4152,10.0034,908
00_06_10_to_00_06_27,train,seaside,1920x1080,none,497,10.6284,11.2924,806
00_06_10_to_00_06_27,train,seaside,1920x1080,none,497,11.998,12.7476,658
00_06_10_to_00_06_27,train,seaside,1920x1080,none,497,12.7476,13.544,477
00_06_10_to_00_06_27,train,seaside,1920x1080,none,497,13.544,14.3902,437
00_06_10_to_00_06_27,train,seaside,1920x1080,none,497,14.3902,15.2892,407
00_06_10_to_00_06_27,train,seaside,1920x1080,none,497,15.2892,16.2445,327
00_06_10_to_00_06_27,train,seaside,1920x1080,none,497,16.2445,17.2594,285
00_06_10_to_00_06_27,train,seaside,1920x1080,none,497,17.2594,18.3377,226
00_06_10_to_00_06_27,train,seaside,1920x1080,none,497,18.3377,19.4834,228
00_06_10_to_00_06_27,train,seaside,1920x1080,none,497,19.4834,20.7007,181
00_06_10_to_00_06_27,train,seaside,1920x1080,none,497,20.7007,21.994,177
00_06_10_to_00_06_27,train,seaside,1920x1080,none,497,21.994,23.3681,256
00_06_10_to_00_06_27,train,seaside,1920x1080,none,497,23.3681,24.8281,132
00_06_10_to_00_06_27,train,seaside,1920x1080,none,497,24.8281,26.3793,230
00_06_10_to_00_06_27,train,seaside,1920x1080,none,497,26.3793,28.0274,195
00_06_10_to_00_06_27,train,seaside,1920x1080,none,497,28.0274,29.7785,93
00_06_10_to_00_06_27,train,seaside,1920x1080,none,497,29.7785,31.639,174
00_06_10_to_00_06_27,train,seaside,1920x1080,none,497,31.639,33.6157,130
00_06_10_to_00_06_27,train,seaside,1920x1080,none,497,33.6157,35.7159,162
00_06_10_to_00_06_27,train,seaside,1920x1080,none,497,35.7159,37.9473,123
00_06_10_to_00_06_27,train,seaside,1920x1080,none,497,37.9473,40.3182,181
00_06_10_to_00_06_27,train,seaside,1920x1080,none,497,40.3182,42.8372,106
00_06_10_to_00_06_27,train,seaside,1920x1080,none,497,42.8372,45.5135,115
00_06_10_to_00_06_27,train,seaside,1920x1080,none,497,45.5135,48.3571,115
00_06_10_to_00_06_27,train,seaside,1920x1080,none,497,48.3571,51.3783,110
00_06_10_to_00_06_27,train,seaside,1920x1080,none,497,51.3783,54.5883,98
00_06_10_to_00_06_27,train,seaside,1920x1080,none,497,54.5883,57.9988,95
00_06_10_to_00_06_27,train,seaside,1920x1080,none,497,57.9988,61.6224,101
00_06_10_to_00_06_27,train,seaside,1920x1080,none,497,61.6224,65.4724,100
00_06_10_to_00_06_27,train,seaside,1920x1080,none,497,65.4724,69.563,60
00_06_10_to_00_06_27,train,seaside,1920x1080,none,497,69.563,73.9091,70
00_06_10_to_00_06_27,train,seaside,1920x1080,none,497,73.9091,78.5267,66
00_06_10_to_00_06_27,train,seaside,1920x1080,none,497,78.5267,83.4329,52
00_06_10_to_00_06_27,train,seaside,1920x1080,none,497,83.4329,88.6455,67
00_06_10_to_00_06_27,train,seaside,1920x1080,none,497,88.6455,94.1839,71
00_06_10_to_00_06_27,train,seaside,1920x1080,none,497,94.1839,100.0682,89
00_06_10_to_00_06_27,train,seaside,1920x1080,none,497,100.0682,106.3202,58
00_06_10_to_00_06_27,train,seaside,1920x1080,none,497,106.3202,112.9628,50
00_06_10_to_00_06_27,train,seaside,1920x1080,none,497,112.9628,120.0205,49
00_06_10_to_00_06_27,train,seaside,1920x1080,none,497,120.0205,127.519,38
00_06_10_to_00_06_27,train,seaside,1920x1080,none,497,127.519,135.4861,54
00_06_10_to_00_06_27,train,seaside,1920x1080,none,497,135.4861,143.9509,54
00_06_10_to_00_06_27,train,seaside,1920x1080,none,497,143.9509,152.9446,54
00_06_10_to_00_06_27,train,seaside,1920x1080,none,497,152.9446,162.5001,42
00_06_10_to_00_06_27,train,seaside,1920x1080,none,497,162.5001,172.6527,33
00_06_10_to_00_06_27,train,seaside,1920x1080,none,497,172.6527,183.4396,26
00_06_10_to_00_06_27,train,seaside,1920x1080,none,497,183.4396,194.9004,19
00_06_10_to_00_06_27,train,seaside,1920x1080,none,497,194.9004,207.0773,28
00_06_10_to_00_06_27,train,seaside,1920x1080,none,497,207.0773,220.0149,27
00_06_10_to_00_06_27,train,seaside,1920x1080,none,497,220.0149,233.7609,18
00_06_10_to_00_06_27,train,seaside,1920x1080,none,497,233.7609,248.3657,18
00_06_10_to_00_06_27,train,seaside,1920x1080,none,497,248.3657,263.8829,20
00_06_10_to_00_06_27,train,seaside,1920x1080,none,497,263.8829,280.3696,17
00_06_10_to_00_06_27,train,seaside,1920x1080,none,497,280.3696,297.8864,13
00_06_10_to_00_06_27,train,seaside,1920x1080,none,497,297.8864,316.4975,13
00_06_10_to_00_06_27,train,seaside,1920x1080,none,497,316.4975,336.2714,3
00_06_10_to_00_06_27,train,seaside,1920x1080,none,497,336.2714,357.2808,13
00_06_10_to_00_06_27,train,seaside,1920x1080,none,497,357.2808,379.6028,8
00_06_10_to_00_06_27,train,seaside,1920x1080,none,497,379.6028,403.3193,11
00_06_10_to_00_06_27,train,seaside,1920x1080,none,497,403.3193,428.5177,9
00_06_10_to_00_06_27,train,seaside,1920x1080,none,497,428.5177,455.2903,16
00_06_10_to_00_06_27,train,seaside,1920x1080,none,497,455.2903,483.7357,10
00_06_10_to_00_06_27,train,seaside,1920x1080,none,497,483.7357,513.9582,13
00_06_10_to_00_06_27,train,seaside,1920x1080,none,497,513.9582,546.069,17
00_06_10_to_00_06_27,train,seaside,1920x1080,none,497,546.069,580.1859,7
00_06_10_to_00_06_27,train,seaside,1920x1080,none,497,580.1859,616.4344,7
00_06_10_to_00_06_27,train,seaside,1920x1080,none,497,616.4344,654.9476,2
00_06_10_to_00_06_27,train,seaside,1920x1080,none,497,654.9476,695.867,6
00_06_10_to_00_06_27,train,seaside,1920x1080,none,497,695.867,739.3429,4
00_06_10_to_00_06_27,train,seaside,1920x1080,none,497,739.3429,785.5351,2
00_06_10_to_00_06_27,train,seaside,1920x1080,none,497,834.6133,886.7577,2
00_06_10_to_00_06_27,train,seaside,1920x1080,none,497,886.7577,942.16,1
00_06_10_to_00_06_27,train,seaside,1920x1080,none,497,942.16,1001.0237,2
00_06_10_to_00_06_27,train,seaside,1920x1080,none,497,1001.0237,1063.565,1
00_06_10_to_00_06_27,train,seaside,1920x1080,none,497,1063.565,1130.0138,2
00_06_10_to_00_06_27,train,seaside,1920x1080,none,497,1130.0138,1200.6141,1
00_06_10_to_00_06_27,train,seaside,1920x1080,none,497,1200.6141,1275.6253,1
00_06_10_to_00_06_27,train,seaside,1920x1080,none,497,1275.6253,1355.323,1
00_06_10_to_00_06_27,train,seaside,1920x1080,none,497,1355.323,1440.0,2
00_06_10_to_00_06_27,train,seaside,1920x1080,none,497,1440.0,1529.9674,1
00_06_10_to_00_06_27,train,seaside,1920x1080,none,497,1529.9674,1625.5557,1
00_06_10_to_00_06_27,train,seaside,1920x1080,none,497,1625.5557,1727.1162,2
00_06_10_to_00_06_27,train,seaside,1920x1080,none,497,1727.1162,1835.0219,1
00_06_10_to_00_06_27,train,seaside,1920x1080,none,497,1835.0219,1949.6692,2
00_06_10_to_00_06_27,train,seaside,1920x1080,none,497,1949.6692,2071.4794,2
00_06_10_to_00_06_27,train,seaside,1920x1080,none,497,2071.4794,2200.9,1
00_06_10_to_00_06_27,train,seaside,1920x1080,none,497,2338.4064,2484.5039,1
00_06_10_to_00_06_27,train,seaside,1920x1080,none,497,2484.5039,2639.7291,1
00_06_10_to_00_06_27,train,seaside,1920x1080,none,497,2639.7291,2804.6525,1
00_06_10_to_00_06_27,train,seaside,1920x1080,none,497,1951665.1031,2073600.0,1
00_09_30_to_00_10_09,train,seaside,1920x1080,none,1165,1.0,1.0625,1962353
00_09_30_to_00_10_09,train,seaside,1920x1080,none,1165,1.9477,2.0694,577013
00_09_30_to_00_10_09,train,seaside,1920x1080,none,1165,2.9768,3.1628,227435
00_09_30_to_00_10_09,train,seaside,1920x1080,none,1165,3.7934,4.0304,126657
00_09_30_to_00_10_09,train,seaside,1920x1080,none,1165,4.8341,5.1361,78530
00_09_30_to_00_10_09,train,seaside,1920x1080,none,1165,5.7979,6.1601,54669
00_09_30_to_00_10_09,train,seaside,1920x1080,none,1165,6.9539,7.3884,39028
00_09_30_to_00_10_09,train,seaside,1920x1080,none,1165,7.85,8.3404,29648
00_09_30_to_00_10_09,train,seaside,1920x1080,none,1165,8.8615,9.4152,22709
00_09_30_to_00_10_09,train,seaside,1920x1080,none,1165,9.4152,10.0034,18122
00_09_30_to_00_10_09,train,seaside,1920x1080,none,1165,10.6284,11.2924,14477
00_09_30_to_00_10_09,train,seaside,1920x1080,none,1165,11.998,12.7476,11994
00_09_30_to_00_10_09,train,seaside,1920x1080,none,1165,12.7476,13.544,9690
00_09_30_to_00_10_09,train,seaside,1920x1080,none,1165,13.544,14.3902,8256
00_09_30_to_00_10_09,train,seaside,1920x1080,none,1165,14.3902,15.2892,6906
00_09_30_to_00_10_09,train,seaside,1920x1080,none,1165,15.2892,16.2445,5870
00_09_30_to_00_10_09,train,seaside,1920x1080,none,1165,16.2445,17.2594,4979
00_09_30_to_00_10_09,train,seaside,1920x1080,none,1165,17.2594,18.3377,4246
00_09_30_to_00_10_09,train,seaside,1920x1080,none,1165,18.3377,19.4834,3780
00_09_30_to_00_10_09,train,seaside,1920x1080,none,1165,19.4834,20.7007,3274
00_09_30_to_00_10_09,train,seaside,1920x1080,none,1165,20.7007,21.994,2851
00_09_30_to_00_10_09,train,seaside,1920x1080,none,1165,21.994,23.3681,4630
00_09_30_to_00_10_09,train,seaside,1920x1080,none,1165,23.3681,24.8281,1999
00_09_30_to_00_10_09,train,seaside,1920x1080,none,1165,24.8281,26.3793,3478
00_09_30_to_00_10_09,train,seaside,1920x1080,none,1165,26.3793,28.0274,2779
00_09_30_to_00_10_09,train,seaside,1920x1080,none,1165,28.0274,29.7785,1177
00_09_30_to_00_10_09,train,seaside,1920x1080,none,1165,29.7785,31.639,2018
00_09_30_to_00_10_09,train,seaside,1920x1080,none,1165,31.639,33.6157,1719
00_09_30_to_00_10_09,train,seaside,1920x1080,none,1165,33.6157,35.7159,1543
00_09_30_to_00_10_09,train,seaside,1920x1080,none,1165,35.7159,37.9473,1222
00_09_30_to_00_10_09,train,seaside,1920x1080,none,1165,37.9473,40.3182,1578
00_09_30_to_00_10_09,train,seaside,1920x1080,none,1165,40.3182,42.8372,903
00_09_30_to_00_10_09,train,seaside,1920x1080,none,1165,42.8372,45.5135,1125
00_09_30_to_00_10_09,train,seaside,1920x1080,none,1165,45.5135,48.3571,945
00_09_30_to_00_10_09,train,seaside,1920x1080,none,1165,48.3571,51.3783,784
00_09_30_to_00_10_09,train,seaside,1920x1080,none,1165,51.3783,54.5883,705
00_09_30_to_00_10_09,train,seaside,1920x1080,none,1165,54.5883,57.9988,558
00_09_30_to_00_10_09,train,seaside,1920x1080,none,1165,57.9988,61.6224,661
00_09_30_to_00_10_09,train,seaside,1920x1080,none,1165,61.6224,65.4724,531
00_09_30_to_00_10_09,train,seaside,1920x1080,none,1165,65.4724,69.563,457
00_09_30_to_00_10_09,train,seaside,1920x1080,none,1165,69.563,73.9091,402
00_09_30_to_00_10_09,train,seaside,1920x1080,none,1165,73.9091,78.5267,471
00_09_30_to_00_10_09,train,seaside,1920x1080,none,1165,78.5267,83.4329,325
00_09_30_to_00_10_09,train,seaside,1920x1080,none,1165,83.4329,88.6455,310
00_09_30_to_00_10_09,train,seaside,1920x1080,none,1165,88.6455,94.1839,289
00_09_30_to_00_10_09,train,seaside,1920x1080,none,1165,94.1839,100.0682,268
00_09_30_to_00_10_09,train,seaside,1920x1080,none,1165,100.0682,106.3202,221
00_09_30_to_00_10_09,train,seaside,1920x1080,none,1165,106.3202,112.9628,225
00_09_30_to_00_10_09,train,seaside,1920x1080,none,1165,112.9628,120.0205,216
00_09_30_to_00_10_09,train,seaside,1920x1080,none,1165,120.0205,127.519,146
00_09_30_to_00_10_09,train,seaside,1920x1080,none,1165,127.519,135.4861,168
00_09_30_to_00_10_09,train,seaside,1920x1080,none,1165,135.4861,143.9509,122
00_09_30_to_00_10_09,train,seaside,1920x1080,none,1165,143.9509,152.9446,118
00_09_30_to_00_10_09,train,seaside,1920x1080,none,1165,152.9446,162.5001,139
00_09_30_to_00_10_09,train,seaside,1920x1080,none,1165,162.5001,172.6527,120
00_09_30_to_00_10_09,train,seaside,1920x1080,none,1165,172.6527,183.4396,112
00_09_30_to_00_10_09,train,seaside,1920x1080,none,1165,183.4396,194.9004,109
00_09_30_to_00_10_09,train,seaside,1920x1080,none,1165,194.9004,207.0773,119
00_09_30_to_00_10_09,train,seaside,1920x1080,none,1165,207.0773,220.0149,100
00_09_30_to_00_10_09,train,seaside,1920x1080,none,1165,220.0149,233.7609,75
00_09_30_to_00_10_09,train,seaside,1920x1080,none,1165,233.7609,248.3657,82
00_09_30_to_00_10_09,train,seaside,1920x1080,none,1165,248.3657,263.8829,66
00_09_30_to_00_10_09,train,seaside,1920x1080,none,1165,263.8829,280.3696,65
00_09_30_to_00_10_09,train,seaside,1920x1080,none,1165,280.3696,297.8864,65
00_09_30_to_00_10_09,train,seaside,1920x1080,none,1165,297.8864,316.4975,43
00_09_30_to_00_10_09,train,seaside,1920x1080,none,1165,316.4975,336.2714,44
00_09_30_to_00_10_09,train,seaside,1920x1080,none,1165,336.2714,357.2808,49
00_09_30_to_00_10_09,train,seaside,1920x1080,none,1165,357.2808,379.6028,46
00_09_30_to_00_10_09,train,seaside,1920x1080,none,1165,379.6028,403.3193,45
00_09_30_to_00_10_09,train,seaside,1920x1080,none,1165,403.3193,428.5177,34
00_09_30_to_00_10_09,train,seaside,1920x1080,none,1165,428.5177,455.2903,39
00_09_30_to_00_10_09,train,seaside,1920x1080,none,1165,455.2903,483.7357,26
00_09_30_to_00_10_09,train,seaside,1920x1080,none,1165,483.7357,513.9582,25
00_09_30_to_00_10_09,train,seaside,1920x1080,none,1165,513.9582,546.069,26
00_09_30_to_00_10_09,train,seaside,1920x1080,none,1165,546.069,580.1859,19
00_09_30_to_00_10_09,train,seaside,1920x1080,none,1165,580.1859,616.4344,18
00_09_30_to_00_10_09,train,seaside,1920x1080,none,1165,616.4344,654.9476,24
00_09_30_to_00_10_09,train,seaside,1920x1080,none,1165,654.9476,695.867,31
00_09_30_to_00_10_09,train,seaside,1920x1080,none,1165,695.867,739.3429,45
00_09_30_to_00_10_09,train,seaside,1920x1080,none,1165,739.3429,785.5351,46
00_09_30_to_00_10_09,train,seaside,1920x1080,none,1165,785.5351,834.6133,26
00_09_30_to_00_10_09,train,seaside,1920x1080,none,1165,834.6133,886.7577,17
00_09_30_to_00_10_09,train,seaside,1920x1080,none,1165,886.7577,942.16,24
00_09_30_to_00_10_09,train,seaside,1920x1080,none,1165,942.16,1001.0237,17
00_09_30_to_00_10_09,train,seaside,1920x1080,none,1165,1001.0237,1063.565,24
00_09_30_to_00_10_09,train,seaside,1920x1080,none,1165,1063.565,1130.0138,16
00_09_30_to_00_10_09,train,seaside,1920x1080,none,1165,1130.0138,1200.6141,10
00_09_30_to_00_10_09,train,seaside,1920x1080,none,1165,1200.6141,1275.6253,19
00_09_30_to_00_10_09,train,seaside,1920x1080,none,1165,1275.6253,1355.323,12
00_09_30_to_00_10_09,train,seaside,1920x1080,none,1165,1355.323,1440.0,11
00_09_30_to_00_10_09,train,seaside,1920x1080,none,1165,1440.0,1529.9674,10
00_09_30_to_00_10_09,train,seaside,1920x1080,none,1165,1529.9674,1625.5557,12
00_09_30_to_00_10_09,train,seaside,1920x1080,none,1165,1625.5557,1727.1162,8
00_09_30_to_00_10_09,train,seaside,1920x1080,none,1165,1727.1162,1835.0219,8
00_09_30_to_00_10_09,train,seaside,1920x1080,none,1165,1835.0219,1949.6692,8
00_09_30_to_00_10_09,train,seaside,1920x1080,none,1165,1949.6692,2071.4794,5
00_09_30_to_00_10_09,train,seaside,1920x1080,none,1165,2071.4794,2200.9,11
00_09_30_to_00_10_09,train,seaside,1920x1080,none,1165,2200.9,2338.4064,8
00_09_30_to_00_10_09,train,seaside,1920x1080,none,1165,2338.4064,2484.5039,3
00_09_30_to_00_10_09,train,seaside,1920x1080,none,1165,2484.5039,2639.7291,7
00_09_30_to_00_10_09,train,seaside,1920x1080,none,1165,2639.7291,2804.6525,7
00_09_30_to_00_10_09,train,seaside,1920x1080,none,1165,2804.6525,2979.8798,31
00_09_30_to_00_10_09,train,seaside,1920x1080,none,1165,2979.8798,3166.0548,28
00_09_30_to_00_10_09,train,seaside,1920x1080,none,1165,3166.0548,3363.8616,23
00_09_30_to_00_10_09,train,seaside,1920x1080,none,1165,3363.8616,3574.0268,27
00_09_30_to_00_10_09,train,seaside,1920x1080,none,1165,3574.0268,3797.3226,13
00_09_30_to_00_10_09,train,seaside,1920x1080,none,1165,3797.3226,4034.5693,13
00_09_30_to_00_10_09,train,seaside,1920x1080,none,1165,4034.5693,4286.6386,5
00_09_30_to_00_10_09,train,seaside,1920x1080,none,1165,4286.6386,4554.4564,7
00_09_30_to_00_10_09,train,seaside,1920x1080,none,1165,4554.4564,4839.0069,13
00_09_30_to_00_10_09,train,seaside,1920x1080,none,1165,4839.0069,5141.3353,8
00_09_30_to_00_10_09,train,seaside,1920x1080,none,1165,5141.3353,5462.5524,32
00_09_30_to_00_10_09,train,seaside,1920x1080,none,1165,5462.5524,5803.8383,33
00_09_30_to_00_10_09,train,seaside,1920x1080,none,1165,5803.8383,6166.4468,18
00_09_30_to_00_10_09,train,seaside,1920x1080,none,1165,6166.4468,6551.7102,22
00_09_30_to_00_10_09,train,seaside,1920x1080,none,1165,6551.7102,6961.0438,12
00_09_30_to_00_10_09,train,seaside,1920x1080,none,1165,6961.0438,7395.9515,16
00_09_30_to_00_10_09,train,seaside,1920x1080,none,1165,7395.9515,7858.031,25
00_09_30_to_00_10_09,train,seaside,1920x1080,none,1165,7858.031,8348.9801,13
00_09_30_to_00_10_09,train,seaside,1920x1080,none,1165,8348.9801,8870.6024,2
00_09_30_to_00_10_09,train,seaside,1920x1080,none,1165,8870.6024,9424.8143,1
00_09_30_to_00_10_09,train,seaside,1920x1080,none,1165,9424.8143,10013.6519,1
00_09_30_to_00_10_09,train,seaside,1920x1080,none,1165,10639.2785,11303.9926,2
00_09_30_to_00_10_09,train,seaside,1920x1080,none,1165,11303.9926,12010.2363,1
00_09_30_to_00_10_09,train,seaside,1920x1080,none,1165,12010.2363,12760.6042,1
00_09_30_to_00_10_09,train,seaside,1920x1080,none,1165,12760.6042,13557.8532,1
00_09_30_to_00_10_09,train,seaside,1920x1080,none,1165,13557.8532,14404.9122,2
00_09_30_to_00_10_09,train,seaside,1920x1080,none,1165,15304.8932,16261.1026,2
00_09_30_to_00_10_09,train,seaside,1920x1080,none,1165,16261.1026,17277.0535,2
00_09_30_to_00_10_09,train,seaside,1920x1080,none,1165,1951665.1031,2073600.0,1
00_10_09_to_00_10_40,train,seaside,1920x1080,none,924,1.0,1.0625,1572476
00_10_09_to_00_10_40,train,seaside,1920x1080,none,924,1.9477,2.0694,340476
00_10_09_to_00_10_40,train,seaside,1920x1080,none,924,2.9768,3.1628,76526
00_10_09_to_00_10_40,train,seaside,1920x1080,none,924,3.7934,4.0304,31883
00_10_09_to_00_10_40,train,seaside,1920x1080,none,924,4.8341,5.1361,12614
00_10_09_to_00_10_40,train,seaside,1920x1080,none,924,5.7979,6.1601,6873
00_10_09_to_00_10_40,train,seaside,1920x1080,none,924,6.9539,7.3884,4038
00_10_09_to_00_10_40,train,seaside,1920x1080,none,924,7.85,8.3404,2775
00_10_09_to_00_10_40,train,seaside,1920x1080,none,924,8.8615,9.4152,1747
00_10_09_to_00_10_40,train,seaside,1920x1080,none,924,9.4152,10.0034,1339
00_10_09_to_00_10_40,train,seaside,1920x1080,none,924,10.6284,11.2924,972
00_10_09_to_00_10_40,train,seaside,1920x1080,none,924,11.998,12.7476,787
00_10_09_to_00_10_40,train,seaside,1920x1080,none,924,12.7476,13.544,640
00_10_09_to_00_10_40,train,seaside,1920x1080,none,924,13.544,14.3902,469
00_10_09_to_00_10_40,train,seaside,1920x1080,none,924,14.3902,15.2892,345
00_10_09_to_00_10_40,train,seaside,1920x1080,none,924,15.2892,16.2445,314
00_10_09_to_00_10_40,train,seaside,1920x1080,none,924,16.2445,17.2594,256
00_10_09_to_00_10_40,train,seaside,1920x1080,none,924,17.2594,18.3377,203
00_10_09_to_00_10_40,train,seaside,1920x1080,none,924,18.3377,19.4834,176
00_10_09_to_00_10_40,train,seaside,1920x1080,none,924,19.4834,20.7007,170
00_10_09_to_00_10_40,train,seaside,1920x1080,none,924,20.7007,21.994,129
00_10_09_to_00_10_40,train,seaside,1920x1080,none,924,21.994,23.3681,230
00_10_09_to_00_10_40,train,seaside,1920x1080,none,924,23.3681,24.8281,79
00_10_09_to_00_10_40,train,seaside,1920x1080,none,924,24.8281,26.3793,165
00_10_09_to_00_10_40,train,seaside,1920x1080,none,924,26.3793,28.0274,136
00_10_09_to_00_10_40,train,seaside,1920x1080,none,924,28.0274,29.7785,66
00_10_09_to_00_10_40,train,seaside,1920x1080,none,924,29.7785,31.639,110
00_10_09_to_00_10_40,train,seaside,1920x1080,none,924,31.639,33.6157,108
00_10_09_to_00_10_40,train,seaside,1920x1080,none,924,33.6157,35.7159,92
00_10_09_to_00_10_40,train,seaside,1920x1080,none,924,35.7159,37.9473,67
00_10_09_to_00_10_40,train,seaside,1920x1080,none,924,37.9473,40.3182,83
00_10_09_to_00_10_40,train,seaside,1920x1080,none,924,40.3182,42.8372,34
00_10_09_to_00_10_40,train,seaside,1920x1080,none,924,42.8372,45.5135,64
00_10_09_to_00_10_40,train,seaside,1920x1080,none,924,45.5135,48.3571,49
00_10_09_to_00_10_40,train,seaside,1920x1080,none,924,48.3571,51.3783,31
00_10_09_to_00_10_40,train,seaside,1920x1080,none,924,51.3783,54.5883,23
00_10_09_to_00_10_40,train,seaside,1920x1080,none,924,54.5883,57.9988,23
00_10_09_to_00_10_40,train,seaside,1920x1080,none,924,57.9988,61.6224,34
00_10_09_to_00_10_40,train,seaside,1920x1080,none,924,61.6224,65.4724,45
00_10_09_to_00_10_40,train,seaside,1920x1080,none,924,65.4724,69.563,52
00_10_09_to_00_10_40,train,seaside,1920x1080,none,924,69.563,73.9091,38
00_10_09_to_00_10_40,train,seaside,1920x1080,none,924,73.9091,78.5267,42
00_10_09_to_00_10_40,train,seaside,1920x1080,none,924,78.5267,83.4329,41
00_10_09_to_00_10_40,train,seaside,1920x1080,none,924,83.4329,88.6455,30
00_10_09_to_00_10_40,train,seaside,1920x1080,none,924,88.6455,94.1839,20
00_10_09_to_00_10_40,train,seaside,1920x1080,none,924,94.1839,100.0682,32
00_10_09_to_00_10_40,train,seaside,1920x1080,none,924,100.0682,106.3202,39
00_10_09_to_00_10_40,train,seaside,1920x1080,none,924,106.3202,112.9628,27
00_10_09_to_00_10_40,train,seaside,1920x1080,none,924,112.9628,120.0205,30
00_10_09_to_00_10_40,train,seaside,1920x1080,none,924,120.0205,127.519,24
00_10_09_to_00_10_40,train,seaside,1920x1080,none,924,127.519,135.4861,17
00_10_09_to_00_10_40,train,seaside,1920x1080,none,924,135.4861,143.9509,10
00_10_09_to_00_10_40,train,seaside,1920x1080,none,924,143.9509,152.9446,12
00_10_09_to_00_10_40,train,seaside,1920x1080,none,924,152.9446,162.5001,16
00_10_09_to_00_10_40,train,seaside,1920x1080,none,924,162.5001,172.6527,4
00_10_09_to_00_10_40,train,seaside,1920x1080,none,924,172.6527,183.4396,5
00_10_09_to_00_10_40,train,seaside,1920x1080,none,924,183.4396,194.9004,11
00_10_09_to_00_10_40,train,seaside,1920x1080,none,924,194.9004,207.0773,13
00_10_09_to_00_10_40,train,seaside,1920x1080,none,924,207.0773,220.0149,10
00_10_09_to_00_10_40,train,seaside,1920x1080,none,924,220.0149,233.7609,10
00_10_09_to_00_10_40,train,seaside,1920x1080,none,924,233.7609,248.3657,11
00_10_09_to_00_10_40,train,seaside,1920x1080,none,924,248.3657,263.8829,7
00_10_09_to_00_10_40,train,seaside,1920x1080,none,924,263.8829,280.3696,7
00_10_09_to_00_10_40,train,seaside,1920x1080,none,924,280.3696,297.8864,15
00_10_09_to_00_10_40,train,seaside,1920x1080,none,924,297.8864,316.4975,16
00_10_09_to_00_10_40,train,seaside,1920x1080,none,924,316.4975,336.2714,15
00_10_09_to_00_10_40,train,seaside,1920x1080,none,924,336.2714,357.2808,10
00_10_09_to_00_10_40,train,seaside,1920x1080,none,924,357.2808,379.6028,11
00_10_09_to_00_10_40,train,seaside,1920x1080,none,924,379.6028,403.3193,3
00_10_09_to_00_10_40,train,seaside,1920x1080,none,924,403.3193,428.5177,7
00_10_09_to_00_10_40,train,seaside,1920x1080,none,924,428.5177,455.2903,3
00_10_09_to_00_10_40,train,seaside,1920x1080,none,924,455.2903,483.7357,4
00_10_09_to_00_10_40,train,seaside,1920x1080,none,924,483.7357,513.9582,8
00_10_09_to_00_10_40,train,seaside,1920x1080,none,924,513.9582,546.069,7
00_10_09_to_00_10_40,train,seaside,1920x1080,none,924,546.069,580.1859,6
00_10_09_to_00_10_40,train,seaside,1920x1080,none,924,580.1859,616.4344,4
00_10_09_to_00_10_40,train,seaside,1920x1080,none,924,616.4344,654.9476,4
00_10_09_to_00_10_40,train,seaside,1920x1080,none,924,654.9476,695.867,4
00_10_09_to_00_10_40,train,seaside,1920x1080,none,924,695.867,739.3429,5
00_10_09_to_00_10_40,train,seaside,1920x1080,none,924,739.3429,785.5351,4
00_10_09_to_00_10_40,train,seaside,1920x1080,none,924,785.5351,834.6133,5
00_10_09_to_00_10_40,train,seaside,1920x1080,none,924,834.6133,886.7577,4
00_10_09_to_00_10_40,train,seaside,1920x1080,none,924,886.7577,942.16,4
00_10_09_to_00_10_40,train,seaside,1920x1080,none,924,942.16,1001.0237,5
00_10_09_to_00_10_40,train,seaside,1920x1080,none,924,1001.0237,1063.565,4
00_10_09_to_00_10_40,train,seaside,1920x1080,none,924,1063.565,1130.0138,3
00_10_09_to_00_10_40,train,seaside,1920x1080,none,924,1130.0138,1200.6141,3
00_10_09_to_00_10_40,train,seaside,1920x1080,none,924,1200.6141,1275.6253,3
00_10_09_to_00_10_40,train,seaside,1920x1080,none,924,1275.6253,1355.323,1
00_10_09_to_00_10_40,train,seaside,1920x1080,none,924,1355.323,1440.0,4
00_10_09_to_00_10_40,train,seaside,1920x1080,none,924,1440.0,1529.9674,2
00_10_09_to_00_10_40,train,seaside,1920x1080,none,924,1529.9674,1625.5557,3
00_10_09_to_00_10_40,train,seaside,1920x1080,none,924,1625.5557,1727.1162,1
00_10_09_to_00_10_40,train,seaside,1920x1080,none,924,1727.1162,1835.0219,2
00_10_09_to_00_10_40,train,seaside,1920x1080,none,924,1835.0219,1949.6692,1
00_10_09_to_00_10_40,train,seaside,1920x1080,none,924,1949.6692,2071.4794,4
00_10_09_to_00_10_40,train,seaside,1920x1080,none,924,2071.4794,2200.9,2
00_10_09_to_00_10_40,train,seaside,1920x1080,none,924,2200.9,2338.4064,2
00_10_09_to_00_10_40,train,seaside,1920x1080,none,924,2338.4064,2484.5039,5
00_10_09_to_00_10_40,train,seaside,1920x1080,none,924,2484.5039,2639.7291,3
00_10_09_to_00_10_40,train,seaside,1920x1080,none,924,2639.7291,2804.6525,1
00_10_09_to_00_10_40,train,seaside,1920x1080,none,924,2979.8798,3166.0548,1
00_10_09_to_00_10_40,train,seaside,1920x1080,none,924,3363.8616,3574.0268,1
00_10_09_to_00_10_40,train,seaside,1920x1080,none,924,4034.5693,4286.6386,1
00_10_09_to_00_10_40,train,seaside,1920x1080,none,924,4286.6386,4554.4564,1
00_10_09_to_00_10_40,train,seaside,1920x1080,none,924,4554.4564,4839.0069,1
00_10_09_to_00_10_40,train,seaside,1920x1080,none,924,4839.0069,5141.3353,1
00_10_09_to_00_10_40,train,seaside,1920x1080,none,924,5141.3353,5462.5524,2
00_10_09_to_00_10_40,train,seaside,1920x1080,none,924,5803.8383,6166.4468,2
00_10_09_to_00_10_40,train,seaside,1920x1080,none,924,6166.4468,6551.7102,2
00_10_09_to_00_10_40,train,seaside,1920x1080,none,924,6551.7102,6961.0438,2
00_10_09_to_00_10_40,train,seaside,1920x1080,none,924,7395.9515,7858.031,3
00_10_09_to_00_10_40,train,seaside,1920x1080,none,924,8348.9801,8870.6024,2
00_10_09_to_00_10_40,train,seaside,1920x1080,none,924,8870.6024,9424.8143,1
00_10_09_to_00_10_40,train,seaside,1920x1080,none,924,9424.8143,10013.6519,2
00_10_09_to_00_10_40,train,seaside,1920x1080,none,924,10013.6519,10639.2785,1
00_10_09_to_00_10_40,train,seaside,1920x1080,none,924,10639.2785,11303.9926,1
00_10_09_to_00_10_40,train,seaside,1920x1080,none,924,11303.9926,12010.2363,3
00_10_09_to_00_10_40,train,seaside,1920x1080,none,924,12760.6042,13557.8532,5
00_10_09_to_00_10_40,train,seaside,1920x1080,none,924,13557.8532,14404.9122,16
00_10_09_to_00_10_40,train,seaside,1920x1080,none,924,14404.9122,15304.8932,14
00_10_09_to_00_10_40,train,seaside,1920x1080,none,924,15304.8932,16261.1026,17
00_10_09_to_00_10_40,train,seaside,1920x1080,none,924,16261.1026,17277.0535,14
00_10_09_to_00_10_40,train,seaside,1920x1080,none,924,17277.0535,18356.4783,14
00_10_09_to_00_10_40,train,seaside,1920x1080,none,924,18356.4783,19503.3427,3
00_10_09_to_00_10_40,train,seaside,1920x1080,none,924,19503.3427,20721.8602,4
00_10_09_to_00_10_40,train,seaside,1920x1080,none,924,20721.8602,22016.5075,3
00_10_09_to_00_10_40,train,seaside,1920x1080,none,924,22016.5075,23392.0409,2
00_10_09_to_00_10_40,train,seaside,1920x1080,none,924,23392.0409,24853.514,2
00_10_09_to_00_10_40,train,seaside,1920x1080,none,924,24853.514,26406.2961,3
00_10_09_to_00_10_40,train,seaside,1920x1080,none,924,26406.2961,28056.092,6
00_10_09_to_00_10_40,train,seaside,1920x1080,none,924,28056.092,29808.9627,3
00_10_09_to_00_10_40,train,seaside,1920x1080,none,924,29808.9627,31671.3482,6
00_10_09_to_00_10_40,train,seaside,1920x1080,none,924,31671.3482,33650.0907,5
00_10_09_to_00_10_40,train,seaside,1920x1080,none,924,33650.0907,35752.4597,3
00_10_09_to_00_10_40,train,seaside,1920x1080,none,924,1951665.1031,2073600.0,1
2019_09_02_C0002_2527_inspire,train,industrial,3840x2160,none,502,1.0,1.0686,17127459
2019_09_02_C0002_2527_inspire,train,industrial,3840x2160,none,502,1.9421,2.0754,4964554
2019_09_02_C0002_2527_inspire,train,industrial,3840x2160,none,502,2.8924,3.0909,2043442
2019_09_02_C0002_2527_inspire,train,industrial,3840x2160,none,502,3.7719,4.0308,1123675
2019_09_02_C0002_2527_inspire,train,industrial,3840x2160,none,502,4.919,5.2566,675650
2019_09_02_C0002_2527_inspire,train,industrial,3840x2160,none,502,5.6174,6.0029,453357
2019_09_02_C0002_2527_inspire,train,industrial,3840x2160,none,502,6.8552,7.3257,320338
2019_09_02_C0002_2527_inspire,train,industrial,3840x2160,none,502,7.8285,8.3657,240423
2019_09_02_C0002_2527_inspire,train,industrial,3840x2160,none,502,8.9399,9.5535,183545
2019_09_02_C0002_2527_inspire,train,industrial,3840x2160,none,502,9.5535,10.2091,145005
2019_09_02_C0002_2527_inspire,train,industrial,3840x2160,none,502,10.9098,11.6586,116849
2019_09_02_C0002_2527_inspire,train,industrial,3840x2160,none,502,11.6586,12.4587,96405
2019_09_02_C0002_2527_inspire,train,industrial,3840x2160,none,502,12.4587,13.3138,80666
2019_09_02_C0002_2527_inspire,train,industrial,3840x2160,none,502,13.3138,14.2276,68506
2019_09_02_C0002_2527_inspire,train,industrial,3840x2160,none,502,14.2276,15.204,58363
2019_09_02_C0002_2527_inspire,train,industrial,3840x2160,none,502,15.204,16.2475,50692
2019_09_02_C0002_2527_inspire,train,industrial,3840x2160,none,502,16.2475,17.3626,44187
2019_09_02_C0002_2527_inspire,train,industrial,3840x2160,none,502,17.3626,18.5543,38467
2019_09_02_C0002_2527_inspire,train,industrial,3840x2160,none,502,18.5543,19.8277,34357
2019_09_02_C0002_2527_inspire,train,industrial,3840x2160,none,502,19.8277,21.1885,58242
2019_09_02_C0002_2527_inspire,train,industrial,3840x2160,none,502,21.1885,22.6427,24897
2019_09_02_C0002_2527_inspire,train,industrial,3840x2160,none,502,22.6427,24.1967,42599
2019_09_02_C0002_2527_inspire,train,industrial,3840x2160,none,502,24.1967,25.8574,18613
2019_09_02_C0002_2527_inspire,train,industrial,3840x2160,none,502,25.8574,27.6321,32590
2019_09_02_C0002_2527_inspire,train,industrial,3840x2160,none,502,27.6321,29.5285,27534
2019_09_02_C0002_2527_inspire,train,industrial,3840x2160,none,502,29.5285,31.5551,23879
2019_09_02_C0002_2527_inspire,train,industrial,3840x2160,none,502,31.5551,33.7208,20242
2019_09_02_C0002_2527_inspire,train,industrial,3840x2160,none,502,33.7208,36.0352,25151
2019_09_02_C0002_2527_inspire,train,industrial,3840x2160,none,502,36.0352,38.5083,14462
2019_09_02_C0002_2527_inspire,train,industrial,3840x2160,none,502,38.5083,41.1513,18847
2019_09_02_C0002_2527_inspire,train,industrial,3840x2160,none,502,41.1513,43.9756,10949
2019_09_02_C0002_2527_inspire,train,industrial,3840x2160,none,502,43.9756,46.9937,14657
2019_09_02_C0002_2527_inspire,train,industrial,3840x2160,none,502,46.9937,50.219,16027
2019_09_02_C0002_2527_inspire,train,industrial,3840x2160,none,502,50.219,53.6656,10361
2019_09_02_C0002_2527_inspire,train,industrial,3840x2160,none,502,53.6656,57.3488,11728
2019_09_02_C0002_2527_inspire,train,industrial,3840x2160,none,502,57.3488,61.2848,10084
2019_09_02_C0002_2527_inspire,train,industrial,3840x2160,none,502,61.2848,65.4909,8748
2019_09_02_C0002_2527_inspire,train,industrial,3840x2160,none,502,65.4909,69.9857,7669
2019_09_02_C0002_2527_inspire,train,industrial,3840x2160,none,502,69.9857,74.789,8011
2019_09_02_C0002_2527_inspire,train,industrial,3840x2160,none,502,74.789,79.9219,7045
2019_09_02_C0002_2527_inspire,train,industrial,3840x2160,none,502,79.9219,85.4071,7015
2019_09_02_C0002_2527_inspire,train,industrial,3840x2160,none,502,85.4071,91.2688,5947
2019_09_02_C0002_2527_inspire,train,industrial,3840x2160,none,502,91.2688,97.5328,5213
2019_09_02_C0002_2527_inspire,train,industrial,3840x2160,none,502,97.5328,104.2267,5118
2019_09_02_C0002_2527_inspire,train,industrial,3840x2160,none,502,104.2267,111.38,4484
2019_09_02_C0002_2527_inspire,train,industrial,3840x2160,none,502,111.38,119.0243,4244
2019_09_02_C0002_2527_inspire,train,industrial,3840x2160,none,502,119.0243,127.1932,3694
2019_09_02_C0002_2527_inspire,train,industrial,3840x2160,none,502,127.1932,135.9227,3253
2019_09_02_C0002_2527_inspire,train,industrial,3840x2160,none,502,135.9227,145.2514,3485
2019_09_02_C0002_2527_inspire,train,industrial,3840x2160,none,502,145.2514,155.2203,2990
2019_09_02_C0002_2527_inspire,train,industrial,3840x2160,none,502,155.2203,165.8734,2604
2019_09_02_C0002_2527_inspire,train,industrial,3840x2160,none,502,165.8734,177.2577,2668
2019_09_02_C0002_2527_inspire,train,industrial,3840x2160,none,502,177.2577,189.4233,2316
2019_09_02_C0002_2527_inspire,train,industrial,3840x2160,none,502,189.4233,202.4238,2129
2019_09_02_C0002_2527_inspire,train,industrial,3840x2160,none,502,202.4238,216.3166,1959
2019_09_02_C0002_2527_inspire,train,industrial,3840x2160,none,502,216.3166,231.1629,1812
2019_09_02_C0002_2527_inspire,train,industrial,3840x2160,none,502,231.1629,247.0282,1704
2019_09_02_C0002_2527_inspire,train,industrial,3840x2160,none,502,247.0282,263.9823,1409
2019_09_02_C0002_2527_inspire,train,industrial,3840x2160,none,502,263.9823,282.1,1511
2019_09_02_C0002_2527_inspire,train,industrial,3840x2160,none,502,282.1,301.4611,1211
2019_09_02_C0002_2527_inspire,train,industrial,3840x2160,none,502,301.4611,322.1511,1226
2019_09_02_C0002_2527_inspire,train,industrial,3840x2160,none,502,322.1511,344.261,1134
2019_09_02_C0002_2527_inspire,train,industrial,3840x2160,none,502,344.261,367.8884,1121
2019_09_02_C0002_2527_inspire,train,industrial,3840x2160,none,502,367.8884,393.1374,979
2019_09_02_C0002_2527_inspire,train,industrial,3840x2160,none,502,393.1374,420.1193,922
2019_09_02_C0002_2527_inspire,train,industrial,3840x2160,none,502,420.1193,448.953,795
2019_09_02_C0002_2527_inspire,train,industrial,3840x2160,none,502,448.953,479.7657,796
2019_09_02_C0002_2527_inspire,train,industrial,3840x2160,none,502,479.7657,512.6931,700
2019_09_02_C0002_2527_inspire,train,industrial,3840x2160,none,502,512.6931,547.8803,654
2019_09_02_C0002_2527_inspire,train,industrial,3840x2160,none,502,547.8803,585.4826,627
2019_09_02_C0002_2527_inspire,train,industrial,3840x2160,none,502,585.4826,625.6656,627
2019_09_02_C0002_2527_inspire,train,industrial,3840x2160,none,502,625.6656,668.6064,517
2019_09_02_C0002_2527_inspire,train,industrial,3840x2160,none,502,668.6064,714.4944,537
2019_09_02_C0002_2527_inspire,train,industrial,3840x2160,none,502,714.4944,763.5317,475
2019_09_02_C0002_2527_inspire,train,industrial,3840x2160,none,502,763.5317,815.9346,415
2019_09_02_C0002_2527_inspire,train,industrial,3840x2160,none,502,815.9346,871.934,380
2019_09_02_C0002_2527_inspire,train,industrial,3840x2160,none,502,871.934,931.7768,353
2019_09_02_C0002_2527_inspire,train,industrial,3840x2160,none,502,931.7768,995.7267,343
2019_09_02_C0002_2527_inspire,train,industrial,3840x2160,none,502,995.7267,1064.0657,327
2019_09_02_C0002_2527_inspire,train,industrial,3840x2160,none,502,1064.0657,1137.0949,267
2019_09_02_C0002_2527_inspire,train,industrial,3840x2160,none,502,1137.0949,1215.1362,243
2019_09_02_C0002_2527_inspire,train,industrial,3840x2160,none,502,1215.1362,1298.5337,231
2019_09_02_C0002_2527_inspire,train,industrial,3840x2160,none,502,1298.5337,1387.655,195
2019_09_02_C0002_2527_inspire,train,industrial,3840x2160,none,502,1387.655,1482.8929,194
2019_09_02_C0002_2527_inspire,train,industrial,3840x2160,none,502,1482.8929,1584.6671,154
2019_09_02_C0002_2527_inspire,train,industrial,3840x2160,none,502,1584.6671,1693.4264,127
2019_09_02_C0002_2527_inspire,train,industrial,3840x2160,none,502,1693.4264,1809.65,134
2019_09_02_C0002_2527_inspire,train,industrial,3840x2160,none,502,1809.65,1933.8503,108
2019_09_02_C0002_2527_inspire,train,industrial,3840x2160,none,502,1933.8503,2066.5748,103
2019_09_02_C0002_2527_inspire,train,industrial,3840x2160,none,502,2066.5748,2208.4085,161
2019_09_02_C0002_2527_inspire,train,industrial,3840x2160,none,502,2208.4085,2359.9765,106
2019_09_02_C0002_2527_inspire,train,industrial,3840x2160,none,502,2359.9765,2521.9469,87
2019_09_02_C0002_2527_inspire,train,industrial,3840x2160,none,502,2521.9469,2695.0338,93
2019_09_02_C0002_2527_inspire,train,industrial,3840x2160,none,502,2695.0338,2880.0,87
2019_09_02_C0002_2527_inspire,train,industrial,3840x2160,none,502,2880.0,3077.6608,80
2019_09_02_C0002_2527_inspire,train,industrial,3840x2160,none,502,3077.6608,3288.8876,51
2019_09_02_C0002_2527_inspire,train,industrial,3840x2160,none,502,3288.8876,3514.6113,56
2019_09_02_C0002_2527_inspire,train,industrial,3840x2160,none,502,3514.6113,3755.8269,42
2019_09_02_C0002_2527_inspire,train,industrial,3840x2160,none,502,3755.8269,4013.5977,65
2019_09_02_C0002_2527_inspire,train,industrial,3840x2160,none,502,4013.5977,4289.0599,58
2019_09_02_C0002_2527_inspire,train,industrial,3840x2160,none,502,4289.0599,4583.4277,52
2019_09_02_C0002_2527_inspire,train,industrial,3840x2160,none,502,4583.4277,4897.9986,47
2019_09_02_C0002_2527_inspire,train,industrial,3840x2160,none,502,4897.9986,5234.1592,31
2019_09_02_C0002_2527_inspire,train,industrial,3840x2160,none,502,5234.1592,5593.3912,40
2019_09_02_C0002_2527_inspire,train,industrial,3840x2160,none,502,5593.3912,5977.2781,39
2019_09_02_C0002_2527_inspire,train,industrial,3840x2160,none,502,5977.2781,6387.5121,27
2019_09_02_C0002_2527_inspire,train,industrial,3840x2160,none,502,6387.5121,6825.9013,22
2019_09_02_C0002_2527_inspire,train,industrial,3840x2160,none,502,6825.9013,7294.3782,17
2019_09_02_C0002_2527_inspire,train,industrial,3840x2160,none,502,7294.3782,7795.0077,17
2019_09_02_C0002_2527_inspire,train,industrial,3840x2160,none,502,7795.0077,8329.9965,22
2019_09_02_C0002_2527_inspire,train,industrial,3840x2160,none,502,8329.9965,8901.7028,20
2019_09_02_C0002_2527_inspire,train,industrial,3840x2160,none,502,8901.7028,9512.6466,34
2019_09_02_C0002_2527_inspire,train,industrial,3840x2160,none,502,9512.6466,10165.5208,20
2019_09_02_C0002_2527_inspire,train,industrial,3840x2160,none,502,10165.5208,10863.2032,21
2019_09_02_C0002_2527_inspire,train,industrial,3840x2160,none,502,10863.2032,11608.7691,11
2019_09_02_C0002_2527_inspire,train,industrial,3840x2160,none,502,11608.7691,12405.5049,12
2019_09_02_C0002_2527_inspire,train,industrial,3840x2160,none,502,12405.5049,13256.9224,18
2019_09_02_C0002_2527_inspire,train,industrial,3840x2160,none,502,13256.9224,14166.7746,12
2019_09_02_C0002_2527_inspire,train,industrial,3840x2160,none,502,14166.7746,15139.0721,8
2019_09_02_C0002_2527_inspire,train,industrial,3840x2160,none,502,15139.0721,16178.1004,17
2019_09_02_C0002_2527_inspire,train,industrial,3840x2160,none,502,16178.1004,17288.4396,21
2019_09_02_C0002_2527_inspire,train,industrial,3840x2160,none,502,17288.4396,18474.9839,22
2019_09_02_C0002_2527_inspire,train,industrial,3840x2160,none,502,18474.9839,19742.9633,26
2019_09_02_C0002_2527_inspire,train,industrial,3840x2160,none,502,19742.9633,21097.967,15
2019_09_02_C0002_2527_inspire,train,industrial,3840x2160,none,502,21097.967,22545.9677,22
2019_09_02_C0002_2527_inspire,train,industrial,3840x2160,none,502,22545.9677,24093.3479,10
2019_09_02_C0002_2527_inspire,train,industrial,3840x2160,none,502,24093.3479,25746.9282,5
2019_09_02_C0002_2527_inspire,train,industrial,3840x2160,none,502,25746.9282,27513.9974,3
2019_09_02_C0002_2527_inspire,train,industrial,3840x2160,none,502,27513.9974,29402.3446,6
2019_09_02_C0002_2527_inspire,train,industrial,3840x2160,none,502,29402.3446,31420.2933,3
2019_09_02_C0002_2527_inspire,train,industrial,3840x2160,none,502,31420.2933,33576.7382,2
2019_09_02_C0002_2527_inspire,train,industrial,3840x2160,none,502,33576.7382,35881.1848,1
2019_09_02_C0002_2527_inspire,train,industrial,3840x2160,none,502,35881.1848,38343.7908,2
2019_09_02_C0002_2527_inspire,train,industrial,3840x2160,none,502,38343.7908,40975.4109,3
2019_09_02_C0002_2527_inspire,train,industrial,3840x2160,none,502,40975.4109,43787.6449,7
2019_09_02_C0002_2527_inspire,train,industrial,3840x2160,none,502,43787.6449,46792.8889,10
2019_09_02_C0002_2527_inspire,train,industrial,3840x2160,none,502,46792.8889,50004.3895,12
2019_09_02_C0002_2527_inspire,train,industrial,3840x2160,none,502,50004.3895,53436.3025,3
2019_09_02_C0002_2527_inspire,train,industrial,3840x2160,none,502,53436.3025,57103.7554,5
2019_09_02_C0002_2527_inspire,train,industrial,3840x2160,none,502,57103.7554,61022.9138,5
2019_09_02_C0002_2527_inspire,train,industrial,3840x2160,none,502,61022.9138,65211.0529,6
2019_09_02_C0002_2527_inspire,train,industrial,3840x2160,none,502,65211.0529,69686.6332,12
2019_09_02_C0002_2527_inspire,train,industrial,3840x2160,none,502,69686.6332,74469.3827,5
2019_09_02_C0002_2527_inspire,train,industrial,3840x2160,none,502,74469.3827,79580.3829,1
2019_09_02_C0002_2527_inspire,train,industrial,3840x2160,none,502,79580.3829,85042.1625,5
2019_09_02_C0002_2527_inspire,train,industrial,3840x2160,none,502,85042.1625,90878.7962,1
2019_09_02_C0002_2527_inspire,train,industrial,3840x2160,none,502,90878.7962,97116.0112,4
2019_09_02_C0002_2527_inspire,train,industrial,3840x2160,none,502,97116.0112,103781.3002,4
2019_09_02_C0002_2527_inspire,train,industrial,3840x2160,none,502,103781.3002,110904.0428,3
2019_09_02_C0002_2527_inspire,train,industrial,3840x2160,none,502,110904.0428,118515.6353,2
2019_09_02_C0002_2527_inspire,train,industrial,3840x2160,none,502,118515.6353,126649.6283,2
2019_09_02_C0002_2527_inspire,train,industrial,3840x2160,none,502,126649.6283,135341.8754,3
2019_09_02_C0002_2527_inspire,train,industrial,3840x2160,none,502,135341.8754,144630.6909,1
2019_09_02_C0002_2527_inspire,train,industrial,3840x2160,none,502,144630.6909,154557.0186,1
2019_09_02_C0002_2527_inspire,train,industrial,3840x2160,none,502,165164.6123,176500.229,1
2019_09_02_C0002_2527_inspire,train,industrial,3840x2160,none,502,176500.229,188613.8343,2
2019_09_02_C0002_2527_inspire,train,industrial,3840x2160,none,502,201558.8234,215392.2561,2
2019_09_02_C0002_2527_inspire,train,industrial,3840x2160,none,502,215392.2561,230175.1082,2
2019_09_02_C0002_2527_inspire,train,industrial,3840x2160,none,502,230175.1082,245972.5405,5
2019_09_02_C0002_2527_inspire,train,industrial,3840x2160,none,502,262854.1859,280894.4564,4
2019_09_02_C0002_2527_inspire,train,industrial,3840x2160,none,502,280894.4564,300172.8709,4
2019_09_02_C0002_2527_inspire,train,industrial,3840x2160,none,502,300172.8709,320774.4062,7
2019_09_02_C0002_2527_inspire,train,industrial,3840x2160,none,502,320774.4062,342789.8709,3
2019_09_02_C0002_2527_inspire,train,industrial,3840x2160,none,502,342789.8709,366316.3061,3
2019_09_02_C0002_2527_inspire,train,industrial,3840x2160,none,502,366316.3061,391457.4132,5
2019_09_02_C0002_2527_inspire,train,industrial,3840x2160,none,502,391457.4132,418324.0107,9
2019_09_02_C0002_2527_inspire,train,industrial,3840x2160,none,502,418324.0107,447034.5228,8
2019_09_02_C0002_2527_inspire,train,industrial,3840x2160,none,502,447034.5228,477715.5015,3
2019_09_02_C0002_2527_inspire,train,industrial,3840x2160,none,502,7761697.357,8294400.0,1
2019_09_02_C0002_3700_mavic,train,industrial,3840x2160,none,928,1.0,1.0686,21076914
2019_09_02_C0002_3700_mavic,train,industrial,3840x2160,none,928,1.9421,2.0754,5296292
2019_09_02_C0002_3700_mavic,train,industrial,3840x2160,none,928,2.8924,3.0909,2118188
2019_09_02_C0002_3700_mavic,train,industrial,3840x2160,none,928,3.7719,4.0308,1209736
2019_09_02_C0002_3700_mavic,train,industrial,3840x2160,none,928,4.919,5.2566,768479
2019_09_02_C0002_3700_mavic,train,industrial,3840x2160,none,928,5.6174,6.0029,537898
2019_09_02_C0002_3700_mavic,train,industrial,3840x2160,none,928,6.8552,7.3257,395756
2019_09_02_C0002_3700_mavic,train,industrial,3840x2160,none,928,7.8285,8.3657,305266
2019_09_02_C0002_3700_mavic,train,industrial,3840x2160,none,928,8.9399,9.5535,236895
2019_09_02_C0002_3700_mavic,train,industrial,3840x2160,none,928,9.5535,10.2091,192063
2019_09_02_C0002_3700_mavic,train,industrial,3840x2160,none,928,10.9098,11.6586,156663
2019_09_02_C0002_3700_mavic,train,industrial,3840x2160,none,928,11.6586,12.4587,130819
2019_09_02_C0002_3700_mavic,train,industrial,3840x2160,none,928,12.4587,13.3138,109478
2019_09_02_C0002_3700_mavic,train,industrial,3840x2160,none,928,13.3138,14.2276,93468
2019_09_02_C0002_3700_mavic,train,industrial,3840x2160,none,928,14.2276,15.204,80377
2019_09_02_C0002_3700_mavic,train,industrial,3840x2160,none,928,15.204,16.2475,70600
2019_09_02_C0002_3700_mavic,train,industrial,3840x2160,none,928,16.2475,17.3626,61204
2019_09_02_C0002_3700_mavic,train,industrial,3840x2160,none,928,17.3626,18.5543,54517
2019_09_02_C0002_3700_mavic,train,industrial,3840x2160,none,928,18.5543,19.8277,47822
2019_09_02_C0002_3700_mavic,train,industrial,3840x2160,none,928,19.8277,21.1885,81284
2019_09_02_C0002_3700_mavic,train,industrial,3840x2160,none,928,21.1885,22.6427,34527
2019_09_02_C0002_3700_mavic,train,industrial,3840x2160,none,928,22.6427,24.1967,58616
2019_09_02_C0002_3700_mavic,train,industrial,3840x2160,none,928,24.1967,25.8574,25599
2019_09_02_C0002_3700_mavic,train,industrial,3840x2160,none,928,25.8574,27.6321,44297
2019_09_02_C0002_3700_mavic,train,industrial,3840x2160,none,928,27.6321,29.5285,37427
2019_09_02_C0002_3700_mavic,train,industrial,3840x2160,none,928,29.5285,31.5551,32227
2019_09_02_C0002_3700_mavic,train,industrial,3840x2160,none,928,31.5551,33.7208,27912
2019_09_02_C0002_3700_mavic,train,industrial,3840x2160,none,928,33.7208,36.0352,35098
2019_09_02_C0002_3700_mavic,train,industrial,3840x2160,none,928,36.0352,38.5083,19723
2019_09_02_C0002_3700_mavic,train,industrial,3840x2160,none,928,38.5083,41.1513,25835
2019_09_02_C0002_3700_mavic,train,industrial,3840x2160,none,928,41.1513,43.9756,14996
2019_09_02_C0002_3700_mavic,train,industrial,3840x2160,none,928,43.9756,46.9937,19246
2019_09_02_C0002_3700_mavic,train,industrial,3840x2160,none,928,46.9937,50.219,21784
2019_09_02_C0002_3700_mavic,train,industrial,3840x2160,none,928,50.219,53.6656,13706
2019_09_02_C0002_3700_mavic,train,industrial,3840x2160,none,928,53.6656,57.3488,15679
2019_09_02_C0002_3700_mavic,train,industrial,3840x2160,none,928,57.3488,61.2848,13133
2019_09_02_C0002_3700_mavic,train,industrial,3840x2160,none,928,61.2848,65.4909,11360
2019_09_02_C0002_3700_mavic,train,industrial,3840x2160,none,928,65.4909,69.9857,9892
2019_09_02_C0002_3700_mavic,train,industrial,3840x2160,none,928,69.9857,74.789,10720
2019_09_02_C0002_3700_mavic,train,industrial,3840x2160,none,928,74.789,79.9219,9025
2019_09_02_C0002_3700_mavic,train,industrial,3840x2160,none,928,79.9219,85.4071,9095
2019_09_02_C0002_3700_mavic,train,industrial,3840x2160,none,928,85.4071,91.2688,7652
2019_09_02_C0002_3700_mavic,train,industrial,3840x2160,none,928,91.2688,97.5328,6664
2019_09_02_C0002_3700_mavic,train,industrial,3840x2160,none,928,97.5328,104.2267,6548
2019_09_02_C0002_3700_mavic,train,industrial,3840x2160,none,928,104.2267,111.38,5617
2019_09_02_C0002_3700_mavic,train,industrial,3840x2160,none,928,111.38,119.0243,5509
2019_09_02_C0002_3700_mavic,train,industrial,3840x2160,none,928,119.0243,127.1932,4455
2019_09_02_C0002_3700_mavic,train,industrial,3840x2160,none,928,127.1932,135.9227,3922
2019_09_02_C0002_3700_mavic,train,industrial,3840x2160,none,928,135.9227,145.2514,4213
2019_09_02_C0002_3700_mavic,train,industrial,3840x2160,none,928,145.2514,155.2203,3651
2019_09_02_C0002_3700_mavic,train,industrial,3840x2160,none,928,155.2203,165.8734,3022
2019_09_02_C0002_3700_mavic,train,industrial,3840x2160,none,928,165.8734,177.2577,3192
2019_09_02_C0002_3700_mavic,train,industrial,3840x2160,none,928,177.2577,189.4233,2806
2019_09_02_C0002_3700_mavic,train,industrial,3840x2160,none,928,189.4233,202.4238,2683
2019_09_02_C0002_3700_mavic,train,industrial,3840x2160,none,928,202.4238,216.3166,2445
2019_09_02_C0002_3700_mavic,train,industrial,3840x2160,none,928,216.3166,231.1629,2257
2019_09_02_C0002_3700_mavic,train,industrial,3840x2160,none,928,231.1629,247.0282,2117
2019_09_02_C0002_3700_mavic,train,industrial,3840x2160,none,928,247.0282,263.9823,1862
2019_09_02_C0002_3700_mavic,train,industrial,3840x2160,none,928,263.9823,282.1,1931
2019_09_02_C0002_3700_mavic,train,industrial,3840x2160,none,928,282.1,301.4611,1601
2019_09_02_C0002_3700_mavic,train,industrial,3840x2160,none,928,301.4611,322.1511,1497
2019_09_02_C0002_3700_mavic,train,industrial,3840x2160,none,928,322.1511,344.261,1380
2019_09_02_C0002_3700_mavic,train,industrial,3840x2160,none,928,344.261,367.8884,1218
2019_09_02_C0002_3700_mavic,train,industrial,3840x2160,none,928,367.8884,393.1374,1254
2019_09_02_C0002_3700_mavic,train,industrial,3840x2160,none,928,393.1374,420.1193,1061
2019_09_02_C0002_3700_mavic,train,industrial,3840x2160,none,928,420.1193,448.953,955
2019_09_02_C0002_3700_mavic,train,industrial,3840x2160,none,928,448.953,479.7657,992
2019_09_02_C0002_3700_mavic,train,industrial,3840x2160,none,928,479.7657,512.6931,886
2019_09_02_C0002_3700_mavic,train,industrial,3840x2160,none,928,512.6931,547.8803,753
2019_09_02_C0002_3700_mavic,train,industrial,3840x2160,none,928,547.8803,585.4826,768
2019_09_02_C0002_3700_mavic,train,industrial,3840x2160,none,928,585.4826,625.6656,788
2019_09_02_C0002_3700_mavic,train,industrial,3840x2160,none,928,625.6656,668.6064,659
2019_09_02_C0002_3700_mavic,train,industrial,3840x2160,none,928,668.6064,714.4944,569
2019_09_02_C0002_3700_mavic,train,industrial,3840x2160,none,928,714.4944,763.5317,538
2019_09_02_C0002_3700_mavic,train,industrial,3840x2160,none,928,763.5317,815.9346,457
2019_09_02_C0002_3700_mavic,train,industrial,3840x2160,none,928,815.9346,871.934,378
2019_09_02_C0002_3700_mavic,train,industrial,3840x2160,none,928,871.934,931.7768,306
2019_09_02_C0002_3700_mavic,train,industrial,3840x2160,none,928,931.7768,995.7267,322
2019_09_02_C0002_3700_mavic,train,industrial,3840x2160,none,928,995.7267,1064.0657,277
2019_09_02_C0002_3700_mavic,train,industrial,3840x2160,none,928,1064.0657,1137.0949,269
2019_09_02_C0002_3700_mavic,train,industrial,3840x2160,none,928,1137.0949,1215.1362,226
2019_09_02_C0002_3700_mavic,train,industrial,3840x2160,none,928,1215.1362,1298.5337,156
2019_09_02_C0002_3700_mavic,train,industrial,3840x2160,none,928,1298.5337,1387.655,169
2019_09_02_C0002_3700_mavic,train,industrial,3840x2160,none,928,1387.655,1482.8929,173
2019_09_02_C0002_3700_mavic,train,industrial,3840x2160,none,928,1482.8929,1584.6671,154
2019_09_02_C0002_3700_mavic,train,industrial,3840x2160,none,928,1584.6671,1693.4264,128
2019_09_02_C0002_3700_mavic,train,industrial,3840x2160,none,928,1693.4264,1809.65,130
2019_09_02_C0002_3700_mavic,train,industrial,3840x2160,none,928,1809.65,1933.8503,118
2019_09_02_C0002_3700_mavic,train,industrial,3840x2160,none,928,1933.8503,2066.5748,122
2019_09_02_C0002_3700_mavic,train,industrial,3840x2160,none,928,2066.5748,2208.4085,137
2019_09_02_C0002_3700_mavic,train,industrial,3840x2160,none,928,2208.4085,2359.9765,93
2019_09_02_C0002_3700_mavic,train,industrial,3840x2160,none,928,2359.9765,2521.9469,87
2019_09_02_C0002_3700_mavic,train,industrial,3840x2160,none,928,2521.9469,2695.0338,91
2019_09_02_C0002_3700_mavic,train,industrial,3840x2160,none,928,2695.0338,2880.0,132
2019_09_02_C0002_3700_mavic,train,industrial,3840x2160,none,928,2880.0,3077.6608,158
2019_09_02_C0002_3700_mavic,train,industrial,3840x2160,none,928,3077.6608,3288.8876,124
2019_09_02_C0002_3700_mavic,train,industrial,3840x2160,none,928,3288.8876,3514.6113,128
2019_09_02_C0002_3700_mavic,train,industrial,3840x2160,none,928,3514.6113,3755.8269,160
2019_09_02_C0002_3700_mavic,train,industrial,3840x2160,none,928,3755.8269,4013.5977,77
2019_09_02_C0002_3700_mavic,train,industrial,3840x2160,none,928,4013.5977,4289.0599,51
2019_09_02_C0002_3700_mavic,train,industrial,3840x2160,none,928,4289.0599,4583.4277,38
2019_09_02_C0002_3700_mavic,train,industrial,3840x2160,none,928,4583.4277,4897.9986,38
2019_09_02_C0002_3700_mavic,train,industrial,3840x2160,none,928,4897.9986,5234.1592,30
2019_09_02_C0002_3700_mavic,train,industrial,3840x2160,none,928,5234.1592,5593.3912,14
2019_09_02_C0002_3700_mavic,train,industrial,3840x2160,none,928,5593.3912,5977.2781,10
2019_09_02_C0002_3700_mavic,train,industrial,3840x2160,none,928,5977.2781,6387.5121,12
2019_09_02_C0002_3700_mavic,train,industrial,3840x2160,none,928,6387.5121,6825.9013,4
2019_09_02_C0002_3700_mavic,train,industrial,3840x2160,none,928,6825.9013,7294.3782,6
2019_09_02_C0002_3700_mavic,train,industrial,3840x2160,none,928,7294.3782,7795.0077,6
2019_09_02_C0002_3700_mavic,train,industrial,3840x2160,none,928,7795.0077,8329.9965,8
2019_09_02_C0002_3700_mavic,train,industrial,3840x2160,none,928,8329.9965,8901.7028,6
2019_09_02_C0002_3700_mavic,train,industrial,3840x2160,none,928,8901.7028,9512.6466,6
2019_09_02_C0002_3700_mavic,train,industrial,3840x2160,none,928,9512.6466,10165.5208,12
2019_09_02_C0002_3700_mavic,train,industrial,3840x2160,none,928,10165.5208,10863.2032,4
2019_09_02_C0002_3700_mavic,train,industrial,3840x2160,none,928,10863.2032,11608.7691,6
2019_09_02_C0002_3700_mavic,train,industrial,3840x2160,none,928,11608.7691,12405.5049,2
2019_09_02_C0002_3700_mavic,train,industrial,3840x2160,none,928,12405.5049,13256.9224,1
2019_09_02_C0002_3700_mavic,train,industrial,3840x2160,none,928,13256.9224,14166.7746,2
2019_09_02_C0002_3700_mavic,train,industrial,3840x2160,none,928,14166.7746,15139.0721,2
2019_09_02_C0002_3700_mavic,train,industrial,3840x2160,none,928,15139.0721,16178.1004,4
2019_09_02_C0002_3700_mavic,train,industrial,3840x2160,none,928,16178.1004,17288.4396,5
2019_09_02_C0002_3700_mavic,train,industrial,3840x2160,none,928,18474.9839,19742.9633,1
2019_09_02_C0002_3700_mavic,train,industrial,3840x2160,none,928,22545.9677,24093.3479,1
2019_09_02_C0002_3700_mavic,train,industrial,3840x2160,none,928,24093.3479,25746.9282,1
2019_09_02_C0002_3700_mavic,train,industrial,3840x2160,none,928,25746.9282,27513.9974,1
2019_09_02_C0002_3700_mavic,train,industrial,3840x2160,none,928,29402.3446,31420.2933,1
2019_09_02_C0002_3700_mavic,train,industrial,3840x2160,none,928,31420.2933,33576.7382,1
2019_09_02_C0002_3700_mavic,train,industrial,3840x2160,none,928,46792.8889,50004.3895,1
2019_09_02_C0002_3700_mavic,train,industrial,3840x2160,none,928,57103.7554,61022.9138,1
2019_09_02_C0002_3700_mavic,train,industrial,3840x2160,none,928,7761697.357,8294400.0,1
2019_09_02_GOPR5871_1058_solo,train,industrial,1920x1080,none,725,1.0,1.0625,5243189
2019_09_02_GOPR5871_1058_solo,train,industrial,1920x1080,none,725,1.9477,2.0694,1050472
2019_09_02_GOPR5871_1058_solo,train,industrial,1920x1080,none,725,2.9768,3.1628,352298
2019_09_02_GOPR5871_1058_solo,train,industrial,1920x1080,none,725,3.7934,4.0304,176874
2019_09_02_GOPR5871_1058_solo,train,industrial,1920x1080,none,725,4.8341,5.1361,100237
2019_09_02_GOPR5871_1058_solo,train,industrial,1920x1080,none,725,5.7979,6.1601,63854
2019_09_02_GOPR5871_1058_solo,train,industrial,1920x1080,none,725,6.9539,7.3884,45417
2019_09_02_GOPR5871_1058_solo,train,industrial,1920x1080,none,725,7.85,8.3404,32928
2019_09_02_GOPR5871_1058_solo,train,industrial,1920x1080,none,725,8.8615,9.4152,24969
2019_09_02_GOPR5871_1058_solo,train,industrial,1920x1080,none,725,9.4152,10.0034,19485
2019_09_02_GOPR5871_1058_solo,train,industrial,1920x1080,none,725,10.6284,11.2924,15492
2019_09_02_GOPR5871_1058_solo,train,industrial,1920x1080,none,725,11.998,12.7476,12930
2019_09_02_GOPR5871_1058_solo,train,industrial,1920x1080,none,725,12.7476,13.544,10687
2019_09_02_GOPR5871_1058_solo,train,industrial,1920x1080,none,725,13.544,14.3902,9007
2019_09_02_GOPR5871_1058_solo,train,industrial,1920x1080,none,725,14.3902,15.2892,7562
2019_09_02_GOPR5871_1058_solo,train,industrial,1920x1080,none,725,15.2892,16.2445,6597
2019_09_02_GOPR5871_1058_solo,train,industrial,1920x1080,none,725,16.2445,17.2594,5606
2019_09_02_GOPR5871_1058_solo,train,industrial,1920x1080,none,725,17.2594,18.3377,4763
2019_09_02_GOPR5871_1058_solo,train,industrial,1920x1080,none,725,18.3377,19.4834,4181
2019_09_02_GOPR5871_1058_solo,train,industrial,1920x1080,none,725,19.4834,20.7007,3899
2019_09_02_GOPR5871_1058_solo,train,industrial,1920x1080,none,725,20.7007,21.994,3521
2019_09_02_GOPR5871_1058_solo,train,industrial,1920x1080,none,725,21.994,23.3681,6188
2019_09_02_GOPR5871_1058_solo,train,industrial,1920x1080,none,725,23.3681,24.8281,2632
2019_09_02_GOPR5871_1058_solo,train,industrial,1920x1080,none,725,24.8281,26.3793,4695
2019_09_02_GOPR5871_1058_solo,train,industrial,1920x1080,none,725,26.3793,28.0274,3866
2019_09_02_GOPR5871_1058_solo,train,industrial,1920x1080,none,725,28.0274,29.7785,1765
2019_09_02_GOPR5871_1058_solo,train,industrial,1920x1080,none,725,29.7785,31.639,3182
2019_09_02_GOPR5871_1058_solo,train,industrial,1920x1080,none,725,31.639,33.6157,2758
2019_09_02_GOPR5871_1058_solo,train,industrial,1920x1080,none,725,33.6157,35.7159,2377
2019_09_02_GOPR5871_1058_solo,train,industrial,1920x1080,none,725,35.7159,37.9473,2048
2019_09_02_GOPR5871_1058_solo,train,industrial,1920x1080,none,725,37.9473,40.3182,2616
2019_09_02_GOPR5871_1058_solo,train,industrial,1920x1080,none,725,40.3182,42.8372,1397
2019_09_02_GOPR5871_1058_solo,train,industrial,1920x1080,none,725,42.8372,45.5135,1869
2019_09_02_GOPR5871_1058_solo,train,industrial,1920x1080,none,725,45.5135,48.3571,1722
2019_09_02_GOPR5871_1058_solo,train,industrial,1920x1080,none,725,48.3571,51.3783,1480
2019_09_02_GOPR5871_1058_solo,train,industrial,1920x1080,none,725,51.3783,54.5883,1120
2019_09_02_GOPR5871_1058_solo,train,industrial,1920x1080,none,725,54.5883,57.9988,908
2019_09_02_GOPR5871_1058_solo,train,industrial,1920x1080,none,725,57.9988,61.6224,1048
2019_09_02_GOPR5871_1058_solo,train,industrial,1920x1080,none,725,61.6224,65.4724,862
2019_09_02_GOPR5871_1058_solo,train,industrial,1920x1080,none,725,65.4724,69.563,716
2019_09_02_GOPR5871_1058_solo,train,industrial,1920x1080,none,725,69.563,73.9091,664
2019_09_02_GOPR5871_1058_solo,train,industrial,1920x1080,none,725,73.9091,78.5267,866
2019_09_02_GOPR5871_1058_solo,train,industrial,1920x1080,none,725,78.5267,83.4329,581
2019_09_02_GOPR5871_1058_solo,train,industrial,1920x1080,none,725,83.4329,88.6455,538
2019_09_02_GOPR5871_1058_solo,train,industrial,1920x1080,none,725,88.6455,94.1839,568
2019_09_02_GOPR5871_1058_solo,train,industrial,1920x1080,none,725,94.1839,100.0682,600
2019_09_02_GOPR5871_1058_solo,train,industrial,1920x1080,none,725,100.0682,106.3202,478
2019_09_02_GOPR5871_1058_solo,train,industrial,1920x1080,none,725,106.3202,112.9628,402
2019_09_02_GOPR5871_1058_solo,train,industrial,1920x1080,none,725,112.9628,120.0205,407
2019_09_02_GOPR5871_1058_solo,train,industrial,1920x1080,none,725,120.0205,127.519,326
2019_09_02_GOPR5871_1058_solo,train,industrial,1920x1080,none,725,127.519,135.4861,412
2019_09_02_GOPR5871_1058_solo,train,industrial,1920x1080,none,725,135.4861,143.9509,386
2019_09_02_GOPR5871_1058_solo,train,industrial,1920x1080,none,725,143.9509,152.9446,308
2019_09_02_GOPR5871_1058_solo,train,industrial,1920x1080,none,725,152.9446,162.5001,305
2019_09_02_GOPR5871_1058_solo,train,industrial,1920x1080,none,725,162.5001,172.6527,230
2019_09_02_GOPR5871_1058_solo,train,industrial,1920x1080,none,725,172.6527,183.4396,220
2019_09_02_GOPR5871_1058_solo,train,industrial,1920x1080,none,725,183.4396,194.9004,276
2019_09_02_GOPR5871_1058_solo,train,industrial,1920x1080,none,725,194.9004,207.0773,297
2019_09_02_GOPR5871_1058_solo,train,industrial,1920x1080,none,725,207.0773,220.0149,267
2019_09_02_GOPR5871_1058_solo,train,industrial,1920x1080,none,725,220.0149,233.7609,179
2019_09_02_GOPR5871_1058_solo,train,industrial,1920x1080,none,725,233.7609,248.3657,79
2019_09_02_GOPR5871_1058_solo,train,industrial,1920x1080,none,725,248.3657,263.8829,106
2019_09_02_GOPR5871_1058_solo,train,industrial,1920x1080,none,725,263.8829,280.3696,89
2019_09_02_GOPR5871_1058_solo,train,industrial,1920x1080,none,725,280.3696,297.8864,53
2019_09_02_GOPR5871_1058_solo,train,industrial,1920x1080,none,725,297.8864,316.4975,42
2019_09_02_GOPR5871_1058_solo,train,industrial,1920x1080,none,725,316.4975,336.2714,47
2019_09_02_GOPR5871_1058_solo,train,industrial,1920x1080,none,725,336.2714,357.2808,55
2019_09_02_GOPR5871_1058_solo,train,industrial,1920x1080,none,725,357.2808,379.6028,38
2019_09_02_GOPR5871_1058_solo,train,industrial,1920x1080,none,725,379.6028,403.3193,32
2019_09_02_GOPR5871_1058_solo,train,industrial,1920x1080,none,725,403.3193,428.5177,33
2019_09_02_GOPR5871_1058_solo,train,industrial,1920x1080,none,725,428.5177,455.2903,23
2019_09_02_GOPR5871_1058_solo,train,industrial,1920x1080,none,725,455.2903,483.7357,29
2019_09_02_GOPR5871_1058_solo,train,industrial,1920x1080,none,725,483.7357,513.9582,46
2019_09_02_GOPR5871_1058_solo,train,industrial,1920x1080,none,725,513.9582,546.069,26
2019_09_02_GOPR5871_1058_solo,train,industrial,1920x1080,none,725,546.069,580.1859,22
2019_09_02_GOPR5871_1058_solo,train,industrial,1920x1080,none,725,580.1859,616.4344,61
2019_09_02_GOPR5871_1058_solo,train,industrial,1920x1080,none,725,616.4344,654.9476,39
2019_09_02_GOPR5871_1058_solo,train,industrial,1920x1080,none,725,654.9476,695.867,14
2019_09_02_GOPR5871_1058_solo,train,industrial,1920x1080,none,725,695.867,739.3429,39
2019_09_02_GOPR5871_1058_solo,train,industrial,1920x1080,none,725,739.3429,785.5351,59
2019_09_02_GOPR5871_1058_solo,train,industrial,1920x1080,none,725,785.5351,834.6133,26
2019_09_02_GOPR5871_1058_solo,train,industrial,1920x1080,none,725,834.6133,886.7577,10
2019_09_02_GOPR5871_1058_solo,train,industrial,1920x1080,none,725,886.7577,942.16,2
2019_09_02_GOPR5871_1058_solo,train,industrial,1920x1080,none,725,942.16,1001.0237,1
2019_09_02_GOPR5871_1058_solo,train,industrial,1920x1080,none,725,1130.0138,1200.6141,2
2019_09_02_GOPR5871_1058_solo,train,industrial,1920x1080,none,725,1440.0,1529.9674,1
2019_09_02_GOPR5871_1058_solo,train,industrial,1920x1080,none,725,2071.4794,2200.9,1
2019_09_02_GOPR5871_1058_solo,train,industrial,1920x1080,none,725,6961.0438,7395.9515,1
2019_09_02_GOPR5871_1058_solo,train,industrial,1920x1080,none,725,9424.8143,10013.6519,1
2019_09_02_GOPR5871_1058_solo,train,industrial,1920x1080,none,725,1951665.1031,2073600.0,1
2019_10_16_C0003_1700_matrice,train,industrial,3840x2160,none,1576,1.0,1.0686,45572603
2019_10_16_C0003_1700_matrice,train,industrial,3840x2160,none,1576,1.9421,2.0754,14464946
2019_10_16_C0003_1700_matrice,train,industrial,3840x2160,none,1576,2.8924,3.0909,6656726
2019_10_16_C0003_1700_matrice,train,industrial,3840x2160,none,1576,3.7719,4.0308,3903199
2019_10_16_C0003_1700_matrice,train,industrial,3840x2160,none,1576,4.919,5.2566,2484606
2019_10_16_C0003_1700_matrice,train,industrial,3840x2160,none,1576,5.6174,6.0029,1712384
2019_10_16_C0003_1700_matrice,train,industrial,3840x2160,none,1576,6.8552,7.3257,1234587
2019_10_16_C0003_1700_matrice,train,industrial,3840x2160,none,1576,7.8285,8.3657,930343
2019_10_16_C0003_1700_matrice,train,industrial,3840x2160,none,1576,8.9399,9.5535,716540
2019_10_16_C0003_1700_matrice,train,industrial,3840x2160,none,1576,9.5535,10.2091,567318
2019_10_16_C0003_1700_matrice,train,industrial,3840x2160,none,1576,10.9098,11.6586,458560
2019_10_16_C0003_1700_matrice,train,industrial,3840x2160,none,1576,11.6586,12.4587,376003
2019_10_16_C0003_1700_matrice,train,industrial,3840x2160,none,1576,12.4587,13.3138,311778
2019_10_16_C0003_1700_matrice,train,industrial,3840x2160,none,1576,13.3138,14.2276,262366
2019_10_16_C0003_1700_matrice,train,industrial,3840x2160,none,1576,14.2276,15.204,224830
2019_10_16_C0003_1700_matrice,train,industrial,3840x2160,none,1576,15.204,16.2475,195129
2019_10_16_C0003_1700_matrice,train,industrial,3840x2160,none,1576,16.2475,17.3626,168925
2019_10_16_C0003_1700_matrice,train,industrial,3840x2160,none,1576,17.3626,18.5543,147715
2019_10_16_C0003_1700_matrice,train,industrial,3840x2160,none,1576,18.5543,19.8277,130227
2019_10_16_C0003_1700_matrice,train,industrial,3840x2160,none,1576,19.8277,21.1885,219403
2019_10_16_C0003_1700_matrice,train,industrial,3840x2160,none,1576,21.1885,22.6427,93981
2019_10_16_C0003_1700_matrice,train,industrial,3840x2160,none,1576,22.6427,24.1967,160201
2019_10_16_C0003_1700_matrice,train,industrial,3840x2160,none,1576,24.1967,25.8574,69532
2019_10_16_C0003_1700_matrice,train,industrial,3840x2160,none,1576,25.8574,27.6321,122418
2019_10_16_C0003_1700_matrice,train,industrial,3840x2160,none,1576,27.6321,29.5285,103719
2019_10_16_C0003_1700_matrice,train,industrial,3840x2160,none,1576,29.5285,31.5551,89130
2019_10_16_C0003_1700_matrice,train,industrial,3840x2160,none,1576,31.5551,33.7208,77047
2019_10_16_C0003_1700_matrice,train,industrial,3840x2160,none,1576,33.7208,36.0352,97388
2019_10_16_C0003_1700_matrice,train,industrial,3840x2160,none,1576,36.0352,38.5083,55570
2019_10_16_C0003_1700_matrice,train,industrial,3840x2160,none,1576,38.5083,41.1513,72563
2019_10_16_C0003_1700_matrice,train,industrial,3840x2160,none,1576,41.1513,43.9756,42206
2019_10_16_C0003_1700_matrice,train,industrial,3840x2160,none,1576,43.9756,46.9937,55701
2019_10_16_C0003_1700_matrice,train,industrial,3840x2160,none,1576,46.9937,50.219,62863
2019_10_16_C0003_1700_matrice,train,industrial,3840x2160,none,1576,50.219,53.6656,41087
2019_10_16_C0003_1700_matrice,train,industrial,3840x2160,none,1576,53.6656,57.3488,47672
2019_10_16_C0003_1700_matrice,train,industrial,3840x2160,none,1576,57.3488,61.2848,41707
2019_10_16_C0003_1700_matrice,train,industrial,3840x2160,none,1576,61.2848,65.4909,35958
2019_10_16_C0003_1700_matrice,train,industrial,3840x2160,none,1576,65.4909,69.9857,31861
2019_10_16_C0003_1700_matrice,train,industrial,3840x2160,none,1576,69.9857,74.789,35170
2019_10_16_C0003_1700_matrice,train,industrial,3840x2160,none,1576,74.789,79.9219,30255
2019_10_16_C0003_1700_matrice,train,industrial,3840x2160,none,1576,79.9219,85.4071,31760
2019_10_16_C0003_1700_matrice,train,industrial,3840x2160,none,1576,85.4071,91.2688,27646
2019_10_16_C0003_1700_matrice,train,industrial,3840x2160,none,1576,91.2688,97.5328,24158
2019_10_16_C0003_1700_matrice,train,industrial,3840x2160,none,1576,97.5328,104.2267,25119
2019_10_16_C0003_1700_matrice,train,industrial,3840x2160,none,1576,104.2267,111.38,21898
2019_10_16_C0003_1700_matrice,train,industrial,3840x2160,none,1576,111.38,119.0243,22034
2019_10_16_C0003_1700_matrice,train,industrial,3840x2160,none,1576,119.0243,127.1932,19542
2019_10_16_C0003_1700_matrice,train,industrial,3840x2160,none,1576,127.1932,135.9227,17197
2019_10_16_C0003_1700_matrice,train,industrial,3840x2160,none,1576,135.9227,145.2514,19086
2019_10_16_C0003_1700_matrice,train,industrial,3840x2160,none,1576,145.2514,155.2203,17104
2019_10_16_C0003_1700_matrice,train,industrial,3840x2160,none,1576,155.2203,165.8734,15066
2019_10_16_C0003_1700_matrice,train,industrial,3840x2160,none,1576,165.8734,177.2577,16058
2019_10_16_C0003_1700_matrice,train,industrial,3840x2160,none,1576,177.2577,189.4233,14340
2019_10_16_C0003_1700_matrice,train,industrial,3840x2160,none,1576,189.4233,202.4238,13921
2019_10_16_C0003_1700_matrice,train,industrial,3840x2160,none,1576,202.4238,216.3166,13211
2019_10_16_C0003_1700_matrice,train,industrial,3840x2160,none,1576,216.3166,231.1629,12719
2019_10_16_C0003_1700_matrice,train,industrial,3840x2160,none,1576,231.1629,247.0282,11912
2019_10_16_C0003_1700_matrice,train,industrial,3840x2160,none,1576,247.0282,263.9823,10997
2019_10_16_C0003_1700_matrice,train,industrial,3840x2160,none,1576,263.9823,282.1,12031
2019_10_16_C0003_1700_matrice,train,industrial,3840x2160,none,1576,282.1,301.4611,11025
2019_10_16_C0003_1700_matrice,train,industrial,3840x2160,none,1576,301.4611,322.1511,10699
2019_10_16_C0003_1700_matrice,train,industrial,3840x2160,none,1576,322.1511,344.261,9922
2019_10_16_C0003_1700_matrice,train,industrial,3840x2160,none,1576,344.261,367.8884,9844
2019_10_16_C0003_1700_matrice,train,industrial,3840x2160,none,1576,367.8884,393.1374,9698
2019_10_16_C0003_1700_matrice,train,industrial,3840x2160,none,1576,393.1374,420.1193,8818
2019_10_16_C0003_1700_matrice,train,industrial,3840x2160,none,1576,420.1193,448.953,8472
2019_10_16_C0003_1700_matrice,train,industrial,3840x2160,none,1576,448.953,479.7657,8451
2019_10_16_C0003_1700_matrice,train,industrial,3840x2160,none,1576,479.7657,512.6931,8408
2019_10_16_C0003_1700_matrice,train,industrial,3840x2160,none,1576,512.6931,547.8803,8363
2019_10_16_C0003_1700_matrice,train,industrial,3840x2160,none,1576,547.8803,585.4826,8084
2019_10_16_C0003_1700_matrice,train,industrial,3840x2160,none,1576,585.4826,625.6656,7450
2019_10_16_C0003_1700_matrice,train,industrial,3840x2160,none,1576,625.6656,668.6064,7154
2019_10_16_C0003_1700_matrice,train,industrial,3840x2160,none,1576,668.6064,714.4944,6930
2019_10_16_C0003_1700_matrice,train,industrial,3840x2160,none,1576,714.4944,763.5317,6571
2019_10_16_C0003_1700_matrice,train,industrial,3840x2160,none,1576,763.5317,815.9346,6641
2019_10_16_C0003_1700_matrice,train,industrial,3840x2160,none,1576,815.9346,871.934,6798
2019_10_16_C0003_1700_matrice,train,industrial,3840x2160,none,1576,871.934,931.7768,6199
2019_10_16_C0003_1700_matrice,train,industrial,3840x2160,none,1576,931.7768,995.7267,5777
2019_10_16_C0003_1700_matrice,train,industrial,3840x2160,none,1576,995.7267,1064.0657,5558
2019_10_16_C0003_1700_matrice,train,industrial,3840x2160,none,1576,1064.0657,1137.0949,4592
2019_10_16_C0003_1700_matrice,train,industrial,3840x2160,none,1576,1137.0949,1215.1362,4223
2019_10_16_C0003_1700_matrice,train,industrial,3840x2160,none,1576,1215.1362,1298.5337,4047
2019_10_16_C0003_1700_matrice,train,industrial,3840x2160,none,1576,1298.5337,1387.655,4190
2019_10_16_C0003_1700_matrice,train,industrial,3840x2160,none,1576,1387.655,1482.8929,4251
2019_10_16_C0003_1700_matrice,train,industrial,3840x2160,none,1576,1482.8929,1584.6671,3599
2019_10_16_C0003_1700_matrice,train,industrial,3840x2160,none,1576,1584.6671,1693.4264,3300
2019_10_16_C0003_1700_matrice,train,industrial,3840x2160,none,1576,1693.4264,1809.65,3193
2019_10_16_C0003_1700_matrice,train,industrial,3840x2160,none,1576,1809.65,1933.8503,2858
2019_10_16_C0003_1700_matrice,train,industrial,3840x2160,none,1576,1933.8503,2066.5748,2559
2019_10_16_C0003_1700_matrice,train,industrial,3840x2160,none,1576,2066.5748,2208.4085,2656
2019_10_16_C0003_1700_matrice,train,industrial,3840x2160,none,1576,2208.4085,2359.9765,2667
2019_10_16_C0003_1700_matrice,train,industrial,3840x2160,none,1576,2359.9765,2521.9469,2155
2019_10_16_C0003_1700_matrice,train,industrial,3840x2160,none,1576,2521.9469,2695.0338,1599
2019_10_16_C0003_1700_matrice,train,industrial,3840x2160,none,1576,2695.0338,2880.0,1440
2019_10_16_C0003_1700_matrice,train,industrial,3840x2160,none,1576,2880.0,3077.6608,1391
2019_10_16_C0003_1700_matrice,train,industrial,3840x2160,none,1576,3077.6608,3288.8876,1600
2019_10_16_C0003_1700_matrice,train,industrial,3840x2160,none,1576,3288.8876,3514.6113,1682
2019_10_16_C0003_1700_matrice,train,industrial,3840x2160,none,1576,3514.6113,3755.8269,1926
2019_10_16_C0003_1700_matrice,train,industrial,3840x2160,none,1576,3755.8269,4013.5977,2002
2019_10_16_C0003_1700_matrice,train,industrial,3840x2160,none,1576,4013.5977,4289.0599,1621
2019_10_16_C0003_1700_matrice,train,industrial,3840x2160,none,1576,4289.0599,4583.4277,1563
2019_10_16_C0003_1700_matrice,train,industrial,3840x2160,none,1576,4583.4277,4897.9986,1348
2019_10_16_C0003_1700_matrice,train,industrial,3840x2160,none,1576,4897.9986,5234.1592,1076
2019_10_16_C0003_1700_matrice,train,industrial,3840x2160,none,1576,5234.1592,5593.3912,1266
2019_10_16_C0003_1700_matrice,train,industrial,3840x2160,none,1576,5593.3912,5977.2781,799
2019_10_16_C0003_1700_matrice,train,industrial,3840x2160,none,1576,5977.2781,6387.5121,864
2019_10_16_C0003_1700_matrice,train,industrial,3840x2160,none,1576,6387.5121,6825.9013,910
2019_10_16_C0003_1700_matrice,train,industrial,3840x2160,none,1576,6825.9013,7294.3782,1059
2019_10_16_C0003_1700_matrice,train,industrial,3840x2160,none,1576,7294.3782,7795.0077,1257
2019_10_16_C0003_1700_matrice,train,industrial,3840x2160,none,1576,7795.0077,8329.9965,917
2019_10_16_C0003_1700_matrice,train,industrial,3840x2160,none,1576,8329.9965,8901.7028,878
2019_10_16_C0003_1700_matrice,train,industrial,3840x2160,none,1576,8901.7028,9512.6466,849
2019_10_16_C0003_1700_matrice,train,industrial,3840x2160,none,1576,9512.6466,10165.5208,700
2019_10_16_C0003_1700_matrice,train,industrial,3840x2160,none,1576,10165.5208,10863.2032,494
2019_10_16_C0003_1700_matrice,train,industrial,3840x2160,none,1576,10863.2032,11608.7691,556
2019_10_16_C0003_1700_matrice,train,industrial,3840x2160,none,1576,11608.7691,12405.5049,857
2019_10_16_C0003_1700_matrice,train,industrial,3840x2160,none,1576,12405.5049,13256.9224,390
2019_10_16_C0003_1700_matrice,train,industrial,3840x2160,none,1576,13256.9224,14166.7746,515
2019_10_16_C0003_1700_matrice,train,industrial,3840x2160,none,1576,14166.7746,15139.0721,546
2019_10_16_C0003_1700_matrice,train,industrial,3840x2160,none,1576,15139.0721,16178.1004,668
2019_10_16_C0003_1700_matrice,train,industrial,3840x2160,none,1576,16178.1004,17288.4396,327
2019_10_16_C0003_1700_matrice,train,industrial,3840x2160,none,1576,17288.4396,18474.9839,523
2019_10_16_C0003_1700_matrice,train,industrial,3840x2160,none,1576,18474.9839,19742.9633,383
2019_10_16_C0003_1700_matrice,train,industrial,3840x2160,none,1576,19742.9633,21097.967,562
2019_10_16_C0003_1700_matrice,train,industrial,3840x2160,none,1576,21097.967,22545.9677,319
2019_10_16_C0003_1700_matrice,train,industrial,3840x2160,none,1576,22545.9677,24093.3479,106
2019_10_16_C0003_1700_matrice,train,industrial,3840x2160,none,1576,24093.3479,25746.9282,77
2019_10_16_C0003_1700_matrice,train,industrial,3840x2160,none,1576,25746.9282,27513.9974,99
2019_10_16_C0003_1700_matrice,train,industrial,3840x2160,none,1576,27513.9974,29402.3446,100
2019_10_16_C0003_1700_matrice,train,industrial,3840x2160,none,1576,29402.3446,31420.2933,245
2019_10_16_C0003_1700_matrice,train,industrial,3840x2160,none,1576,31420.2933,33576.7382,225
2019_10_16_C0003_1700_matrice,train,industrial,3840x2160,none,1576,33576.7382,35881.1848,223
2019_10_16_C0003_1700_matrice,train,industrial,3840x2160,none,1576,35881.1848,38343.7908,498
2019_10_16_C0003_1700_matrice,train,industrial,3840x2160,none,1576,38343.7908,40975.4109,286
2019_10_16_C0003_1700_matrice,train,industrial,3840x2160,none,1576,40975.4109,43787.6449,338
2019_10_16_C0003_1700_matrice,train,industrial,3840x2160,none,1576,43787.6449,46792.8889,233
2019_10_16_C0003_1700_matrice,train,industrial,3840x2160,none,1576,46792.8889,50004.3895,158
2019_10_16_C0003_1700_matrice,train,industrial,3840x2160,none,1576,50004.3895,53436.3025,57
2019_10_16_C0003_1700_matrice,train,industrial,3840x2160,none,1576,53436.3025,57103.7554,20
2019_10_16_C0003_1700_matrice,train,industrial,3840x2160,none,1576,57103.7554,61022.9138,72
2019_10_16_C0003_1700_matrice,train,industrial,3840x2160,none,1576,61022.9138,65211.0529,309
2019_10_16_C0003_1700_matrice,train,industrial,3840x2160,none,1576,65211.0529,69686.6332,124
2019_10_16_C0003_1700_matrice,train,industrial,3840x2160,none,1576,69686.6332,74469.3827,150
2019_10_16_C0003_1700_matrice,train,industrial,3840x2160,none,1576,74469.3827,79580.3829,5
2019_10_16_C0003_1700_matrice,train,industrial,3840x2160,none,1576,79580.3829,85042.1625,102
2019_10_16_C0003_1700_matrice,train,industrial,3840x2160,none,1576,85042.1625,90878.7962,58
2019_10_16_C0003_1700_matrice,train,industrial,3840x2160,none,1576,90878.7962,97116.0112,1
2019_10_16_C0003_1700_matrice,train,industrial,3840x2160,none,1576,154557.0186,165164.6123,1
2019_10_16_C0003_1700_matrice,train,industrial,3840x2160,none,1576,165164.6123,176500.229,1
2019_10_16_C0003_1700_matrice,train,industrial,3840x2160,none,1576,7761697.357,8294400.0,1
2019_11_14_C0001_3922_matrice,val,industrial,3840x2160,none,2601,1.0,1.0686,75601477
2019_11_14_C0001_3922_matrice,val,industrial,3840x2160,none,2601,1.9421,2.0754,24865797
2019_11_14_C0001_3922_matrice,val,industrial,3840x2160,none,2601,2.8924,3.0909,8722998
2019_11_14_C0001_3922_matrice,val,industrial,3840x2160,none,2601,3.7719,4.0308,4481057
2019_11_14_C0001_3922_matrice,val,industrial,3840x2160,none,2601,4.919,5.2566,2033185
2019_11_14_C0001_3922_matrice,val,industrial,3840x2160,none,2601,5.6174,6.0029,1095843
2019_11_14_C0001_3922_matrice,val,industrial,3840x2160,none,2601,6.8552,7.3257,590188
2019_11_14_C0001_3922_matrice,val,industrial,3840x2160,none,2601,7.8285,8.3657,343611
2019_11_14_C0001_3922_matrice,val,industrial,3840x2160,none,2601,8.9399,9.5535,201851
2019_11_14_C0001_3922_matrice,val,industrial,3840x2160,none,2601,9.5535,10.2091,127314
2019_11_14_C0001_3922_matrice,val,industrial,3840x2160,none,2601,10.9098,11.6586,84134
2019_11_14_C0001_3922_matrice,val,industrial,3840x2160,none,2601,11.6586,12.4587,58385
2019_11_14_C0001_3922_matrice,val,industrial,3840x2160,none,2601,12.4587,13.3138,42125
2019_11_14_C0001_3922_matrice,val,industrial,3840x2160,none,2601,13.3138,14.2276,31299
2019_11_14_C0001_3922_matrice,val,industrial,3840x2160,none,2601,14.2276,15.204,24390
2019_11_14_C0001_3922_matrice,val,industrial,3840x2160,none,2601,15.204,16.2475,19483
2019_11_14_C0001_3922_matrice,val,industrial,3840x2160,none,2601,16.2475,17.3626,15872
2019_11_14_C0001_3922_matrice,val,industrial,3840x2160,none,2601,17.3626,18.5543,12963
2019_11_14_C0001_3922_matrice,val,industrial,3840x2160,none,2601,18.5543,19.8277,10752
2019_11_14_C0001_3922_matrice,val,industrial,3840x2160,none,2601,19.8277,21.1885,17395
2019_11_14_C0001_3922_matrice,val,industrial,3840x2160,none,2601,21.1885,22.6427,7070
2019_11_14_C0001_3922_matrice,val,industrial,3840x2160,none,2601,22.6427,24.1967,11807
2019_11_14_C0001_3922_matrice,val,industrial,3840x2160,none,2601,24.1967,25.8574,4948
2019_11_14_C0001_3922_matrice,val,industrial,3840x2160,none,2601,25.8574,27.6321,8450
2019_11_14_C0001_3922_matrice,val,industrial,3840x2160,none,2601,27.6321,29.5285,6903
2019_11_14_C0001_3922_matrice,val,industrial,3840x2160,none,2601,29.5285,31.5551,5699
2019_11_14_C0001_3922_matrice,val,industrial,3840x2160,none,2601,31.5551,33.7208,4808
2019_11_14_C0001_3922_matrice,val,industrial,3840x2160,none,2601,33.7208,36.0352,6113
2019_11_14_C0001_3922_matrice,val,industrial,3840x2160,none,2601,36.0352,38.5083,3468
2019_11_14_C0001_3922_matrice,val,industrial,3840x2160,none,2601,38.5083,41.1513,4472
2019_11_14_C0001_3922_matrice,val,industrial,3840x2160,none,2601,41.1513,43.9756,2581
2019_11_14_C0001_3922_matrice,val,industrial,3840x2160,none,2601,43.9756,46.9937,3362
2019_11_14_C0001_3922_matrice,val,industrial,3840x2160,none,2601,46.9937,50.219,3778
2019_11_14_C0001_3922_matrice,val,industrial,3840x2160,none,2601,50.219,53.6656,2402
2019_11_14_C0001_3922_matrice,val,industrial,3840x2160,none,2601,53.6656,57.3488,2815
2019_11_14_C0001_3922_matrice,val,industrial,3840x2160,none,2601,57.3488,61.2848,2530
2019_11_14_C0001_3922_matrice,val,industrial,3840x2160,none,2601,61.2848,65.4909,2217
2019_11_14_C0001_3922_matrice,val,industrial,3840x2160,none,2601,65.4909,69.9857,1889
2019_11_14_C0001_3922_matrice,val,industrial,3840x2160,none,2601,69.9857,74.789,2095
2019_11_14_C0001_3922_matrice,val,industrial,3840x2160,none,2601,74.789,79.9219,1865
2019_11_14_C0001_3922_matrice,val,industrial,3840x2160,none,2601,79.9219,85.4071,1887
2019_11_14_C0001_3922_matrice,val,industrial,3840x2160,none,2601,85.4071,91.2688,1642
2019_11_14_C0001_3922_matrice,val,industrial,3840x2160,none,2601,91.2688,97.5328,1536
2019_11_14_C0001_3922_matrice,val,industrial,3840x2160,none,2601,97.5328,104.2267,1620
2019_11_14_C0001_3922_matrice,val,industrial,3840x2160,none,2601,104.2267,111.38,1442
2019_11_14_C0001_3922_matrice,val,industrial,3840x2160,none,2601,111.38,119.0243,1380
2019_11_14_C0001_3922_matrice,val,industrial,3840x2160,none,2601,119.0243,127.1932,1234
2019_11_14_C0001_3922_matrice,val,industrial,3840x2160,none,2601,127.1932,135.9227,1060
2019_11_14_C0001_3922_matrice,val,industrial,3840x2160,none,2601,135.9227,145.2514,1174
2019_11_14_C0001_3922_matrice,val,industrial,3840x2160,none,2601,145.2514,155.2203,1020
2019_11_14_C0001_3922_matrice,val,industrial,3840x2160,none,2601,155.2203,165.8734,920
2019_11_14_C0001_3922_matrice,val,industrial,3840x2160,none,2601,165.8734,177.2577,950
2019_11_14_C0001_3922_matrice,val,industrial,3840x2160,none,2601,177.2577,189.4233,742
2019_11_14_C0001_3922_matrice,val,industrial,3840x2160,none,2601,189.4233,202.4238,747
2019_11_14_C0001_3922_matrice,val,industrial,3840x2160,none,2601,202.4238,216.3166,632
2019_11_14_C0001_3922_matrice,val,industrial,3840x2160,none,2601,216.3166,231.1629,661
2019_11_14_C0001_3922_matrice,val,industrial,3840x2160,none,2601,231.1629,247.0282,630
2019_11_14_C0001_3922_matrice,val,industrial,3840x2160,none,2601,247.0282,263.9823,588
2019_11_14_C0001_3922_matrice,val,industrial,3840x2160,none,2601,263.9823,282.1,654
2019_11_14_C0001_3922_matrice,val,industrial,3840x2160,none,2601,282.1,301.4611,521
2019_11_14_C0001_3922_matrice,val,industrial,3840x2160,none,2601,301.4611,322.1511,458
2019_11_14_C0001_3922_matrice,val,industrial,3840x2160,none,2601,322.1511,344.261,407
2019_11_14_C0001_3922_matrice,val,industrial,3840x2160,none,2601,344.261,367.8884,356
2019_11_14_C0001_3922_matrice,val,industrial,3840x2160,none,2601,367.8884,393.1374,333
2019_11_14_C0001_3922_matrice,val,industrial,3840x2160,none,2601,393.1374,420.1193,284
2019_11_14_C0001_3922_matrice,val,industrial,3840x2160,none,2601,420.1193,448.953,247
2019_11_14_C0001_3922_matrice,val,industrial,3840x2160,none,2601,448.953,479.7657,214
2019_11_14_C0001_3922_matrice,val,industrial,3840x2160,none,2601,479.7657,512.6931,188
2019_11_14_C0001_3922_matrice,val,industrial,3840x2160,none,2601,512.6931,547.8803,237
2019_11_14_C0001_3922_matrice,val,industrial,3840x2160,none,2601,547.8803,585.4826,221
2019_11_14_C0001_3922_matrice,val,industrial,3840x2160,none,2601,585.4826,625.6656,159
2019_11_14_C0001_3922_matrice,val,industrial,3840x2160,none,2601,625.6656,668.6064,138
2019_11_14_C0001_3922_matrice,val,industrial,3840x2160,none,2601,668.6064,714.4944,114
2019_11_14_C0001_3922_matrice,val,industrial,3840x2160,none,2601,714.4944,763.5317,106
2019_11_14_C0001_3922_matrice,val,industrial,3840x2160,none,2601,763.5317,815.9346,90
2019_11_14_C0001_3922_matrice,val,industrial,3840x2160,none,2601,815.9346,871.934,110
2019_11_14_C0001_3922_matrice,val,industrial,3840x2160,none,2601,871.934,931.7768,131
2019_11_14_C0001_3922_matrice,val,industrial,3840x2160,none,2601,931.7768,995.7267,129
2019_11_14_C0001_3922_matrice,val,industrial,3840x2160,none,2601,995.7267,1064.0657,98
2019_11_14_C0001_3922_matrice,val,industrial,3840x2160,none,2601,1064.0657,1137.0949,82
2019_11_14_C0001_3922_matrice,val,industrial,3840x2160,none,2601,1137.0949,1215.1362,64
2019_11_14_C0001_3922_matrice,val,industrial,3840x2160,none,2601,1215.1362,1298.5337,53
2019_11_14_C0001_3922_matrice,val,industrial,3840x2160,none,2601,1298.5337,1387.655,109
2019_11_14_C0001_3922_matrice,val,industrial,3840x2160,none,2601,1387.655,1482.8929,82
2019_11_14_C0001_3922_matrice,val,industrial,3840x2160,none,2601,1482.8929,1584.6671,66
2019_11_14_C0001_3922_matrice,val,industrial,3840x2160,none,2601,1584.6671,1693.4264,33
2019_11_14_C0001_3922_matrice,val,industrial,3840x2160,none,2601,1693.4264,1809.65,54
2019_11_14_C0001_3922_matrice,val,industrial,3840x2160,none,2601,1809.65,1933.8503,49
2019_11_14_C0001_3922_matrice,val,industrial,3840x2160,none,2601,1933.8503,2066.5748,67
2019_11_14_C0001_3922_matrice,val,industrial,3840x2160,none,2601,2066.5748,2208.4085,63
2019_11_14_C0001_3922_matrice,val,industrial,3840x2160,none,2601,2208.4085,2359.9765,55
2019_11_14_C0001_3922_matrice,val,industrial,3840x2160,none,2601,2359.9765,2521.9469,52
2019_11_14_C0001_3922_matrice,val,industrial,3840x2160,none,2601,2521.9469,2695.0338,26
2019_11_14_C0001_3922_matrice,val,industrial,3840x2160,none,2601,2695.0338,2880.0,43
2019_11_14_C0001_3922_matrice,val,industrial,3840x2160,none,2601,2880.0,3077.6608,42
2019_11_14_C0001_3922_matrice,val,industrial,3840x2160,none,2601,3077.6608,3288.8876,58
2019_11_14_C0001_3922_matrice,val,industrial,3840x2160,none,2601,3288.8876,3514.6113,105
2019_11_14_C0001_3922_matrice,val,industrial,3840x2160,none,2601,3514.6113,3755.8269,66
2019_11_14_C0001_3922_matrice,val,industrial,3840x2160,none,2601,3755.8269,4013.5977,60
2019_11_14_C0001_3922_matrice,val,industrial,3840x2160,none,2601,4013.5977,4289.0599,101
2019_11_14_C0001_3922_matrice,val,industrial,3840x2160,none,2601,4289.0599,4583.4277,122
2019_11_14_C0001_3922_matrice,val,industrial,3840x2160,none,2601,4583.4277,4897.9986,60
2019_11_14_C0001_3922_matrice,val,industrial,3840x2160,none,2601,4897.9986,5234.1592,10
2019_11_14_C0001_3922_matrice,val,industrial,3840x2160,none,2601,5234.1592,5593.3912,4
2019_11_14_C0001_3922_matrice,val,industrial,3840x2160,none,2601,5593.3912,5977.2781,5
2019_11_14_C0001_3922_matrice,val,industrial,3840x2160,none,2601,5977.2781,6387.5121,2
2019_11_14_C0001_3922_matrice,val,industrial,3840x2160,none,2601,6387.5121,6825.9013,1
2019_11_14_C0001_3922_matrice,val,industrial,3840x2160,none,2601,6825.9013,7294.3782,3
2019_11_14_C0001_3922_matrice,val,industrial,3840x2160,none,2601,7795.0077,8329.9965,7
2019_11_14_C0001_3922_matrice,val,industrial,3840x2160,none,2601,10165.5208,10863.2032,1
2019_11_14_C0001_3922_matrice,val,industrial,3840x2160,none,2601,11608.7691,12405.5049,1
2019_11_14_C0001_3922_matrice,val,industrial,3840x2160,none,2601,12405.5049,13256.9224,3
2019_11_14_C0001_3922_matrice,val,industrial,3840x2160,none,2601,15139.0721,16178.1004,1
2019_11_14_C0001_3922_matrice,val,industrial,3840x2160,none,2601,18474.9839,19742.9633,1
2019_11_14_C0001_3922_matrice,val,industrial,3840x2160,none,2601,25746.9282,27513.9974,1
2019_11_14_C0001_3922_matrice,val,industrial,3840x2160,none,2601,38343.7908,40975.4109,2
2019_11_14_C0001_3922_matrice,val,industrial,3840x2160,none,2601,40975.4109,43787.6449,1
2019_11_14_C0001_3922_matrice,val,industrial,3840x2160,none,2601,103781.3002,110904.0428,1
2019_11_14_C0001_3922_matrice,val,industrial,3840x2160,none,2601,7761697.357,8294400.0,1
GOPR5843_002,val,meadow,1920x1080,none,424,1.0,1.0625,2363869
GOPR5843_002,val,meadow,1920x1080,none,424,1.9477,2.0694,587878
GOPR5843_002,val,meadow,1920x1080,none,424,2.9768,3.1628,224659
GOPR5843_002,val,meadow,1920x1080,none,424,3.7934,4.0304,117836
GOPR5843_002,val,meadow,1920x1080,none,424,4.8341,5.1361,68638
GOPR5843_002,val,meadow,1920x1080,none,424,5.7979,6.1601,44519
GOPR5843_002,val,meadow,1920x1080,none,424,6.9539,7.3884,30588
GOPR5843_002,val,meadow,1920x1080,none,424,7.85,8.3404,22283
GOPR5843_002,val,meadow,1920x1080,none,424,8.8615,9.4152,16680
GOPR5843_002,val,meadow,1920x1080,none,424,9.4152,10.0034,12507
GOPR5843_002,val,meadow,1920x1080,none,424,10.6284,11.2924,9955
GOPR5843_002,val,meadow,1920x1080,none,424,11.998,12.7476,8337
GOPR5843_002,val,meadow,1920x1080,none,424,12.7476,13.544,6570
GOPR5843_002,val,meadow,1920x1080,none,424,13.544,14.3902,5730
GOPR5843_002,val,meadow,1920x1080,none,424,14.3902,15.2892,4533
GOPR5843_002,val,meadow,1920x1080,none,424,15.2892,16.2445,3883
GOPR5843_002,val,meadow,1920x1080,none,424,16.2445,17.2594,3322
GOPR5843_002,val,meadow,1920x1080,none,424,17.2594,18.3377,2801
GOPR5843_002,val,meadow,1920x1080,none,424,18.3377,19.4834,2480
GOPR5843_002,val,meadow,1920x1080,none,424,19.4834,20.7007,2167
GOPR5843_002,val,meadow,1920x1080,none,424,20.7007,21.994,2037
GOPR5843_002,val,meadow,1920x1080,none,424,21.994,23.3681,3452
GOPR5843_002,val,meadow,1920x1080,none,424,23.3681,24.8281,1432
GOPR5843_002,val,meadow,1920x1080,none,424,24.8281,26.3793,2366
GOPR5843_002,val,meadow,1920x1080,none,424,26.3793,28.0274,1858
GOPR5843_002,val,meadow,1920x1080,none,424,28.0274,29.7785,758
GOPR5843_002,val,meadow,1920x1080,none,424,29.7785,31.639,1425
GOPR5843_002,val,meadow,1920x1080,none,424,31.639,33.6157,1144
GOPR5843_002,val,meadow,1920x1080,none,424,33.6157,35.7159,1048
GOPR5843_002,val,meadow,1920x1080,none,424,35.7159,37.9473,854
GOPR5843_002,val,meadow,1920x1080,none,424,37.9473,40.3182,1018
GOPR5843_002,val,meadow,1920x1080,none,424,40.3182,42.8372,614
GOPR5843_002,val,meadow,1920x1080,none,424,42.8372,45.5135,722
GOPR5843_002,val,meadow,1920x1080,none,424,45.5135,48.3571,625
GOPR5843_002,val,meadow,1920x1080,none,424,48.3571,51.3783,514
GOPR5843_002,val,meadow,1920x1080,none,424,51.3783,54.5883,474
GOPR5843_002,val,meadow,1920x1080,none,424,54.5883,57.9988,387
GOPR5843_002,val,meadow,1920x1080,none,424,57.9988,61.6224,417
GOPR5843_002,val,meadow,1920x1080,none,424,61.6224,65.4724,350
GOPR5843_002,val,meadow,1920x1080,none,424,65.4724,69.563,264
GOPR5843_002,val,meadow,1920x1080,none,424,69.563,73.9091,211
GOPR5843_002,val,meadow,1920x1080,none,424,73.9091,78.5267,235
GOPR5843_002,val,meadow,1920x1080,none,424,78.5267,83.4329,192
GOPR5843_002,val,meadow,1920x1080,none,424,83.4329,88.6455,101
GOPR5843_002,val,meadow,1920x1080,none,424,88.6455,94.1839,116
GOPR5843_002,val,meadow,1920x1080,none,424,94.1839,100.0682,114
GOPR5843_002,val,meadow,1920x1080,none,424,100.0682,106.3202,78
GOPR5843_002,val,meadow,1920x1080,none,424,106.3202,112.9628,86
GOPR5843_002,val,meadow,1920x1080,none,424,112.9628,120.0205,104
GOPR5843_002,val,meadow,1920x1080,none,424,120.0205,127.519,81
GOPR5843_002,val,meadow,1920x1080,none,424,127.519,135.4861,80
GOPR5843_002,val,meadow,1920x1080,none,424,135.4861,143.9509,43
GOPR5843_002,val,meadow,1920x1080,none,424,143.9509,152.9446,50
GOPR5843_002,val,meadow,1920x1080,none,424,152.9446,162.5001,26
GOPR5843_002,val,meadow,1920x1080,none,424,162.5001,172.6527,28
GOPR5843_002,val,meadow,1920x1080,none,424,172.6527,183.4396,19
GOPR5843_002,val,meadow,1920x1080,none,424,183.4396,194.9004,33
GOPR5843_002,val,meadow,1920x1080,none,424,194.9004,207.0773,21
GOPR5843_002,val,meadow,1920x1080,none,424,207.0773,220.0149,22
GOPR5843_002,val,meadow,1920x1080,none,424,220.0149,233.7609,21
GOPR5843_002,val,meadow,1920x1080,none,424,233.7609,248.3657,14
GOPR5843_002,val,meadow,1920x1080,none,424,248.3657,263.8829,10
GOPR5843_002,val,meadow,1920x1080,none,424,263.8829,280.3696,18
GOPR5843_002,val,meadow,1920x1080,none,424,280.3696,297.8864,13
GOPR5843_002,val,meadow,1920x1080,none,424,297.8864,316.4975,19
GOPR5843_002,val,meadow,1920x1080,none,424,316.4975,336.2714,21
GOPR5843_002,val,meadow,1920x1080,none,424,336.2714,357.2808,22
GOPR5843_002,val,meadow,1920x1080,none,424,357.2808,379.6028,22
GOPR5843_002,val,meadow,1920x1080,none,424,379.6028,403.3193,20
GOPR5843_002,val,meadow,1920x1080,none,424,403.3193,428.5177,10
GOPR5843_002,val,meadow,1920x1080,none,424,428.5177,455.2903,8
GOPR5843_002,val,meadow,1920x1080,none,424,455.2903,483.7357,10
GOPR5843_002,val,meadow,1920x1080,none,424,483.7357,513.9582,6
GOPR5843_002,val,meadow,1920x1080,none,424,513.9582,546.069,5
GOPR5843_002,val,meadow,1920x1080,none,424,546.069,580.1859,2
GOPR5843_002,val,meadow,1920x1080,none,424,580.1859,616.4344,4
GOPR5843_002,val,meadow,1920x1080,none,424,616.4344,654.9476,3
GOPR5843_002,val,meadow,1920x1080,none,424,654.9476,695.867,4
GOPR5843_002,val,meadow,1920x1080,none,424,695.867,739.3429,5
GOPR5843_002,val,meadow,1920x1080,none,424,739.3429,785.5351,5
GOPR5843_002,val,meadow,1920x1080,none,424,785.5351,834.6133,1
GOPR5843_002,val,meadow,1920x1080,none,424,834.6133,886.7577,4
GOPR5843_002,val,meadow,1920x1080,none,424,886.7577,942.16,2
GOPR5843_002,val,meadow,1920x1080,none,424,942.16,1001.0237,1
GOPR5843_002,val,meadow,1920x1080,none,424,1063.565,1130.0138,1
GOPR5843_002,val,meadow,1920x1080,none,424,1130.0138,1200.6141,2
GOPR5843_002,val,meadow,1920x1080,none,424,1200.6141,1275.6253,1
GOPR5843_002,val,meadow,1920x1080,none,424,1275.6253,1355.323,2
GOPR5843_002,val,meadow,1920x1080,none,424,1355.323,1440.0,1
GOPR5843_002,val,meadow,1920x1080,none,424,1440.0,1529.9674,1
GOPR5843_002,val,meadow,1920x1080,none,424,1529.9674,1625.5557,1
GOPR5843_002,val,meadow,1920x1080,none,424,1625.5557,1727.1162,2
GOPR5843_002,val,meadow,1920x1080,none,424,1835.0219,1949.6692,1
GOPR5843_002,val,meadow,1920x1080,none,424,1949.6692,2071.4794,1
GOPR5843_002,val,meadow,1920x1080,none,424,2071.4794,2200.9,1
GOPR5843_002,val,meadow,1920x1080,none,424,2200.9,2338.4064,1
GOPR5843_002,val,meadow,1920x1080,none,424,2338.4064,2484.5039,2
GOPR5843_002,val,meadow,1920x1080,none,424,2484.5039,2639.7291,2
GOPR5843_002,val,meadow,1920x1080,none,424,2804.6525,2979.8798,2
GOPR5843_002,val,meadow,1920x1080,none,424,2979.8798,3166.0548,2
GOPR5843_002,val,meadow,1920x1080,none,424,3363.8616,3574.0268,1
GOPR5843_002,val,meadow,1920x1080,none,424,3797.3226,4034.5693,2
GOPR5843_002,val,meadow,1920x1080,none,424,4034.5693,4286.6386,1
GOPR5843_002,val,meadow,1920x1080,none,424,4286.6386,4554.4564,3
GOPR5843_002,val,meadow,1920x1080,none,424,4839.0069,5141.3353,2
GOPR5843_002,val,meadow,1920x1080,none,424,5141.3353,5462.5524,1
GOPR5843_002,val,meadow,1920x1080,none,424,1951665.1031,2073600.0,1
GOPR5843_005,val,meadow,1920x1080,none,571,1.0,1.0625,2155976
GOPR5843_005,val,meadow,1920x1080,none,571,1.9477,2.0694,556572
GOPR5843_005,val,meadow,1920x1080,none,571,2.9768,3.1628,241234
GOPR5843_005,val,meadow,1920x1080,none,571,3.7934,4.0304,140672
GOPR5843_005,val,meadow,1920x1080,none,571,4.8341,5.1361,89492
GOPR5843_005,val,meadow,1920x1080,none,571,5.7979,6.1601,63630
GOPR5843_005,val,meadow,1920x1080,none,571,6.9539,7.3884,45976
GOPR5843_005,val,meadow,1920x1080,none,571,7.85,8.3404,35522
GOPR5843_005,val,meadow,1920x1080,none,571,8.8615,9.4152,27914
GOPR5843_005,val,meadow,1920x1080,none,571,9.4152,10.0034,22577
GOPR5843_005,val,meadow,1920x1080,none,571,10.6284,11.2924,18442
GOPR5843_005,val,meadow,1920x1080,none,571,11.998,12.7476,15711
GOPR5843_005,val,meadow,1920x1080,none,571,12.7476,13.544,13219
GOPR5843_005,val,meadow,1920x1080,none,571,13.544,14.3902,11117
GOPR5843_005,val,meadow,1920x1080,none,571,14.3902,15.2892,9609
GOPR5843_005,val,meadow,1920x1080,none,571,15.2892,16.2445,8351
GOPR5843_005,val,meadow,1920x1080,none,571,16.2445,17.2594,7157
GOPR5843_005,val,meadow,1920x1080,none,571,17.2594,18.3377,6249
GOPR5843_005,val,meadow,1920x1080,none,571,18.3377,19.4834,5419
GOPR5843_005,val,meadow,1920x1080,none,571,19.4834,20.7007,4790
GOPR5843_005,val,meadow,1920x1080,none,571,20.7007,21.994,4142
GOPR5843_005,val,meadow,1920x1080,none,571,21.994,23.3681,7417
GOPR5843_005,val,meadow,1920x1080,none,571,23.3681,24.8281,3312
GOPR5843_005,val,meadow,1920x1080,none,571,24.8281,26.3793,5110
GOPR5843_005,val,meadow,1920x1080,none,571,26.3793,28.0274,4245
GOPR5843_005,val,meadow,1920x1080,none,571,28.0274,29.7785,1892
GOPR5843_005,val,meadow,1920x1080,none,571,29.7785,31.639,3245
GOPR5843_005,val,meadow,1920x1080,none,571,31.639,33.6157,2969
GOPR5843_005,val,meadow,1920x1080,none,571,33.6157,35.7159,2593
GOPR5843_005,val,meadow,1920x1080,none,571,35.7159,37.9473,2388
GOPR5843_005,val,meadow,1920x1080,none,571,37.9473,40.3182,3082
GOPR5843_005,val,meadow,1920x1080,none,571,40.3182,42.8372,1794
GOPR5843_005,val,meadow,1920x1080,none,571,42.8372,45.5135,2240
GOPR5843_005,val,meadow,1920x1080,none,571,45.5135,48.3571,2043
GOPR5843_005,val,meadow,1920x1080,none,571,48.3571,51.3783,1463
GOPR5843_005,val,meadow,1920x1080,none,571,51.3783,54.5883,1231
GOPR5843_005,val,meadow,1920x1080,none,571,54.5883,57.9988,1066
GOPR5843_005,val,meadow,1920x1080,none,571,57.9988,61.6224,1324
GOPR5843_005,val,meadow,1920x1080,none,571,61.6224,65.4724,1036
GOPR5843_005,val,meadow,1920x1080,none,571,65.4724,69.563,987
GOPR5843_005,val,meadow,1920x1080,none,571,69.563,73.9091,914
GOPR5843_005,val,meadow,1920x1080,none,571,73.9091,78.5267,1064
GOPR5843_005,val,meadow,1920x1080,none,571,78.5267,83.4329,976
GOPR5843_005,val,meadow,1920x1080,none,571,83.4329,88.6455,737
GOPR5843_005,val,meadow,1920x1080,none,571,88.6455,94.1839,616
GOPR5843_005,val,meadow,1920x1080,none,571,94.1839,100.0682,506
GOPR5843_005,val,meadow,1920x1080,none,571,100.0682,106.3202,421
GOPR5843_005,val,meadow,1920x1080,none,571,106.3202,112.9628,313
GOPR5843_005,val,meadow,1920x1080,none,571,112.9628,120.0205,353
GOPR5843_005,val,meadow,1920x1080,none,571,120.0205,127.519,207
GOPR5843_005,val,meadow,1920x1080,none,571,127.519,135.4861,250
GOPR5843_005,val,meadow,1920x1080,none,571,135.4861,143.9509,244
GOPR5843_005,val,meadow,1920x1080,none,571,143.9509,152.9446,207
GOPR5843_005,val,meadow,1920x1080,none,571,152.9446,162.5001,208
GOPR5843_005,val,meadow,1920x1080,none,571,162.5001,172.6527,199
GOPR5843_005,val,meadow,1920x1080,none,571,172.6527,183.4396,233
GOPR5843_005,val,meadow,1920x1080,none,571,183.4396,194.9004,194
GOPR5843_005,val,meadow,1920x1080,none,571,194.9004,207.0773,147
GOPR5843_005,val,meadow,1920x1080,none,571,207.0773,220.0149,164
GOPR5843_005,val,meadow,1920x1080,none,571,220.0149,233.7609,139
GOPR5843_005,val,meadow,1920x1080,none,571,233.7609,248.3657,74
GOPR5843_005,val,meadow,1920x1080,none,571,248.3657,263.8829,46
GOPR5843_005,val,meadow,1920x1080,none,571,263.8829,280.3696,39
GOPR5843_005,val,meadow,1920x1080,none,571,280.3696,297.8864,12
GOPR5843_005,val,meadow,1920x1080,none,571,297.8864,316.4975,20
GOPR5843_005,val,meadow,1920x1080,none,571,316.4975,336.2714,21
GOPR5843_005,val,meadow,1920x1080,none,571,336.2714,357.2808,19
GOPR5843_005,val,meadow,1920x1080,none,571,357.2808,379.6028,5
GOPR5843_005,val,meadow,1920x1080,none,571,379.6028,403.3193,14
GOPR5843_005,val,meadow,1920x1080,none,571,403.3193,428.5177,3
GOPR5843_005,val,meadow,1920x1080,none,571,428.5177,455.2903,2
GOPR5843_005,val,meadow,1920x1080,none,571,483.7357,513.9582,1
GOPR5843_005,val,meadow,1920x1080,none,571,1951665.1031,2073600.0,1
GOPR5844_002,train,meadow,1920x1080,none,497,1.0,1.0625,1385797
GOPR5844_002,train,meadow,1920x1080,none,497,1.9477,2.0694,249081
GOPR5844_002,train,meadow,1920x1080,none,497,2.9768,3.1628,95942
GOPR5844_002,train,meadow,1920x1080,none,497,3.7934,4.0304,54278
GOPR5844_002,train,meadow,1920x1080,none,497,4.8341,5.1361,34948
GOPR5844_002,train,meadow,1920x1080,none,497,5.7979,6.1601,24263
GOPR5844_002,train,meadow,1920x1080,none,497,6.9539,7.3884,18015
GOPR5844_002,train,meadow,1920x1080,none,497,7.85,8.3404,14062
GOPR5844_002,train,meadow,1920x1080,none,497,8.8615,9.4152,11090
GOPR5844_002,train,meadow,1920x1080,none,497,9.4152,10.0034,9056
GOPR5844_002,train,meadow,1920x1080,none,497,10.6284,11.2924,7621
GOPR5844_002,train,meadow,1920x1080,none,497,11.998,12.7476,6243
GOPR5844_002,train,meadow,1920x1080,none,497,12.7476,13.544,4911
GOPR5844_002,train,meadow,1920x1080,none,497,13.544,14.3902,4677
GOPR5844_002,train,meadow,1920x1080,none,497,14.3902,15.2892,4022
GOPR5844_002,train,meadow,1920x1080,none,497,15.2892,16.2445,3409
GOPR5844_002,train,meadow,1920x1080,none,497,16.2445,17.2594,3107
GOPR5844_002,train,meadow,1920x1080,none,497,17.2594,18.3377,2572
GOPR5844_002,train,meadow,1920x1080,none,497,18.3377,19.4834,2483
GOPR5844_002,train,meadow,1920x1080,none,497,19.4834,20.7007,2064
GOPR5844_002,train,meadow,1920x1080,none,497,20.7007,21.994,1966
GOPR5844_002,train,meadow,1920x1080,none,497,21.994,23.3681,3220
GOPR5844_002,train,meadow,1920x1080,none,497,23.3681,24.8281,1336
GOPR5844_002,train,meadow,1920x1080,none,497,24.8281,26.3793,2318
GOPR5844_002,train,meadow,1920x1080,none,497,26.3793,28.0274,1946
GOPR5844_002,train,meadow,1920x1080,none,497,28.0274,29.7785,846
GOPR5844_002,train,meadow,1920x1080,none,497,29.7785,31.639,1463
GOPR5844_002,train,meadow,1920x1080,none,497,31.639,33.6157,1325
GOPR5844_002,train,meadow,1920x1080,none,497,33.6157,35.7159,981
GOPR5844_002,train,meadow,1920x1080,none,497,35.7159,37.9473,900
GOPR5844_002,train,meadow,1920x1080,none,497,37.9473,40.3182,1313
GOPR5844_002,train,meadow,1920x1080,none,497,40.3182,42.8372,747
GOPR5844_002,train,meadow,1920x1080,none,497,42.8372,45.5135,961
GOPR5844_002,train,meadow,1920x1080,none,497,45.5135,48.3571,949
GOPR5844_002,train,meadow,1920x1080,none,497,48.3571,51.3783,812
GOPR5844_002,train,meadow,1920x1080,none,497,51.3783,54.5883,673
GOPR5844_002,train,meadow,1920x1080,none,497,54.5883,57.9988,594
GOPR5844_002,train,meadow,1920x1080,none,497,57.9988,61.6224,659
GOPR5844_002,train,meadow,1920x1080,none,497,61.6224,65.4724,595
GOPR5844_002,train,meadow,1920x1080,none,497,65.4724,69.563,497
GOPR5844_002,train,meadow,1920x1080,none,497,69.563,73.9091,406
GOPR5844_002,train,meadow,1920x1080,none,497,73.9091,78.5267,388
GOPR5844_002,train,meadow,1920x1080,none,497,78.5267,83.4329,330
GOPR5844_002,train,meadow,1920x1080,none,497,83.4329,88.6455,267
GOPR5844_002,train,meadow,1920x1080,none,497,88.6455,94.1839,256
GOPR5844_002,train,meadow,1920x1080,none,497,94.1839,100.0682,243
GOPR5844_002,train,meadow,1920x1080,none,497,100.0682,106.3202,181
GOPR5844_002,train,meadow,1920x1080,none,497,106.3202,112.9628,157
GOPR5844_002,train,meadow,1920x1080,none,497,112.9628,120.0205,218
GOPR5844_002,train,meadow,1920x1080,none,497,120.0205,127.519,152
GOPR5844_002,train,meadow,1920x1080,none,497,127.519,135.4861,172
GOPR5844_002,train,meadow,1920x1080,none,497,135.4861,143.9509,130
GOPR5844_002,train,meadow,1920x1080,none,497,143.9509,152.9446,120
GOPR5844_002,train,meadow,1920x1080,none,497,152.9446,162.5001,93
GOPR5844_002,train,meadow,1920x1080,none,497,162.5001,172.6527,105
GOPR5844_002,train,meadow,1920x1080,none,497,172.6527,183.4396,115
GOPR5844_002,train,meadow,1920x1080,none,497,183.4396,194.9004,91
GOPR5844_002,train,meadow,1920x1080,none,497,194.9004,207.0773,54
GOPR5844_002,train,meadow,1920x1080,none,497,207.0773,220.0149,58
GOPR5844_002,train,meadow,1920x1080,none,497,220.0149,233.7609,64
GOPR5844_002,train,meadow,1920x1080,none,497,233.7609,248.3657,56
GOPR5844_002,train,meadow,1920x1080,none,497,248.3657,263.8829,54
GOPR5844_002,train,meadow,1920x1080,none,497,263.8829,280.3696,43
GOPR5844_002,train,meadow,1920x1080,none,497,280.3696,297.8864,34
GOPR5844_002,train,meadow,1920x1080,none,497,297.8864,316.4975,39
GOPR5844_002,train,meadow,1920x1080,none,497,316.4975,336.2714,42
GOPR5844_002,train,meadow,1920x1080,none,497,336.2714,357.2808,36
GOPR5844_002,train,meadow,1920x1080,none,497,357.2808,379.6028,32
GOPR5844_002,train,meadow,1920x1080,none,497,379.6028,403.3193,45
GOPR5844_002,train,meadow,1920x1080,none,497,403.3193,428.5177,36
GOPR5844_002,train,meadow,1920x1080,none,497,428.5177,455.2903,53
GOPR5844_002,train,meadow,1920x1080,none,497,455.2903,483.7357,32
GOPR5844_002,train,meadow,1920x1080,none,497,483.7357,513.9582,36
GOPR5844_002,train,meadow,1920x1080,none,497,513.9582,546.069,27
GOPR5844_002,train,meadow,1920x1080,none,497,546.069,580.1859,32
GOPR5844_002,train,meadow,1920x1080,none,497,580.1859,616.4344,21
GOPR5844_002,train,meadow,1920x1080,none,497,616.4344,654.9476,18
GOPR5844_002,train,meadow,1920x1080,none,497,654.9476,695.867,15
GOPR5844_002,train,meadow,1920x1080,none,497,695.867,739.3429,12
GOPR5844_002,train,meadow,1920x1080,none,497,739.3429,785.5351,12
GOPR5844_002,train,meadow,1920x1080,none,497,785.5351,834.6133,19
GOPR5844_002,train,meadow,1920x1080,none,497,834.6133,886.7577,16
GOPR5844_002,train,meadow,1920x1080,none,497,886.7577,942.16,21
GOPR5844_002,train,meadow,1920x1080,none,497,942.16,1001.0237,17
GOPR5844_002,train,meadow,1920x1080,none,497,1001.0237,1063.565,10
GOPR5844_002,train,meadow,1920x1080,none,497,1063.565,1130.0138,9
GOPR5844_002,train,meadow,1920x1080,none,497,1130.0138,1200.6141,6
GOPR5844_002,train,meadow,1920x1080,none,497,1200.6141,1275.6253,9
GOPR5844_002,train,meadow,1920x1080,none,497,1275.6253,1355.323,7
GOPR5844_002,train,meadow,1920x1080,none,497,1355.323,1440.0,4
GOPR5844_002,train,meadow,1920x1080,none,497,1440.0,1529.9674,2
GOPR5844_002,train,meadow,1920x1080,none,497,1529.9674,1625.5557,9
GOPR5844_002,train,meadow,1920x1080,none,497,1625.5557,1727.1162,3
GOPR5844_002,train,meadow,1920x1080,none,497,1727.1162,1835.0219,3
GOPR5844_002,train,meadow,1920x1080,none,497,1835.0219,1949.6692,6
GOPR5844_002,train,meadow,1920x1080,none,497,1949.6692,2071.4794,6
GOPR5844_002,train,meadow,1920x1080,none,497,2071.4794,2200.9,6
GOPR5844_002,train,meadow,1920x1080,none,497,2200.9,2338.4064,3
GOPR5844_002,train,meadow,1920x1080,none,497,2338.4064,2484.5039,6
GOPR5844_002,train,meadow,1920x1080,none,497,2484.5039,2639.7291,8
GOPR5844_002,train,meadow,1920x1080,none,497,2639.7291,2804.6525,4
GOPR5844_002,train,meadow,1920x1080,none,497,2804.6525,2979.8798,6
GOPR5844_002,train,meadow,1920x1080,none,497,2979.8798,3166.0548,3
GOPR5844_002,train,meadow,1920x1080,none,497,3166.0548,3363.8616,2
GOPR5844_002,train,meadow,1920x1080,none,497,1951665.1031,2073600.0,1
GOPR5844_004,train,meadow,1920x1080,none,417,1.0,1.0625,893975
GOPR5844_004,train,meadow,1920x1080,none,417,1.9477,2.0694,156459
GOPR5844_004,train,meadow,1920x1080,none,417,2.9768,3.1628,57944
GOPR5844_004,train,meadow,1920x1080,none,417,3.7934,4.0304,32556
GOPR5844_004,train,meadow,1920x1080,none,417,4.8341,5.1361,19880
GOPR5844_004,train,meadow,1920x1080,none,417,5.7979,6.1601,14001
GOPR5844_004,train,meadow,1920x1080,none,417,6.9539,7.3884,10193
GOPR5844_004,train,meadow,1920x1080,none,417,7.85,8.3404,7833
GOPR5844_004,train,meadow,1920x1080,none,417,8.8615,9.4152,5956
GOPR5844_004,train,meadow,1920x1080,none,417,9.4152,10.0034,4353
GOPR5844_004,train,meadow,1920x1080,none,417,10.6284,11.2924,3632
GOPR5844_004,train,meadow,1920x1080,none,417,11.998,12.7476,2975
GOPR5844_004,train,meadow,1920x1080,none,417,12.7476,13.544,2615
GOPR5844_004,train,meadow,1920x1080,none,417,13.544,14.3902,2230
GOPR5844_004,train,meadow,1920x1080,none,417,14.3902,15.2892,1795
GOPR5844_004,train,meadow,1920x1080,none,417,15.2892,16.2445,1502
GOPR5844_004,train,meadow,1920x1080,none,417,16.2445,17.2594,1351
GOPR5844_004,train,meadow,1920x1080,none,417,17.2594,18.3377,1130
GOPR5844_004,train,meadow,1920x1080,none,417,18.3377,19.4834,1073
GOPR5844_004,train,meadow,1920x1080,none,417,19.4834,20.7007,870
GOPR5844_004,train,meadow,1920x1080,none,417,20.7007,21.994,745
GOPR5844_004,train,meadow,1920x1080,none,417,21.994,23.3681,1311
GOPR5844_004,train,meadow,1920x1080,none,417,23.3681,24.8281,584
GOPR5844_004,train,meadow,1920x1080,none,417,24.8281,26.3793,935
GOPR5844_004,train,meadow,1920x1080,none,417,26.3793,28.0274,786
GOPR5844_004,train,meadow,1920x1080,none,417,28.0274,29.7785,378
GOPR5844_004,train,meadow,1920x1080,none,417,29.7785,31.639,654
GOPR5844_004,train,meadow,1920x1080,none,417,31.639,33.6157,485
GOPR5844_004,train,meadow,1920x1080,none,417,33.6157,35.7159,405
GOPR5844_004,train,meadow,1920x1080,none,417,35.7159,37.9473,352
GOPR5844_004,train,meadow,1920x1080,none,417,37.9473,40.3182,521
GOPR5844_004,train,meadow,1920x1080,none,417,40.3182,42.8372,335
GOPR5844_004,train,meadow,1920x1080,none,417,42.8372,45.5135,451
GOPR5844_004,train,meadow,1920x1080,none,417,45.5135,48.3571,367
GOPR5844_004,train,meadow,1920x1080,none,417,48.3571,51.3783,265
GOPR5844_004,train,meadow,1920x1080,none,417,51.3783,54.5883,197
GOPR5844_004,train,meadow,1920x1080,none,417,54.5883,57.9988,181
GOPR5844_004,train,meadow,1920x1080,none,417,57.9988,61.6224,264
GOPR5844_004,train,meadow,1920x1080,none,417,61.6224,65.4724,151
GOPR5844_004,train,meadow,1920x1080,none,417,65.4724,69.563,129
GOPR5844_004,train,meadow,1920x1080,none,417,69.563,73.9091,117
GOPR5844_004,train,meadow,1920x1080,none,417,73.9091,78.5267,155
GOPR5844_004,train,meadow,1920x1080,none,417,78.5267,83.4329,153
GOPR5844_004,train,meadow,1920x1080,none,417,83.4329,88.6455,164
GOPR5844_004,train,meadow,1920x1080,none,417,88.6455,94.1839,102
GOPR5844_004,train,meadow,1920x1080,none,417,94.1839,100.0682,71
GOPR5844_004,train,meadow,1920x1080,none,417,100.0682,106.3202,63
GOPR5844_004,train,meadow,1920x1080,none,417,106.3202,112.9628,57
GOPR5844_004,train,meadow,1920x1080,none,417,112.9628,120.0205,45
GOPR5844_004,train,meadow,1920x1080,none,417,120.0205,127.519,43
GOPR5844_004,train,meadow,1920x1080,none,417,127.519,135.4861,44
GOPR5844_004,train,meadow,1920x1080,none,417,135.4861,143.9509,33
GOPR5844_004,train,meadow,1920x1080,none,417,143.9509,152.9446,24
GOPR5844_004,train,meadow,1920x1080,none,417,152.9446,162.5001,22
GOPR5844_004,train,meadow,1920x1080,none,417,162.5001,172.6527,18
GOPR5844_004,train,meadow,1920x1080,none,417,172.6527,183.4396,16
GOPR5844_004,train,meadow,1920x1080,none,417,183.4396,194.9004,12
GOPR5844_004,train,meadow,1920x1080,none,417,194.9004,207.0773,5
GOPR5844_004,train,meadow,1920x1080,none,417,207.0773,220.0149,3
GOPR5844_004,train,meadow,1920x1080,none,417,220.0149,233.7609,5
GOPR5844_004,train,meadow,1920x1080,none,417,233.7609,248.3657,19
GOPR5844_004,train,meadow,1920x1080,none,417,248.3657,263.8829,9
GOPR5844_004,train,meadow,1920x1080,none,417,263.8829,280.3696,4
GOPR5844_004,train,meadow,1920x1080,none,417,280.3696,297.8864,9
GOPR5844_004,train,meadow,1920x1080,none,417,297.8864,316.4975,6
GOPR5844_004,train,meadow,1920x1080,none,417,316.4975,336.2714,1
GOPR5844_004,train,meadow,1920x1080,none,417,336.2714,357.2808,4
GOPR5844_004,train,meadow,1920x1080,none,417,357.2808,379.6028,2
GOPR5844_004,train,meadow,1920x1080,none,417,379.6028,403.3193,6
GOPR5844_004,train,meadow,1920x1080,none,417,403.3193,428.5177,7
GOPR5844_004,train,meadow,1920x1080,none,417,428.5177,455.2903,5
GOPR5844_004,train,meadow,1920x1080,none,417,455.2903,483.7357,5
GOPR5844_004,train,meadow,1920x1080,none,417,483.7357,513.9582,10
GOPR5844_004,train,meadow,1920x1080,none,417,513.9582,546.069,13
GOPR5844_004,train,meadow,1920x1080,none,417,546.069,580.1859,17
GOPR5844_004,train,meadow,1920x1080,none,417,580.1859,616.4344,8
GOPR5844_004,train,meadow,1920x1080,none,417,616.4344,654.9476,11
GOPR5844_004,train,meadow,1920x1080,none,417,654.9476,695.867,6
GOPR5844_004,train,meadow,1920x1080,none,417,695.867,739.3429,16
GOPR5844_004,train,meadow,1920x1080,none,417,739.3429,785.5351,9
GOPR5844_004,train,meadow,1920x1080,none,417,785.5351,834.6133,7
GOPR5844_004,train,meadow,1920x1080,none,417,834.6133,886.7577,1
GOPR5844_004,train,meadow,1920x1080,none,417,886.7577,942.16,2
GOPR5844_004,train,meadow,1920x1080,none,417,942.16,1001.0237,2
GOPR5844_004,train,meadow,1920x1080,none,417,1001.0237,1063.565,6
GOPR5844_004,train,meadow,1920x1080,none,417,1063.565,1130.0138,2
GOPR5844_004,train,meadow,1920x1080,none,417,1130.0138,1200.6141,8
GOPR5844_004,train,meadow,1920x1080,none,417,1200.6141,1275.6253,1
GOPR5844_004,train,meadow,1920x1080,none,417,1275.6253,1355.323,8
GOPR5844_004,train,meadow,1920x1080,none,417,1355.323,1440.0,16
GOPR5844_004,train,meadow,1920x1080,none,417,1440.0,1529.9674,30
GOPR5844_004,train,meadow,1920x1080,none,417,1529.9674,1625.5557,26
GOPR5844_004,train,meadow,1920x1080,none,417,1625.5557,1727.1162,25
GOPR5844_004,train,meadow,1920x1080,none,417,1727.1162,1835.0219,13
GOPR5844_004,train,meadow,1920x1080,none,417,1835.0219,1949.6692,13
GOPR5844_004,train,meadow,1920x1080,none,417,1949.6692,2071.4794,7
GOPR5844_004,train,meadow,1920x1080,none,417,2071.4794,2200.9,6
GOPR5844_004,train,meadow,1920x1080,none,417,1951665.1031,2073600.0,1
GOPR5845_001,train,meadow,1920x1080,none,601,1.0,1.0625,1661981
GOPR5845_001,train,meadow,1920x1080,none,601,1.9477,2.0694,419365
GOPR5845_001,train,meadow,1920x1080,none,601,2.9768,3.1628,178512
GOPR5845_001,train,meadow,1920x1080,none,601,3.7934,4.0304,100234
GOPR5845_001,train,meadow,1920x1080,none,601,4.8341,5.1361,62833
GOPR5845_001,train,meadow,1920x1080,none,601,5.7979,6.1601,42924
GOPR5845_001,train,meadow,1920x1080,none,601,6.9539,7.3884,30336
GOPR5845_001,train,meadow,1920x1080,none,601,7.85,8.3404,22563
GOPR5845_001,train,meadow,1920x1080,none,601,8.8615,9.4152,17021
GOPR5845_001,train,meadow,1920x1080,none,601,9.4152,10.0034,13248
GOPR5845_001,train,meadow,1920x1080,none,601,10.6284,11.2924,10483
GOPR5845_001,train,meadow,1920x1080,none,601,11.998,12.7476,8432
GOPR5845_001,train,meadow,1920x1080,none,601,12.7476,13.544,7047
GOPR5845_001,train,meadow,1920x1080,none,601,13.544,14.3902,5736
GOPR5845_001,train,meadow,1920x1080,none,601,14.3902,15.2892,4657
GOPR5845_001,train,meadow,1920x1080,none,601,15.2892,16.2445,3991
GOPR5845_001,train,meadow,1920x1080,none,601,16.2445,17.2594,3341
GOPR5845_001,train,meadow,1920x1080,none,601,17.2594,18.3377,2881
GOPR5845_001,train,meadow,1920x1080,none,601,18.3377,19.4834,2492
GOPR5845_001,train,meadow,1920x1080,none,601,19.4834,20.7007,2147
GOPR5845_001,train,meadow,1920x1080,none,601,20.7007,21.994,2021
GOPR5845_001,train,meadow,1920x1080,none,601,21.994,23.3681,3169
GOPR5845_001,train,meadow,1920x1080,none,601,23.3681,24.8281,1305
GOPR5845_001,train,meadow,1920x1080,none,601,24.8281,26.3793,2179
GOPR5845_001,train,meadow,1920x1080,none,601,26.3793,28.0274,1748
GOPR5845_001,train,meadow,1920x1080,none,601,28.0274,29.7785,735
GOPR5845_001,train,meadow,1920x1080,none,601,29.7785,31.639,1129
GOPR5845_001,train,meadow,1920x1080,none,601,31.639,33.6157,938
GOPR5845_001,train,meadow,1920x1080,none,601,33.6157,35.7159,787
GOPR5845_001,train,meadow,1920x1080,none,601,35.7159,37.9473,749
GOPR5845_001,train,meadow,1920x1080,none,601,37.9473,40.3182,826
GOPR5845_001,train,meadow,1920x1080,none,601,40.3182,42.8372,436
GOPR5845_001,train,meadow,1920x1080,none,601,42.8372,45.5135,592
GOPR5845_001,train,meadow,1920x1080,none,601,45.5135,48.3571,474
GOPR5845_001,train,meadow,1920x1080,none,601,48.3571,51.3783,397
GOPR5845_001,train,meadow,1920x1080,none,601,51.3783,54.5883,367
GOPR5845_001,train,meadow,1920x1080,none,601,54.5883,57.9988,255
GOPR5845_001,train,meadow,1920x1080,none,601,57.9988,61.6224,315
GOPR5845_001,train,meadow,1920x1080,none,601,61.6224,65.4724,266
GOPR5845_001,train,meadow,1920x1080,none,601,65.4724,69.563,185
GOPR5845_001,train,meadow,1920x1080,none,601,69.563,73.9091,96
GOPR5845_001,train,meadow,1920x1080,none,601,73.9091,78.5267,51
GOPR5845_001,train,meadow,1920x1080,none,601,78.5267,83.4329,46
GOPR5845_001,train,meadow,1920x1080,none,601,83.4329,88.6455,46
GOPR5845_001,train,meadow,1920x1080,none,601,88.6455,94.1839,48
GOPR5845_001,train,meadow,1920x1080,none,601,94.1839,100.0682,48
GOPR5845_001,train,meadow,1920x1080,none,601,100.0682,106.3202,13
GOPR5845_001,train,meadow,1920x1080,none,601,106.3202,112.9628,8
GOPR5845_001,train,meadow,1920x1080,none,601,112.9628,120.0205,15
GOPR5845_001,train,meadow,1920x1080,none,601,120.0205,127.519,20
GOPR5845_001,train,meadow,1920x1080,none,601,127.519,135.4861,30
GOPR5845_001,train,meadow,1920x1080,none,601,135.4861,143.9509,19
GOPR5845_001,train,meadow,1920x1080,none,601,143.9509,152.9446,20
GOPR5845_001,train,meadow,1920x1080,none,601,152.9446,162.5001,10
GOPR5845_001,train,meadow,1920x1080,none,601,162.5001,172.6527,10
GOPR5845_001,train,meadow,1920x1080,none,601,172.6527,183.4396,8
GOPR5845_001,train,meadow,1920x1080,none,601,183.4396,194.9004,6
GOPR5845_001,train,meadow,1920x1080,none,601,194.9004,207.0773,9
GOPR5845_001,train,meadow,1920x1080,none,601,207.0773,220.0149,4
GOPR5845_001,train,meadow,1920x1080,none,601,220.0149,233.7609,5
GOPR5845_001,train,meadow,1920x1080,none,601,233.7609,248.3657,3
GOPR5845_001,train,meadow,1920x1080,none,601,248.3657,263.8829,4
GOPR5845_001,train,meadow,1920x1080,none,601,263.8829,280.3696,5
GOPR5845_001,train,meadow,1920x1080,none,601,280.3696,297.8864,2
GOPR5845_001,train,meadow,1920x1080,none,601,297.8864,316.4975,2
GOPR5845_001,train,meadow,1920x1080,none,601,316.4975,336.2714,2
GOPR5845_001,train,meadow,1920x1080,none,601,336.2714,357.2808,4
GOPR5845_001,train,meadow,1920x1080,none,601,357.2808,379.6028,4
GOPR5845_001,train,meadow,1920x1080,none,601,379.6028,403.3193,14
GOPR5845_001,train,meadow,1920x1080,none,601,403.3193,428.5177,9
GOPR5845_001,train,meadow,1920x1080,none,601,428.5177,455.2903,3
GOPR5845_001,train,meadow,1920x1080,none,601,455.2903,483.7357,5
GOPR5845_001,train,meadow,1920x1080,none,601,483.7357,513.9582,9
GOPR5845_001,train,meadow,1920x1080,none,601,513.9582,546.069,18
GOPR5845_001,train,meadow,1920x1080,none,601,546.069,580.1859,2
GOPR5845_001,train,meadow,1920x1080,none,601,1951665.1031,2073600.0,1
GOPR5845_004,train,meadow,1920x1080,none,391,1.0,1.0625,1290335
GOPR5845_004,train,meadow,1920x1080,none,391,1.9477,2.0694,283371
GOPR5845_004,train,meadow,1920x1080,none,391,2.9768,3.1628,111930
GOPR5845_004,train,meadow,1920x1080,none,391,3.7934,4.0304,59963
GOPR5845_004,train,meadow,1920x1080,none,391,4.8341,5.1361,35265
GOPR5845_004,train,meadow,1920x1080,none,391,5.7979,6.1601,22786
GOPR5845_004,train,meadow,1920x1080,none,391,6.9539,7.3884,15111
GOPR5845_004,train,meadow,1920x1080,none,391,7.85,8.3404,10628
GOPR5845_004,train,meadow,1920x1080,none,391,8.8615,9.4152,7654
GOPR5845_004,train,meadow,1920x1080,none,391,9.4152,10.0034,5578
GOPR5845_004,train,meadow,1920x1080,none,391,10.6284,11.2924,4204
GOPR5845_004,train,meadow,1920x1080,none,391,11.998,12.7476,3404
GOPR5845_004,train,meadow,1920x1080,none,391,12.7476,13.544,2603
GOPR5845_004,train,meadow,1920x1080,none,391,13.544,14.3902,2099
GOPR5845_004,train,meadow,1920x1080,none,391,14.3902,15.2892,1688
GOPR5845_004,train,meadow,1920x1080,none,391,15.2892,16.2445,1409
GOPR5845_004,train,meadow,1920x1080,none,391,16.2445,17.2594,1038
GOPR5845_004,train,meadow,1920x1080,none,391,17.2594,18.3377,895
GOPR5845_004,train,meadow,1920x1080,none,391,18.3377,19.4834,732
GOPR5845_004,train,meadow,1920x1080,none,391,19.4834,20.7007,587
GOPR5845_004,train,meadow,1920x1080,none,391,20.7007,21.994,570
GOPR5845_004,train,meadow,1920x1080,none,391,21.994,23.3681,917
GOPR5845_004,train,meadow,1920x1080,none,391,23.3681,24.8281,299
GOPR5845_004,train,meadow,1920x1080,none,391,24.8281,26.3793,547
GOPR5845_004,train,meadow,1920x1080,none,391,26.3793,28.0274,382
GOPR5845_004,train,meadow,1920x1080,none,391,28.0274,29.7785,126
GOPR5845_004,train,meadow,1920x1080,none,391,29.7785,31.639,184
GOPR5845_004,train,meadow,1920x1080,none,391,31.639,33.6157,142
GOPR5845_004,train,meadow,1920x1080,none,391,33.6157,35.7159,97
GOPR5845_004,train,meadow,1920x1080,none,391,35.7159,37.9473,88
GOPR5845_004,train,meadow,1920x1080,none,391,37.9473,40.3182,104
GOPR5845_004,train,meadow,1920x1080,none,391,40.3182,42.8372,54
GOPR5845_004,train,meadow,1920x1080,none,391,42.8372,45.5135,76
GOPR5845_004,train,meadow,1920x1080,none,391,45.5135,48.3571,43
GOPR5845_004,train,meadow,1920x1080,none,391,48.3571,51.3783,39
GOPR5845_004,train,meadow,1920x1080,none,391,51.3783,54.5883,53
GOPR5845_004,train,meadow,1920x1080,none,391,54.5883,57.9988,44
GOPR5845_004,train,meadow,1920x1080,none,391,57.9988,61.6224,37
GOPR5845_004,train,meadow,1920x1080,none,391,61.6224,65.4724,33
GOPR5845_004,train,meadow,1920x1080,none,391,65.4724,69.563,17
GOPR5845_004,train,meadow,1920x1080,none,391,69.563,73.9091,19
GOPR5845_004,train,meadow,1920x1080,none,391,73.9091,78.5267,12
GOPR5845_004,train,meadow,1920x1080,none,391,78.5267,83.4329,9
GOPR5845_004,train,meadow,1920x1080,none,391,83.4329,88.6455,12
GOPR5845_004,train,meadow,1920x1080,none,391,88.6455,94.1839,33
GOPR5845_004,train,meadow,1920x1080,none,391,94.1839,100.0682,59
GOPR5845_004,train,meadow,1920x1080,none,391,100.0682,106.3202,60
GOPR5845_004,train,meadow,1920x1080,none,391,106.3202,112.9628,70
GOPR5845_004,train,meadow,1920x1080,none,391,112.9628,120.0205,76
GOPR5845_004,train,meadow,1920x1080,none,391,120.0205,127.519,36
GOPR5845_004,train,meadow,1920x1080,none,391,127.519,135.4861,12
GOPR5845_004,train,meadow,1920x1080,none,391,135.4861,143.9509,11
GOPR5845_004,train,meadow,1920x1080,none,391,143.9509,152.9446,9
GOPR5845_004,train,meadow,1920x1080,none,391,152.9446,162.5001,6
GOPR5845_004,train,meadow,1920x1080,none,391,162.5001,172.6527,12
GOPR5845_004,train,meadow,1920x1080,none,391,172.6527,183.4396,13
GOPR5845_004,train,meadow,1920x1080,none,391,183.4396,194.9004,13
GOPR5845_004,train,meadow,1920x1080,none,391,194.9004,207.0773,16
GOPR5845_004,train,meadow,1920x1080,none,391,207.0773,220.0149,14
GOPR5845_004,train,meadow,1920x1080,none,391,220.0149,233.7609,12
GOPR5845_004,train,meadow,1920x1080,none,391,233.7609,248.3657,12
GOPR5845_004,train,meadow,1920x1080,none,391,248.3657,263.8829,9
GOPR5845_004,train,meadow,1920x1080,none,391,263.8829,280.3696,16
GOPR5845_004,train,meadow,1920x1080,none,391,280.3696,297.8864,10
GOPR5845_004,train,meadow,1920x1080,none,391,297.8864,316.4975,12
GOPR5845_004,train,meadow,1920x1080,none,391,316.4975,336.2714,10
GOPR5845_004,train,meadow,1920x1080,none,391,336.2714,357.2808,5
GOPR5845_004,train,meadow,1920x1080,none,391,357.2808,379.6028,3
GOPR5845_004,train,meadow,1920x1080,none,391,379.6028,403.3193,8
GOPR5845_004,train,meadow,1920x1080,none,391,403.3193,428.5177,3
GOPR5845_004,train,meadow,1920x1080,none,391,455.2903,483.7357,5
GOPR5845_004,train,meadow,1920x1080,none,391,483.7357,513.9582,3
GOPR5845_004,train,meadow,1920x1080,none,391,513.9582,546.069,3
GOPR5845_004,train,meadow,1920x1080,none,391,546.069,580.1859,2
GOPR5845_004,train,meadow,1920x1080,none,391,580.1859,616.4344,3
GOPR5845_004,train,meadow,1920x1080,none,391,616.4344,654.9476,2
GOPR5845_004,train,meadow,1920x1080,none,391,654.9476,695.867,1
GOPR5845_004,train,meadow,1920x1080,none,391,695.867,739.3429,1
GOPR5845_004,train,meadow,1920x1080,none,391,739.3429,785.5351,3
GOPR5845_004,train,meadow,1920x1080,none,391,785.5351,834.6133,5
GOPR5845_004,train,meadow,1920x1080,none,391,834.6133,886.7577,5
GOPR5845_004,train,meadow,1920x1080,none,391,886.7577,942.16,5
GOPR5845_004,train,meadow,1920x1080,none,391,942.16,1001.0237,2
GOPR5845_004,train,meadow,1920x1080,none,391,1001.0237,1063.565,2
GOPR5845_004,train,meadow,1920x1080,none,391,1063.565,1130.0138,2
GOPR5845_004,train,meadow,1920x1080,none,391,1130.0138,1200.6141,1
GOPR5845_004,train,meadow,1920x1080,none,391,1200.6141,1275.6253,5
GOPR5845_004,train,meadow,1920x1080,none,391,1275.6253,1355.323,2
GOPR5845_004,train,meadow,1920x1080,none,391,1355.323,1440.0,5
GOPR5845_004,train,meadow,1920x1080,none,391,1440.0,1529.9674,3
GOPR5845_004,train,meadow,1920x1080,none,391,1529.9674,1625.5557,8
GOPR5845_004,train,meadow,1920x1080,none,391,1625.5557,1727.1162,4
GOPR5845_004,train,meadow,1920x1080,none,391,1727.1162,1835.0219,5
GOPR5845_004,train,meadow,1920x1080,none,391,1835.0219,1949.6692,7
GOPR5845_004,train,meadow,1920x1080,none,391,1949.6692,2071.4794,5
GOPR5845_004,train,meadow,1920x1080,none,391,2071.4794,2200.9,7
GOPR5845_004,train,meadow,1920x1080,none,391,2200.9,2338.4064,6
GOPR5845_004,train,meadow,1920x1080,none,391,2338.4064,2484.5039,1
GOPR5845_004,train,meadow,1920x1080,none,391,1951665.1031,2073600.0,1
GOPR5846_002,val,meadow,1920x1080,none,686,1.0,1.0625,1969396
GOPR5846_002,val,meadow,1920x1080,none,686,1.9477,2.0694,436353
GOPR5846_002,val,meadow,1920x1080,none,686,2.9768,3.1628,177636
GOPR5846_002,val,meadow,1920x1080,none,686,3.7934,4.0304,100114
GOPR5846_002,val,meadow,1920x1080,none,686,4.8341,5.1361,65559
GOPR5846_002,val,meadow,1920x1080,none,686,5.7979,6.1601,46415
GOPR5846_002,val,meadow,1920x1080,none,686,6.9539,7.3884,34865
GOPR5846_002,val,meadow,1920x1080,none,686,7.85,8.3404,26376
GOPR5846_002,val,meadow,1920x1080,none,686,8.8615,9.4152,21531
GOPR5846_002,val,meadow,1920x1080,none,686,9.4152,10.0034,17873
GOPR5846_002,val,meadow,1920x1080,none,686,10.6284,11.2924,14712
GOPR5846_002,val,meadow,1920x1080,none,686,11.998,12.7476,12326
GOPR5846_002,val,meadow,1920x1080,none,686,12.7476,13.544,10922
GOPR5846_002,val,meadow,1920x1080,none,686,13.544,14.3902,9411
GOPR5846_002,val,meadow,1920x1080,none,686,14.3902,15.2892,8099
GOPR5846_002,val,meadow,1920x1080,none,686,15.2892,16.2445,7310
GOPR5846_002,val,meadow,1920x1080,none,686,16.2445,17.2594,6444
GOPR5846_002,val,meadow,1920x1080,none,686,17.2594,18.3377,5498
GOPR5846_002,val,meadow,1920x1080,none,686,18.3377,19.4834,5044
GOPR5846_002,val,meadow,1920x1080,none,686,19.4834,20.7007,4370
GOPR5846_002,val,meadow,1920x1080,none,686,20.7007,21.994,3883
GOPR5846_002,val,meadow,1920x1080,none,686,21.994,23.3681,6884
GOPR5846_002,val,meadow,1920x1080,none,686,23.3681,24.8281,3088
GOPR5846_002,val,meadow,1920x1080,none,686,24.8281,26.3793,5702
GOPR5846_002,val,meadow,1920x1080,none,686,26.3793,28.0274,4618
GOPR5846_002,val,meadow,1920x1080,none,686,28.0274,29.7785,2077
GOPR5846_002,val,meadow,1920x1080,none,686,29.7785,31.639,3635
GOPR5846_002,val,meadow,1920x1080,none,686,31.639,33.6157,2927
GOPR5846_002,val,meadow,1920x1080,none,686,33.6157,35.7159,2392
GOPR5846_002,val,meadow,1920x1080,none,686,35.7159,37.9473,2090
GOPR5846_002,val,meadow,1920x1080,none,686,37.9473,40.3182,2497
GOPR5846_002,val,meadow,1920x1080,none,686,40.3182,42.8372,1491
GOPR5846_002,val,meadow,1920x1080,none,686,42.8372,45.5135,1834
GOPR5846_002,val,meadow,1920x1080,none,686,45.5135,48.3571,1666
GOPR5846_002,val,meadow,1920x1080,none,686,48.3571,51.3783,1459
GOPR5846_002,val,meadow,1920x1080,none,686,51.3783,54.5883,1259
GOPR5846_002,val,meadow,1920x1080,none,686,54.5883,57.9988,1170
GOPR5846_002,val,meadow,1920x1080,none,686,57.9988,61.6224,1281
GOPR5846_002,val,meadow,1920x1080,none,686,61.6224,65.4724,1076
GOPR5846_002,val,meadow,1920x1080,none,686,65.4724,69.563,915
GOPR5846_002,val,meadow,1920x1080,none,686,69.563,73.9091,829
GOPR5846_002,val,meadow,1920x1080,none,686,73.9091,78.5267,718
GOPR5846_002,val,meadow,1920x1080,none,686,78.5267,83.4329,582
GOPR5846_002,val,meadow,1920x1080,none,686,83.4329,88.6455,469
GOPR5846_002,val,meadow,1920x1080,none,686,88.6455,94.1839,377
GOPR5846_002,val,meadow,1920x1080,none,686,94.1839,100.0682,281
GOPR5846_002,val,meadow,1920x1080,none,686,100.0682,106.3202,280
GOPR5846_002,val,meadow,1920x1080,none,686,106.3202,112.9628,230
GOPR5846_002,val,meadow,1920x1080,none,686,112.9628,120.0205,212
GOPR5846_002,val,meadow,1920x1080,none,686,120.0205,127.519,164
GOPR5846_002,val,meadow,1920x1080,none,686,127.519,135.4861,134
GOPR5846_002,val,meadow,1920x1080,none,686,135.4861,143.9509,198
GOPR5846_002,val,meadow,1920x1080,none,686,143.9509,152.9446,186
GOPR5846_002,val,meadow,1920x1080,none,686,152.9446,162.5001,145
GOPR5846_002,val,meadow,1920x1080,none,686,162.5001,172.6527,116
GOPR5846_002,val,meadow,1920x1080,none,686,172.6527,183.4396,96
GOPR5846_002,val,meadow,1920x1080,none,686,183.4396,194.9004,43
GOPR5846_002,val,meadow,1920x1080,none,686,194.9004,207.0773,30
GOPR5846_002,val,meadow,1920x1080,none,686,207.0773,220.0149,53
GOPR5846_002,val,meadow,1920x1080,none,686,220.0149,233.7609,65
GOPR5846_002,val,meadow,1920x1080,none,686,233.7609,248.3657,30
GOPR5846_002,val,meadow,1920x1080,none,686,248.3657,263.8829,16
GOPR5846_002,val,meadow,1920x1080,none,686,263.8829,280.3696,15
GOPR5846_002,val,meadow,1920x1080,none,686,280.3696,297.8864,15
GOPR5846_002,val,meadow,1920x1080,none,686,297.8864,316.4975,32
GOPR5846_002,val,meadow,1920x1080,none,686,316.4975,336.2714,25
GOPR5846_002,val,meadow,1920x1080,none,686,336.2714,357.2808,16
GOPR5846_002,val,meadow,1920x1080,none,686,357.2808,379.6028,10
GOPR5846_002,val,meadow,1920x1080,none,686,379.6028,403.3193,8
GOPR5846_002,val,meadow,1920x1080,none,686,403.3193,428.5177,9
GOPR5846_002,val,meadow,1920x1080,none,686,428.5177,455.2903,12
GOPR5846_002,val,meadow,1920x1080,none,686,455.2903,483.7357,11
GOPR5846_002,val,meadow,1920x1080,none,686,483.7357,513.9582,11
GOPR5846_002,val,meadow,1920x1080,none,686,513.9582,546.069,11
GOPR5846_002,val,meadow,1920x1080,none,686,546.069,580.1859,11
GOPR5846_002,val,meadow,1920x1080,none,686,580.1859,616.4344,18
GOPR5846_002,val,meadow,1920x1080,none,686,616.4344,654.9476,6
GOPR5846_002,val,meadow,1920x1080,none,686,654.9476,695.867,4
GOPR5846_002,val,meadow,1920x1080,none,686,695.867,739.3429,5
GOPR5846_002,val,meadow,1920x1080,none,686,739.3429,785.5351,8
GOPR5846_002,val,meadow,1920x1080,none,686,785.5351,834.6133,7
GOPR5846_002,val,meadow,1920x1080,none,686,834.6133,886.7577,5
GOPR5846_002,val,meadow,1920x1080,none,686,886.7577,942.16,5
GOPR5846_002,val,meadow,1920x1080,none,686,942.16,1001.0237,5
GOPR5846_002,val,meadow,1920x1080,none,686,1001.0237,1063.565,7
GOPR5846_002,val,meadow,1920x1080,none,686,1063.565,1130.0138,2
GOPR5846_002,val,meadow,1920x1080,none,686,1130.0138,1200.6141,6
GOPR5846_002,val,meadow,1920x1080,none,686,1200.6141,1275.6253,5
GOPR5846_002,val,meadow,1920x1080,none,686,1275.6253,1355.323,3
GOPR5846_002,val,meadow,1920x1080,none,686,1355.323,1440.0,1
GOPR5846_002,val,meadow,1920x1080,none,686,1440.0,1529.9674,1
GOPR5846_002,val,meadow,1920x1080,none,686,1529.9674,1625.5557,4
GOPR5846_002,val,meadow,1920x1080,none,686,1625.5557,1727.1162,5
GOPR5846_002,val,meadow,1920x1080,none,686,1727.1162,1835.0219,2
GOPR5846_002,val,meadow,1920x1080,none,686,1835.0219,1949.6692,3
GOPR5846_002,val,meadow,1920x1080,none,686,1949.6692,2071.4794,4
GOPR5846_002,val,meadow,1920x1080,none,686,2071.4794,2200.9,4
GOPR5846_002,val,meadow,1920x1080,none,686,2200.9,2338.4064,2
GOPR5846_002,val,meadow,1920x1080,none,686,2338.4064,2484.5039,4
GOPR5846_002,val,meadow,1920x1080,none,686,2484.5039,2639.7291,3
GOPR5846_002,val,meadow,1920x1080,none,686,2639.7291,2804.6525,1
GOPR5846_002,val,meadow,1920x1080,none,686,2804.6525,2979.8798,11
GOPR5846_002,val,meadow,1920x1080,none,686,2979.8798,3166.0548,1
GOPR5846_002,val,meadow,1920x1080,none,686,1951665.1031,2073600.0,1
GOPR5846_005,val,meadow,1920x1080,none,450,1.0,1.0625,1393510
GOPR5846_005,val,meadow,1920x1080,none,450,1.9477,2.0694,286966
GOPR5846_005,val,meadow,1920x1080,none,450,2.9768,3.1628,108650
GOPR5846_005,val,meadow,1920x1080,none,450,3.7934,4.0304,58271
GOPR5846_005,val,meadow,1920x1080,none,450,4.8341,5.1361,34334
GOPR5846_005,val,meadow,1920x1080,none,450,5.7979,6.1601,23310
GOPR5846_005,val,meadow,1920x1080,none,450,6.9539,7.3884,16829
GOPR5846_005,val,meadow,1920x1080,none,450,7.85,8.3404,12662
GOPR5846_005,val,meadow,1920x1080,none,450,8.8615,9.4152,9731
GOPR5846_005,val,meadow,1920x1080,none,450,9.4152,10.0034,7547
GOPR5846_005,val,meadow,1920x1080,none,450,10.6284,11.2924,5960
GOPR5846_005,val,meadow,1920x1080,none,450,11.998,12.7476,4850
GOPR5846_005,val,meadow,1920x1080,none,450,12.7476,13.544,4009
GOPR5846_005,val,meadow,1920x1080,none,450,13.544,14.3902,3308
GOPR5846_005,val,meadow,1920x1080,none,450,14.3902,15.2892,2796
GOPR5846_005,val,meadow,1920x1080,none,450,15.2892,16.2445,2229
GOPR5846_005,val,meadow,1920x1080,none,450,16.2445,17.2594,1847
GOPR5846_005,val,meadow,1920x1080,none,450,17.2594,18.3377,1718
GOPR5846_005,val,meadow,1920x1080,none,450,18.3377,19.4834,1450
GOPR5846_005,val,meadow,1920x1080,none,450,19.4834,20.7007,1269
GOPR5846_005,val,meadow,1920x1080,none,450,20.7007,21.994,1065
GOPR5846_005,val,meadow,1920x1080,none,450,21.994,23.3681,1691
GOPR5846_005,val,meadow,1920x1080,none,450,23.3681,24.8281,722
GOPR5846_005,val,meadow,1920x1080,none,450,24.8281,26.3793,1220
GOPR5846_005,val,meadow,1920x1080,none,450,26.3793,28.0274,949
GOPR5846_005,val,meadow,1920x1080,none,450,28.0274,29.7785,452
GOPR5846_005,val,meadow,1920x1080,none,450,29.7785,31.639,795
GOPR5846_005,val,meadow,1920x1080,none,450,31.639,33.6157,667
GOPR5846_005,val,meadow,1920x1080,none,450,33.6157,35.7159,594
GOPR5846_005,val,meadow,1920x1080,none,450,35.7159,37.9473,485
GOPR5846_005,val,meadow,1920x1080,none,450,37.9473,40.3182,540
GOPR5846_005,val,meadow,1920x1080,none,450,40.3182,42.8372,303
GOPR5846_005,val,meadow,1920x1080,none,450,42.8372,45.5135,385
GOPR5846_005,val,meadow,1920x1080,none,450,45.5135,48.3571,338
GOPR5846_005,val,meadow,1920x1080,none,450,48.3571,51.3783,222
GOPR5846_005,val,meadow,1920x1080,none,450,51.3783,54.5883,192
GOPR5846_005,val,meadow,1920x1080,none,450,54.5883,57.9988,189
GOPR5846_005,val,meadow,1920x1080,none,450,57.9988,61.6224,187
GOPR5846_005,val,meadow,1920x1080,none,450,61.6224,65.4724,175
GOPR5846_005,val,meadow,1920x1080,none,450,65.4724,69.563,169
GOPR5846_005,val,meadow,1920x1080,none,450,69.563,73.9091,124
GOPR5846_005,val,meadow,1920x1080,none,450,73.9091,78.5267,102
GOPR5846_005,val,meadow,1920x1080,none,450,78.5267,83.4329,83
GOPR5846_005,val,meadow,1920x1080,none,450,83.4329,88.6455,93
GOPR5846_005,val,meadow,1920x1080,none,450,88.6455,94.1839,68
GOPR5846_005,val,meadow,1920x1080,none,450,94.1839,100.0682,67
GOPR5846_005,val,meadow,1920x1080,none,450,100.0682,106.3202,63
GOPR5846_005,val,meadow,1920x1080,none,450,106.3202,112.9628,51
GOPR5846_005,val,meadow,1920x1080,none,450,112.9628,120.0205,72
GOPR5846_005,val,meadow,1920x1080,none,450,120.0205,127.519,27
GOPR5846_005,val,meadow,1920x1080,none,450,127.519,135.4861,40
GOPR5846_005,val,meadow,1920x1080,none,450,135.4861,143.9509,31
GOPR5846_005,val,meadow,1920x1080,none,450,143.9509,152.9446,25
GOPR5846_005,val,meadow,1920x1080,none,450,152.9446,162.5001,11
GOPR5846_005,val,meadow,1920x1080,none,450,162.5001,172.6527,8
GOPR5846_005,val,meadow,1920x1080,none,450,172.6527,183.4396,13
GOPR5846_005,val,meadow,1920x1080,none,450,183.4396,194.9004,5
GOPR5846_005,val,meadow,1920x1080,none,450,194.9004,207.0773,3
GOPR5846_005,val,meadow,1920x1080,none,450,207.0773,220.0149,6
GOPR5846_005,val,meadow,1920x1080,none,450,220.0149,233.7609,4
GOPR5846_005,val,meadow,1920x1080,none,450,233.7609,248.3657,4
GOPR5846_005,val,meadow,1920x1080,none,450,248.3657,263.8829,2
GOPR5846_005,val,meadow,1920x1080,none,450,263.8829,280.3696,1
GOPR5846_005,val,meadow,1920x1080,none,450,280.3696,297.8864,1
GOPR5846_005,val,meadow,1920x1080,none,450,297.8864,316.4975,1
GOPR5846_005,val,meadow,1920x1080,none,450,316.4975,336.2714,5
GOPR5846_005,val,meadow,1920x1080,none,450,336.2714,357.2808,5
GOPR5846_005,val,meadow,1920x1080,none,450,357.2808,379.6028,6
GOPR5846_005,val,meadow,1920x1080,none,450,379.6028,403.3193,7
GOPR5846_005,val,meadow,1920x1080,none,450,403.3193,428.5177,3
GOPR5846_005,val,meadow,1920x1080,none,450,428.5177,455.2903,4
GOPR5846_005,val,meadow,1920x1080,none,450,455.2903,483.7357,2
GOPR5846_005,val,meadow,1920x1080,none,450,483.7357,513.9582,1
GOPR5846_005,val,meadow,1920x1080,none,450,546.069,580.1859,1
GOPR5846_005,val,meadow,1920x1080,none,450,1951665.1031,2073600.0,1
GOPR5847_003,train,lake,1920x1080,none,496,1.0,1.0625,1798736
GOPR5847_003,train,lake,1920x1080,none,496,1.9477,2.0694,478258
GOPR5847_003,train,lake,1920x1080,none,496,2.9768,3.1628,184872
GOPR5847_003,train,lake,1920x1080,none,496,3.7934,4.0304,95609
GOPR5847_003,train,lake,1920x1080,none,496,4.8341,5.1361,56561
GOPR5847_003,train,lake,1920x1080,none,496,5.7979,6.1601,36571
GOPR5847_003,train,lake,1920x1080,none,496,6.9539,7.3884,25237
GOPR5847_003,train,lake,1920x1080,none,496,7.85,8.3404,18518
GOPR5847_003,train,lake,1920x1080,none,496,8.8615,9.4152,13638
GOPR5847_003,train,lake,1920x1080,none,496,9.4152,10.0034,10494
GOPR5847_003,train,lake,1920x1080,none,496,10.6284,11.2924,8234
GOPR5847_003,train,lake,1920x1080,none,496,11.998,12.7476,6901
GOPR5847_003,train,lake,1920x1080,none,496,12.7476,13.544,5486
GOPR5847_003,train,lake,1920x1080,none,496,13.544,14.3902,4709
GOPR5847_003,train,lake,1920x1080,none,496,14.3902,15.2892,3785
GOPR5847_003,train,lake,1920x1080,none,496,15.2892,16.2445,3269
GOPR5847_003,train,lake,1920x1080,none,496,16.2445,17.2594,2684
GOPR5847_003,train,lake,1920x1080,none,496,17.2594,18.3377,2384
GOPR5847_003,train,lake,1920x1080,none,496,18.3377,19.4834,1988
GOPR5847_003,train,lake,1920x1080,none,496,19.4834,20.7007,1895
GOPR5847_003,train,lake,1920x1080,none,496,20.7007,21.994,1711
GOPR5847_003,train,lake,1920x1080,none,496,21.994,23.3681,2820
GOPR5847_003,train,lake,1920x1080,none,496,23.3681,24.8281,1200
GOPR5847_003,train,lake,1920x1080,none,496,24.8281,26.3793,2091
GOPR5847_003,train,lake,1920x1080,none,496,26.3793,28.0274,1602
GOPR5847_003,train,lake,1920x1080,none,496,28.0274,29.7785,698
GOPR5847_003,train,lake,1920x1080,none,496,29.7785,31.639,1190
GOPR5847_003,train,lake,1920x1080,none,496,31.639,33.6157,1086
GOPR5847_003,train,lake,1920x1080,none,496,33.6157,35.7159,933
GOPR5847_003,train,lake,1920x1080,none,496,35.7159,37.9473,820
GOPR5847_003,train,lake,1920x1080,none,496,37.9473,40.3182,983
GOPR5847_003,train,lake,1920x1080,none,496,40.3182,42.8372,551
GOPR5847_003,train,lake,1920x1080,none,496,42.8372,45.5135,696
GOPR5847_003,train,lake,1920x1080,none,496,45.5135,48.3571,574
GOPR5847_003,train,lake,1920x1080,none,496,48.3571,51.3783,475
GOPR5847_003,train,lake,1920x1080,none,496,51.3783,54.5883,372
GOPR5847_003,train,lake,1920x1080,none,496,54.5883,57.9988,299
GOPR5847_003,train,lake,1920x1080,none,496,57.9988,61.6224,376
GOPR5847_003,train,lake,1920x1080,none,496,61.6224,65.4724,295
GOPR5847_003,train,lake,1920x1080,none,496,65.4724,69.563,239
GOPR5847_003,train,lake,1920x1080,none,496,69.563,73.9091,163
GOPR5847_003,train,lake,1920x1080,none,496,73.9091,78.5267,180
GOPR5847_003,train,lake,1920x1080,none,496,78.5267,83.4329,152
GOPR5847_003,train,lake,1920x1080,none,496,83.4329,88.6455,149
GOPR5847_003,train,lake,1920x1080,none,496,88.6455,94.1839,149
GOPR5847_003,train,lake,1920x1080,none,496,94.1839,100.0682,140
GOPR5847_003,train,lake,1920x1080,none,496,100.0682,106.3202,136
GOPR5847_003,train,lake,1920x1080,none,496,106.3202,112.9628,140
GOPR5847_003,train,lake,1920x1080,none,496,112.9628,120.0205,101
GOPR5847_003,train,lake,1920x1080,none,496,120.0205,127.519,85
GOPR5847_003,train,lake,1920x1080,none,496,127.519,135.4861,55
GOPR5847_003,train,lake,1920x1080,none,496,135.4861,143.9509,92
GOPR5847_003,train,lake,1920x1080,none,496,143.9509,152.9446,63
GOPR5847_003,train,lake,1920x1080,none,496,152.9446,162.5001,53
GOPR5847_003,train,lake,1920x1080,none,496,162.5001,172.6527,45
GOPR5847_003,train,lake,1920x1080,none,496,172.6527,183.4396,38
GOPR5847_003,train,lake,1920x1080,none,496,183.4396,194.9004,29
GOPR5847_003,train,lake,1920x1080,none,496,194.9004,207.0773,39
GOPR5847_003,train,lake,1920x1080,none,496,207.0773,220.0149,47
GOPR5847_003,train,lake,1920x1080,none,496,220.0149,233.7609,40
GOPR5847_003,train,lake,1920x1080,none,496,233.7609,248.3657,40
GOPR5847_003,train,lake,1920x1080,none,496,248.3657,263.8829,38
GOPR5847_003,train,lake,1920x1080,none,496,263.8829,280.3696,30
GOPR5847_003,train,lake,1920x1080,none,496,280.3696,297.8864,24
GOPR5847_003,train,lake,1920x1080,none,496,297.8864,316.4975,17
GOPR5847_003,train,lake,1920x1080,none,496,316.4975,336.2714,25
GOPR5847_003,train,lake,1920x1080,none,496,336.2714,357.2808,8
GOPR5847_003,train,lake,1920x1080,none,496,357.2808,379.6028,3
GOPR5847_003,train,lake,1920x1080,none,496,379.6028,403.3193,1
GOPR5847_003,train,lake,1920x1080,none,496,403.3193,428.5177,3
GOPR5847_003,train,lake,1920x1080,none,496,428.5177,455.2903,3
GOPR5847_003,train,lake,1920x1080,none,496,455.2903,483.7357,1
GOPR5847_003,train,lake,1920x1080,none,496,483.7357,513.9582,1
GOPR5847_003,train,lake,1920x1080,none,496,513.9582,546.069,2
GOPR5847_003,train,lake,1920x1080,none,496,546.069,580.1859,1
GOPR5847_003,train,lake,1920x1080,none,496,580.1859,616.4344,3
GOPR5847_003,train,lake,1920x1080,none,496,616.4344,654.9476,3
GOPR5847_003,train,lake,1920x1080,none,496,654.9476,695.867,3
GOPR5847_003,train,lake,1920x1080,none,496,695.867,739.3429,1
GOPR5847_003,train,lake,1920x1080,none,496,739.3429,785.5351,1
GOPR5847_003,train,lake,1920x1080,none,496,834.6133,886.7577,2
GOPR5847_003,train,lake,1920x1080,none,496,1951665.1031,2073600.0,1
GOPR5847_004,train,lake,1920x1080,none,721,1.0,1.0625,3906968
GOPR5847_004,train,lake,1920x1080,none,721,1.9477,2.0694,1137712
GOPR5847_004,train,lake,1920x1080,none,721,2.9768,3.1628,470636
GOPR5847_004,train,lake,1920x1080,none,721,3.7934,4.0304,260782
GOPR5847_004,train,lake,1920x1080,none,721,4.8341,5.1361,160416
GOPR5847_004,train,lake,1920x1080,none,721,5.7979,6.1601,108633
GOPR5847_004,train,lake,1920x1080,none,721,6.9539,7.3884,76905
GOPR5847_004,train,lake,1920x1080,none,721,7.85,8.3404,57898
GOPR5847_004,train,lake,1920x1080,none,721,8.8615,9.4152,43953
GOPR5847_004,train,lake,1920x1080,none,721,9.4152,10.0034,35384
GOPR5847_004,train,lake,1920x1080,none,721,10.6284,11.2924,28707
GOPR5847_004,train,lake,1920x1080,none,721,11.998,12.7476,23930
GOPR5847_004,train,lake,1920x1080,none,721,12.7476,13.544,20612
GOPR5847_004,train,lake,1920x1080,none,721,13.544,14.3902,17131
GOPR5847_004,train,lake,1920x1080,none,721,14.3902,15.2892,14838
GOPR5847_004,train,lake,1920x1080,none,721,15.2892,16.2445,12949
GOPR5847_004,train,lake,1920x1080,none,721,16.2445,17.2594,11700
GOPR5847_004,train,lake,1920x1080,none,721,17.2594,18.3377,10417
GOPR5847_004,train,lake,1920x1080,none,721,18.3377,19.4834,9191
GOPR5847_004,train,lake,1920x1080,none,721,19.4834,20.7007,8108
GOPR5847_004,train,lake,1920x1080,none,721,20.7007,21.994,7286
GOPR5847_004,train,lake,1920x1080,none,721,21.994,23.3681,12940
GOPR5847_004,train,lake,1920x1080,none,721,23.3681,24.8281,5680
GOPR5847_004,train,lake,1920x1080,none,721,24.8281,26.3793,9945
GOPR5847_004,train,lake,1920x1080,none,721,26.3793,28.0274,8460
GOPR5847_004,train,lake,1920x1080,none,721,28.0274,29.7785,3787
GOPR5847_004,train,lake,1920x1080,none,721,29.7785,31.639,6558
GOPR5847_004,train,lake,1920x1080,none,721,31.639,33.6157,5980
GOPR5847_004,train,lake,1920x1080,none,721,33.6157,35.7159,5449
GOPR5847_004,train,lake,1920x1080,none,721,35.7159,37.9473,4695
GOPR5847_004,train,lake,1920x1080,none,721,37.9473,40.3182,6308
GOPR5847_004,train,lake,1920x1080,none,721,40.3182,42.8372,3540
GOPR5847_004,train,lake,1920x1080,none,721,42.8372,45.5135,4707
GOPR5847_004,train,lake,1920x1080,none,721,45.5135,48.3571,4155
GOPR5847_004,train,lake,1920x1080,none,721,48.3571,51.3783,3683
GOPR5847_004,train,lake,1920x1080,none,721,51.3783,54.5883,3305
GOPR5847_004,train,lake,1920x1080,none,721,54.5883,57.9988,2843
GOPR5847_004,train,lake,1920x1080,none,721,57.9988,61.6224,3305
GOPR5847_004,train,lake,1920x1080,none,721,61.6224,65.4724,2665
GOPR5847_004,train,lake,1920x1080,none,721,65.4724,69.563,2407
GOPR5847_004,train,lake,1920x1080,none,721,69.563,73.9091,2111
GOPR5847_004,train,lake,1920x1080,none,721,73.9091,78.5267,2286
GOPR5847_004,train,lake,1920x1080,none,721,78.5267,83.4329,1895
GOPR5847_004,train,lake,1920x1080,none,721,83.4329,88.6455,1681
GOPR5847_004,train,lake,1920x1080,none,721,88.6455,94.1839,1773
GOPR5847_004,train,lake,1920x1080,none,721,94.1839,100.0682,1688
GOPR5847_004,train,lake,1920x1080,none,721,100.0682,106.3202,1455
GOPR5847_004,train,lake,1920x1080,none,721,106.3202,112.9628,1176
GOPR5847_004,train,lake,1920x1080,none,721,112.9628,120.0205,1354
GOPR5847_004,train,lake,1920x1080,none,721,120.0205,127.519,1102
GOPR5847_004,train,lake,1920x1080,none,721,127.519,135.4861,1247
GOPR5847_004,train,lake,1920x1080,none,721,135.4861,143.9509,1271
GOPR5847_004,train,lake,1920x1080,none,721,143.9509,152.9446,1250
GOPR5847_004,train,lake,1920x1080,none,721,152.9446,162.5001,1148
GOPR5847_004,train,lake,1920x1080,none,721,162.5001,172.6527,976
GOPR5847_004,train,lake,1920x1080,none,721,172.6527,183.4396,937
GOPR5847_004,train,lake,1920x1080,none,721,183.4396,194.9004,853
GOPR5847_004,train,lake,1920x1080,none,721,194.9004,207.0773,903
GOPR5847_004,train,lake,1920x1080,none,721,207.0773,220.0149,757
GOPR5847_004,train,lake,1920x1080,none,721,220.0149,233.7609,628
GOPR5847_004,train,lake,1920x1080,none,721,233.7609,248.3657,635
GOPR5847_004,train,lake,1920x1080,none,721,248.3657,263.8829,525
GOPR5847_004,train,lake,1920x1080,none,721,263.8829,280.3696,532
GOPR5847_004,train,lake,1920x1080,none,721,280.3696,297.8864,547
GOPR5847_004,train,lake,1920x1080,none,721,297.8864,316.4975,556
GOPR5847_004,train,lake,1920x1080,none,721,316.4975,336.2714,495
GOPR5847_004,train,lake,1920x1080,none,721,336.2714,357.2808,535
GOPR5847_004,train,lake,1920x1080,none,721,357.2808,379.6028,497
GOPR5847_004,train,lake,1920x1080,none,721,379.6028,403.3193,464
GOPR5847_004,train,lake,1920x1080,none,721,403.3193,428.5177,405
GOPR5847_004,train,lake,1920x1080,none,721,428.5177,455.2903,326
GOPR5847_004,train,lake,1920x1080,none,721,455.2903,483.7357,294
GOPR5847_004,train,lake,1920x1080,none,721,483.7357,513.9582,256
GOPR5847_004,train,lake,1920x1080,none,721,513.9582,546.069,220
GOPR5847_004,train,lake,1920x1080,none,721,546.069,580.1859,244
GOPR5847_004,train,lake,1920x1080,none,721,580.1859,616.4344,198
GOPR5847_004,train,lake,1920x1080,none,721,616.4344,654.9476,209
GOPR5847_004,train,lake,1920x1080,none,721,654.9476,695.867,204
GOPR5847_004,train,lake,1920x1080,none,721,695.867,739.3429,204
GOPR5847_004,train,lake,1920x1080,none,721,739.3429,785.5351,301
GOPR5847_004,train,lake,1920x1080,none,721,785.5351,834.6133,261
GOPR5847_004,train,lake,1920x1080,none,721,834.6133,886.7577,214
GOPR5847_004,train,lake,1920x1080,none,721,886.7577,942.16,165
GOPR5847_004,train,lake,1920x1080,none,721,942.16,1001.0237,153
GOPR5847_004,train,lake,1920x1080,none,721,1001.0237,1063.565,118
GOPR5847_004,train,lake,1920x1080,none,721,1063.565,1130.0138,136
GOPR5847_004,train,lake,1920x1080,none,721,1130.0138,1200.6141,131
GOPR5847_004,train,lake,1920x1080,none,721,1200.6141,1275.6253,140
GOPR5847_004,train,lake,1920x1080,none,721,1275.6253,1355.323,119
GOPR5847_004,train,lake,1920x1080,none,721,1355.323,1440.0,130
GOPR5847_004,train,lake,1920x1080,none,721,1440.0,1529.9674,111
GOPR5847_004,train,lake,1920x1080,none,721,1529.9674,1625.5557,91
GOPR5847_004,train,lake,1920x1080,none,721,1625.5557,1727.1162,96
GOPR5847_004,train,lake,1920x1080,none,721,1727.1162,1835.0219,79
GOPR5847_004,train,lake,1920x1080,none,721,1835.0219,1949.6692,40
GOPR5847_004,train,lake,1920x1080,none,721,1949.6692,2071.4794,48
GOPR5847_004,train,lake,1920x1080,none,721,2071.4794,2200.9,36
GOPR5847_004,train,lake,1920x1080,none,721,2200.9,2338.4064,34
GOPR5847_004,train,lake,1920x1080,none,721,2338.4064,2484.5039,34
GOPR5847_004,train,lake,1920x1080,none,721,2484.5039,2639.7291,58
GOPR5847_004,train,lake,1920x1080,none,721,2639.7291,2804.6525,39
GOPR5847_004,train,lake,1920x1080,none,721,2804.6525,2979.8798,28
GOPR5847_004,train,lake,1920x1080,none,721,2979.8798,3166.0548,21
GOPR5847_004,train,lake,1920x1080,none,721,3166.0548,3363.8616,21
GOPR5847_004,train,lake,1920x1080,none,721,3363.8616,3574.0268,25
GOPR5847_004,train,lake,1920x1080,none,721,3574.0268,3797.3226,22
GOPR5847_004,train,lake,1920x1080,none,721,3797.3226,4034.5693,25
GOPR5847_004,train,lake,1920x1080,none,721,4034.5693,4286.6386,12
GOPR5847_004,train,lake,1920x1080,none,721,4286.6386,4554.4564,15
GOPR5847_004,train,lake,1920x1080,none,721,4554.4564,4839.0069,13
GOPR5847_004,train,lake,1920x1080,none,721,4839.0069,5141.3353,4
GOPR5847_004,train,lake,1920x1080,none,721,5141.3353,5462.5524,5
GOPR5847_004,train,lake,1920x1080,none,721,5462.5524,5803.8383,7
GOPR5847_004,train,lake,1920x1080,none,721,5803.8383,6166.4468,6
GOPR5847_004,train,lake,1920x1080,none,721,6166.4468,6551.7102,4
GOPR5847_004,train,lake,1920x1080,none,721,6551.7102,6961.0438,1
GOPR5847_004,train,lake,1920x1080,none,721,6961.0438,7395.9515,1
GOPR5847_004,train,lake,1920x1080,none,721,7858.031,8348.9801,1
GOPR5847_004,train,lake,1920x1080,none,721,1951665.1031,2073600.0,1
GOPR5848_002,train,meadow,1920x1080,none,511,1.0,1.0625,840318
GOPR5848_002,train,meadow,1920x1080,none,511,1.9477,2.0694,212565
GOPR5848_002,train,meadow,1920x1080,none,511,2.9768,3.1628,90755
GOPR5848_002,train,meadow,1920x1080,none,511,3.7934,4.0304,51845
GOPR5848_002,train,meadow,1920x1080,none,511,4.8341,5.1361,32452
GOPR5848_002,train,meadow,1920x1080,none,511,5.7979,6.1601,23103
GOPR5848_002,train,meadow,1920x1080,none,511,6.9539,7.3884,17035
GOPR5848_002,train,meadow,1920x1080,none,511,7.85,8.3404,12921
GOPR5848_002,train,meadow,1920x1080,none,511,8.8615,9.4152,10298
GOPR5848_002,train,meadow,1920x1080,none,511,9.4152,10.0034,8211
GOPR5848_002,train,meadow,1920x1080,none,511,10.6284,11.2924,6493
GOPR5848_002,train,meadow,1920x1080,none,511,11.998,12.7476,5275
GOPR5848_002,train,meadow,1920x1080,none,511,12.7476,13.544,4488
GOPR5848_002,train,meadow,1920x1080,none,511,13.544,14.3902,3614
GOPR5848_002,train,meadow,1920x1080,none,511,14.3902,15.2892,3174
GOPR5848_002,train,meadow,1920x1080,none,511,15.2892,16.2445,2722
GOPR5848_002,train,meadow,1920x1080,none,511,16.2445,17.2594,2286
GOPR5848_002,train,meadow,1920x1080,none,511,17.2594,18.3377,2009
GOPR5848_002,train,meadow,1920x1080,none,511,18.3377,19.4834,1723
GOPR5848_002,train,meadow,1920x1080,none,511,19.4834,20.7007,1533
GOPR5848_002,train,meadow,1920x1080,none,511,20.7007,21.994,1289
GOPR5848_002,train,meadow,1920x1080,none,511,21.994,23.3681,2062
GOPR5848_002,train,meadow,1920x1080,none,511,23.3681,24.8281,887
GOPR5848_002,train,meadow,1920x1080,none,511,24.8281,26.3793,1530
GOPR5848_002,train,meadow,1920x1080,none,511,26.3793,28.0274,1172
GOPR5848_002,train,meadow,1920x1080,none,511,28.0274,29.7785,543
GOPR5848_002,train,meadow,1920x1080,none,511,29.7785,31.639,891
GOPR5848_002,train,meadow,1920x1080,none,511,31.639,33.6157,729
GOPR5848_002,train,meadow,1920x1080,none,511,33.6157,35.7159,644
GOPR5848_002,train,meadow,1920x1080,none,511,35.7159,37.9473,544
GOPR5848_002,train,meadow,1920x1080,none,511,37.9473,40.3182,732
GOPR5848_002,train,meadow,1920x1080,none,511,40.3182,42.8372,396
GOPR5848_002,train,meadow,1920x1080,none,511,42.8372,45.5135,432
GOPR5848_002,train,meadow,1920x1080,none,511,45.5135,48.3571,363
GOPR5848_002,train,meadow,1920x1080,none,511,48.3571,51.3783,227
GOPR5848_002,train,meadow,1920x1080,none,511,51.3783,54.5883,225
GOPR5848_002,train,meadow,1920x1080,none,511,54.5883,57.9988,180
GOPR5848_002,train,meadow,1920x1080,none,511,57.9988,61.6224,199
GOPR5848_002,train,meadow,1920x1080,none,511,61.6224,65.4724,167
GOPR5848_002,train,meadow,1920x1080,none,511,65.4724,69.563,125
GOPR5848_002,train,meadow,1920x1080,none,511,69.563,73.9091,99
GOPR5848_002,train,meadow,1920x1080,none,511,73.9091,78.5267,97
GOPR5848_002,train,meadow,1920x1080,none,511,78.5267,83.4329,86
GOPR5848_002,train,meadow,1920x1080,none,511,83.4329,88.6455,81
GOPR5848_002,train,meadow,1920x1080,none,511,88.6455,94.1839,108
GOPR5848_002,train,meadow,1920x1080,none,511,94.1839,100.0682,75
GOPR5848_002,train,meadow,1920x1080,none,511,100.0682,106.3202,37
GOPR5848_002,train,meadow,1920x1080,none,511,106.3202,112.9628,29
GOPR5848_002,train,meadow,1920x1080,none,511,112.9628,120.0205,12
GOPR5848_002,train,meadow,1920x1080,none,511,120.0205,127.519,21
GOPR5848_002,train,meadow,1920x1080,none,511,127.519,135.4861,30
GOPR5848_002,train,meadow,1920x1080,none,511,135.4861,143.9509,12
GOPR5848_002,train,meadow,1920x1080,none,511,143.9509,152.9446,11
GOPR5848_002,train,meadow,1920x1080,none,511,152.9446,162.5001,9
GOPR5848_002,train,meadow,1920x1080,none,511,162.5001,172.6527,9
GOPR5848_002,train,meadow,1920x1080,none,511,172.6527,183.4396,8
GOPR5848_002,train,meadow,1920x1080,none,511,183.4396,194.9004,6
GOPR5848_002,train,meadow,1920x1080,none,511,194.9004,207.0773,10
GOPR5848_002,train,meadow,1920x1080,none,511,207.0773,220.0149,8
GOPR5848_002,train,meadow,1920x1080,none,511,220.0149,233.7609,6
GOPR5848_002,train,meadow,1920x1080,none,511,233.7609,248.3657,4
GOPR5848_002,train,meadow,1920x1080,none,511,248.3657,263.8829,3
GOPR5848_002,train,meadow,1920x1080,none,511,263.8829,280.3696,2
GOPR5848_002,train,meadow,1920x1080,none,511,280.3696,297.8864,4
GOPR5848_002,train,meadow,1920x1080,none,511,297.8864,316.4975,5
GOPR5848_002,train,meadow,1920x1080,none,511,316.4975,336.2714,6
GOPR5848_002,train,meadow,1920x1080,none,511,336.2714,357.2808,6
GOPR5848_002,train,meadow,1920x1080,none,511,357.2808,379.6028,5
GOPR5848_002,train,meadow,1920x1080,none,511,379.6028,403.3193,8
GOPR5848_002,train,meadow,1920x1080,none,511,403.3193,428.5177,10
GOPR5848_002,train,meadow,1920x1080,none,511,428.5177,455.2903,11
GOPR5848_002,train,meadow,1920x1080,none,511,455.2903,483.7357,11
GOPR5848_002,train,meadow,1920x1080,none,511,483.7357,513.9582,3
GOPR5848_002,train,meadow,1920x1080,none,511,513.9582,546.069,3
GOPR5848_002,train,meadow,1920x1080,none,511,546.069,580.1859,1
GOPR5848_002,train,meadow,1920x1080,none,511,1951665.1031,2073600.0,1
GOPR5848_004,train,meadow,1920x1080,none,691,1.0,1.0625,1183341
GOPR5848_004,train,meadow,1920x1080,none,691,1.9477,2.0694,311927
GOPR5848_004,train,meadow,1920x1080,none,691,2.9768,3.1628,134951
GOPR5848_004,train,meadow,1920x1080,none,691,3.7934,4.0304,76907
GOPR5848_004,train,meadow,1920x1080,none,691,4.8341,5.1361,49382
GOPR5848_004,train,meadow,1920x1080,none,691,5.7979,6.1601,34332
GOPR5848_004,train,meadow,1920x1080,none,691,6.9539,7.3884,24904
GOPR5848_004,train,meadow,1920x1080,none,691,7.85,8.3404,19411
GOPR5848_004,train,meadow,1920x1080,none,691,8.8615,9.4152,15447
GOPR5848_004,train,meadow,1920x1080,none,691,9.4152,10.0034,12495
GOPR5848_004,train,meadow,1920x1080,none,691,10.6284,11.2924,10724
GOPR5848_004,train,meadow,1920x1080,none,691,11.998,12.7476,8739
GOPR5848_004,train,meadow,1920x1080,none,691,12.7476,13.544,7558
GOPR5848_004,train,meadow,1920x1080,none,691,13.544,14.3902,6308
GOPR5848_004,train,meadow,1920x1080,none,691,14.3902,15.2892,5545
GOPR5848_004,train,meadow,1920x1080,none,691,15.2892,16.2445,4619
GOPR5848_004,train,meadow,1920x1080,none,691,16.2445,17.2594,4124
GOPR5848_004,train,meadow,1920x1080,none,691,17.2594,18.3377,3803
GOPR5848_004,train,meadow,1920x1080,none,691,18.3377,19.4834,3392
GOPR5848_004,train,meadow,1920x1080,none,691,19.4834,20.7007,2947
GOPR5848_004,train,meadow,1920x1080,none,691,20.7007,21.994,2693
GOPR5848_004,train,meadow,1920x1080,none,691,21.994,23.3681,4665
GOPR5848_004,train,meadow,1920x1080,none,691,23.3681,24.8281,2028
GOPR5848_004,train,meadow,1920x1080,none,691,24.8281,26.3793,3384
GOPR5848_004,train,meadow,1920x1080,none,691,26.3793,28.0274,3115
GOPR5848_004,train,meadow,1920x1080,none,691,28.0274,29.7785,1305
GOPR5848_004,train,meadow,1920x1080,none,691,29.7785,31.639,2423
GOPR5848_004,train,meadow,1920x1080,none,691,31.639,33.6157,2098
GOPR5848_004,train,meadow,1920x1080,none,691,33.6157,35.7159,1792
GOPR5848_004,train,meadow,1920x1080,none,691,35.7159,37.9473,1643
GOPR5848_004,train,meadow,1920x1080,none,691,37.9473,40.3182,1984
GOPR5848_004,train,meadow,1920x1080,none,691,40.3182,42.8372,1196
GOPR5848_004,train,meadow,1920x1080,none,691,42.8372,45.5135,1568
GOPR5848_004,train,meadow,1920x1080,none,691,45.5135,48.3571,1061
GOPR5848_004,train,meadow,1920x1080,none,691,48.3571,51.3783,884
GOPR5848_004,train,meadow,1920x1080,none,691,51.3783,54.5883,785
GOPR5848_004,train,meadow,1920x1080,none,691,54.5883,57.9988,630
GOPR5848_004,train,meadow,1920x1080,none,691,57.9988,61.6224,633
GOPR5848_004,train,meadow,1920x1080,none,691,61.6224,65.4724,615
GOPR5848_004,train,meadow,1920x1080,none,691,65.4724,69.563,546
GOPR5848_004,train,meadow,1920x1080,none,691,69.563,73.9091,464
GOPR5848_004,train,meadow,1920x1080,none,691,73.9091,78.5267,436
GOPR5848_004,train,meadow,1920x1080,none,691,78.5267,83.4329,366
GOPR5848_004,train,meadow,1920x1080,none,691,83.4329,88.6455,305
GOPR5848_004,train,meadow,1920x1080,none,691,88.6455,94.1839,241
GOPR5848_004,train,meadow,1920x1080,none,691,94.1839,100.0682,226
GOPR5848_004,train,meadow,1920x1080,none,691,100.0682,106.3202,246
GOPR5848_004,train,meadow,1920x1080,none,691,106.3202,112.9628,190
GOPR5848_004,train,meadow,1920x1080,none,691,112.9628,120.0205,204
GOPR5848_004,train,meadow,1920x1080,none,691,120.0205,127.519,187
GOPR5848_004,train,meadow,1920x1080,none,691,127.519,135.4861,118
GOPR5848_004,train,meadow,1920x1080,none,691,135.4861,143.9509,118
GOPR5848_004,train,meadow,1920x1080,none,691,143.9509,152.9446,113
GOPR5848_004,train,meadow,1920x1080,none,691,152.9446,162.5001,103
GOPR5848_004,train,meadow,1920x1080,none,691,162.5001,172.6527,122
GOPR5848_004,train,meadow,1920x1080,none,691,172.6527,183.4396,143
GOPR5848_004,train,meadow,1920x1080,none,691,183.4396,194.9004,42
GOPR5848_004,train,meadow,1920x1080,none,691,194.9004,207.0773,28
GOPR5848_004,train,meadow,1920x1080,none,691,207.0773,220.0149,14
GOPR5848_004,train,meadow,1920x1080,none,691,220.0149,233.7609,13
GOPR5848_004,train,meadow,1920x1080,none,691,233.7609,248.3657,7
GOPR5848_004,train,meadow,1920x1080,none,691,248.3657,263.8829,11
GOPR5848_004,train,meadow,1920x1080,none,691,263.8829,280.3696,14
GOPR5848_004,train,meadow,1920x1080,none,691,280.3696,297.8864,32
GOPR5848_004,train,meadow,1920x1080,none,691,297.8864,316.4975,13
GOPR5848_004,train,meadow,1920x1080,none,691,316.4975,336.2714,7
GOPR5848_004,train,meadow,1920x1080,none,691,336.2714,357.2808,12
GOPR5848_004,train,meadow,1920x1080,none,691,357.2808,379.6028,8
GOPR5848_004,train,meadow,1920x1080,none,691,379.6028,403.3193,13
GOPR5848_004,train,meadow,1920x1080,none,691,403.3193,428.5177,8
GOPR5848_004,train,meadow,1920x1080,none,691,428.5177,455.2903,20
GOPR5848_004,train,meadow,1920x1080,none,691,455.2903,483.7357,19
GOPR5848_004,train,meadow,1920x1080,none,691,483.7357,513.9582,8
GOPR5848_004,train,meadow,1920x1080,none,691,513.9582,546.069,7
GOPR5848_004,train,meadow,1920x1080,none,691,546.069,580.1859,7
GOPR5848_004,train,meadow,1920x1080,none,691,580.1859,616.4344,7
GOPR5848_004,train,meadow,1920x1080,none,691,616.4344,654.9476,7
GOPR5848_004,train,meadow,1920x1080,none,691,654.9476,695.867,12
GOPR5848_004,train,meadow,1920x1080,none,691,695.867,739.3429,24
GOPR5848_004,train,meadow,1920x1080,none,691,739.3429,785.5351,10
GOPR5848_004,train,meadow,1920x1080,none,691,785.5351,834.6133,7
GOPR5848_004,train,meadow,1920x1080,none,691,834.6133,886.7577,7
GOPR5848_004,train,meadow,1920x1080,none,691,886.7577,942.16,1
GOPR5848_004,train,meadow,1920x1080,none,691,942.16,1001.0237,2
GOPR5848_004,train,meadow,1920x1080,none,691,1001.0237,1063.565,1
GOPR5848_004,train,meadow,1920x1080,none,691,1063.565,1130.0138,3
GOPR5848_004,train,meadow,1920x1080,none,691,1130.0138,1200.6141,2
GOPR5848_004,train,meadow,1920x1080,none,691,1200.6141,1275.6253,2
GOPR5848_004,train,meadow,1920x1080,none,691,1275.6253,1355.323,1
GOPR5848_004,train,meadow,1920x1080,none,691,1355.323,1440.0,3
GOPR5848_004,train,meadow,1920x1080,none,691,1440.0,1529.9674,1
GOPR5848_004,train,meadow,1920x1080,none,691,1529.9674,1625.5557,4
GOPR5848_004,train,meadow,1920x1080,none,691,1727.1162,1835.0219,2
GOPR5848_004,train,meadow,1920x1080,none,691,1835.0219,1949.6692,1
GOPR5848_004,train,meadow,1920x1080,none,691,1949.6692,2071.4794,2
GOPR5848_004,train,meadow,1920x1080,none,691,2071.4794,2200.9,1
GOPR5848_004,train,meadow,1920x1080,none,691,2200.9,2338.4064,1
GOPR5848_004,train,meadow,1920x1080,none,691,2484.5039,2639.7291,3
GOPR5848_004,train,meadow,1920x1080,none,691,2639.7291,2804.6525,1
GOPR5848_004,train,meadow,1920x1080,none,691,2804.6525,2979.8798,2
GOPR5848_004,train,meadow,1920x1080,none,691,2979.8798,3166.0548,3
GOPR5848_004,train,meadow,1920x1080,none,691,3166.0548,3363.8616,3
GOPR5848_004,train,meadow,1920x1080,none,691,3363.8616,3574.0268,3
GOPR5848_004,train,meadow,1920x1080,none,691,3574.0268,3797.3226,3
GOPR5848_004,train,meadow,1920x1080,none,691,3797.3226,4034.5693,1
GOPR5848_004,train,meadow,1920x1080,none,691,1951665.1031,2073600.0,1
gopro_000,train,gopro_fisheye,1920x1080,none,481,1.0,1.0625,6082258
gopro_000,train,gopro_fisheye,1920x1080,none,481,1.9477,2.0694,1989743
gopro_000,train,gopro_fisheye,1920x1080,none,481,2.9768,3.1628,957506
gopro_000,train,gopro_fisheye,1920x1080,none,481,3.7934,4.0304,579946
gopro_000,train,gopro_fisheye,1920x1080,none,481,4.8341,5.1361,380627
gopro_000,train,gopro_fisheye,1920x1080,none,481,5.7979,6.1601,270230
gopro_000,train,gopro_fisheye,1920x1080,none,481,6.9539,7.3884,200056
gopro_000,train,gopro_fisheye,1920x1080,none,481,7.85,8.3404,154505
gopro_000,train,gopro_fisheye,1920x1080,none,481,8.8615,9.4152,120237
gopro_000,train,gopro_fisheye,1920x1080,none,481,9.4152,10.0034,96500
gopro_000,train,gopro_fisheye,1920x1080,none,481,10.6284,11.2924,78103
gopro_000,train,gopro_fisheye,1920x1080,none,481,11.998,12.7476,65262
gopro_000,train,gopro_fisheye,1920x1080,none,481,12.7476,13.544,54265
gopro_000,train,gopro_fisheye,1920x1080,none,481,13.544,14.3902,45956
gopro_000,train,gopro_fisheye,1920x1080,none,481,14.3902,15.2892,39166
gopro_000,train,gopro_fisheye,1920x1080,none,481,15.2892,16.2445,34159
gopro_000,train,gopro_fisheye,1920x1080,none,481,16.2445,17.2594,29622
gopro_000,train,gopro_fisheye,1920x1080,none,481,17.2594,18.3377,26138
gopro_000,train,gopro_fisheye,1920x1080,none,481,18.3377,19.4834,22613
gopro_000,train,gopro_fisheye,1920x1080,none,481,19.4834,20.7007,20041
gopro_000,train,gopro_fisheye,1920x1080,none,481,20.7007,21.994,18100
gopro_000,train,gopro_fisheye,1920x1080,none,481,21.994,23.3681,30246
gopro_000,train,gopro_fisheye,1920x1080,none,481,23.3681,24.8281,13094
gopro_000,train,gopro_fisheye,1920x1080,none,481,24.8281,26.3793,22604
gopro_000,train,gopro_fisheye,1920x1080,none,481,26.3793,28.0274,18520
gopro_000,train,gopro_fisheye,1920x1080,none,481,28.0274,29.7785,8151
gopro_000,train,gopro_fisheye,1920x1080,none,481,29.7785,31.639,14375
gopro_000,train,gopro_fisheye,1920x1080,none,481,31.639,33.6157,12440
gopro_000,train,gopro_fisheye,1920x1080,none,481,33.6157,35.7159,10693
gopro_000,train,gopro_fisheye,1920x1080,none,481,35.7159,37.9473,9312
gopro_000,train,gopro_fisheye,1920x1080,none,481,37.9473,40.3182,11628
gopro_000,train,gopro_fisheye,1920x1080,none,481,40.3182,42.8372,6823
gopro_000,train,gopro_fisheye,1920x1080,none,481,42.8372,45.5135,8738
gopro_000,train,gopro_fisheye,1920x1080,none,481,45.5135,48.3571,7416
gopro_000,train,gopro_fisheye,1920x1080,none,481,48.3571,51.3783,6348
gopro_000,train,gopro_fisheye,1920x1080,none,481,51.3783,54.5883,5762
gopro_000,train,gopro_fisheye,1920x1080,none,481,54.5883,57.9988,4889
gopro_000,train,gopro_fisheye,1920x1080,none,481,57.9988,61.6224,5633
gopro_000,train,gopro_fisheye,1920x1080,none,481,61.6224,65.4724,4689
gopro_000,train,gopro_fisheye,1920x1080,none,481,65.4724,69.563,3936
gopro_000,train,gopro_fisheye,1920x1080,none,481,69.563,73.9091,3421
gopro_000,train,gopro_fisheye,1920x1080,none,481,73.9091,78.5267,3783
gopro_000,train,gopro_fisheye,1920x1080,none,481,78.5267,83.4329,3248
gopro_000,train,gopro_fisheye,1920x1080,none,481,83.4329,88.6455,2863
gopro_000,train,gopro_fisheye,1920x1080,none,481,88.6455,94.1839,2918
gopro_000,train,gopro_fisheye,1920x1080,none,481,94.1839,100.0682,2399
gopro_000,train,gopro_fisheye,1920x1080,none,481,100.0682,106.3202,2206
gopro_000,train,gopro_fisheye,1920x1080,none,481,106.3202,112.9628,1891
gopro_000,train,gopro_fisheye,1920x1080,none,481,112.9628,120.0205,2187
gopro_000,train,gopro_fisheye,1920x1080,none,481,120.0205,127.519,1695
gopro_000,train,gopro_fisheye,1920x1080,none,481,127.519,135.4861,1685
gopro_000,train,gopro_fisheye,1920x1080,none,481,135.4861,143.9509,1408
gopro_000,train,gopro_fisheye,1920x1080,none,481,143.9509,152.9446,1318
gopro_000,train,gopro_fisheye,1920x1080,none,481,152.9446,162.5001,1177
gopro_000,train,gopro_fisheye,1920x1080,none,481,162.5001,172.6527,1144
gopro_000,train,gopro_fisheye,1920x1080,none,481,172.6527,183.4396,1131
gopro_000,train,gopro_fisheye,1920x1080,none,481,183.4396,194.9004,1012
gopro_000,train,gopro_fisheye,1920x1080,none,481,194.9004,207.0773,1059
gopro_000,train,gopro_fisheye,1920x1080,none,481,207.0773,220.0149,891
gopro_000,train,gopro_fisheye,1920x1080,none,481,220.0149,233.7609,753
gopro_000,train,gopro_fisheye,1920x1080,none,481,233.7609,248.3657,752
gopro_000,train,gopro_fisheye,1920x1080,none,481,248.3657,263.8829,593
gopro_000,train,gopro_fisheye,1920x1080,none,481,263.8829,280.3696,640
gopro_000,train,gopro_fisheye,1920x1080,none,481,280.3696,297.8864,563
gopro_000,train,gopro_fisheye,1920x1080,none,481,297.8864,316.4975,503
gopro_000,train,gopro_fisheye,1920x1080,none,481,316.4975,336.2714,467
gopro_000,train,gopro_fisheye,1920x1080,none,481,336.2714,357.2808,404
gopro_000,train,gopro_fisheye,1920x1080,none,481,357.2808,379.6028,378
gopro_000,train,gopro_fisheye,1920x1080,none,481,379.6028,403.3193,339
gopro_000,train,gopro_fisheye,1920x1080,none,481,403.3193,428.5177,305
gopro_000,train,gopro_fisheye,1920x1080,none,481,428.5177,455.2903,312
gopro_000,train,gopro_fisheye,1920x1080,none,481,455.2903,483.7357,286
gopro_000,train,gopro_fisheye,1920x1080,none,481,483.7357,513.9582,221
gopro_000,train,gopro_fisheye,1920x1080,none,481,513.9582,546.069,230
gopro_000,train,gopro_fisheye,1920x1080,none,481,546.069,580.1859,201
gopro_000,train,gopro_fisheye,1920x1080,none,481,580.1859,616.4344,183
gopro_000,train,gopro_fisheye,1920x1080,none,481,616.4344,654.9476,150
gopro_000,train,gopro_fisheye,1920x1080,none,481,654.9476,695.867,150
gopro_000,train,gopro_fisheye,1920x1080,none,481,695.867,739.3429,129
gopro_000,train,gopro_fisheye,1920x1080,none,481,739.3429,785.5351,128
gopro_000,train,gopro_fisheye,1920x1080,none,481,785.5351,834.6133,104
gopro_000,train,gopro_fisheye,1920x1080,none,481,834.6133,886.7577,106
gopro_000,train,gopro_fisheye,1920x1080,none,481,886.7577,942.16,94
gopro_000,train,gopro_fisheye,1920x1080,none,481,942.16,1001.0237,86
gopro_000,train,gopro_fisheye,1920x1080,none,481,1001.0237,1063.565,57
gopro_000,train,gopro_fisheye,1920x1080,none,481,1063.565,1130.0138,65
gopro_000,train,gopro_fisheye,1920x1080,none,481,1130.0138,1200.6141,47
gopro_000,train,gopro_fisheye,1920x1080,none,481,1200.6141,1275.6253,42
gopro_000,train,gopro_fisheye,1920x1080,none,481,1275.6253,1355.323,41
gopro_000,train,gopro_fisheye,1920x1080,none,481,1355.323,1440.0,21
gopro_000,train,gopro_fisheye,1920x1080,none,481,1440.0,1529.9674,27
gopro_000,train,gopro_fisheye,1920x1080,none,481,1529.9674,1625.5557,34
gopro_000,train,gopro_fisheye,1920x1080,none,481,1625.5557,1727.1162,29
gopro_000,train,gopro_fisheye,1920x1080,none,481,1727.1162,1835.0219,29
gopro_000,train,gopro_fisheye,1920x1080,none,481,1835.0219,1949.6692,19
gopro_000,train,gopro_fisheye,1920x1080,none,481,1949.6692,2071.4794,18
gopro_000,train,gopro_fisheye,1920x1080,none,481,2071.4794,2200.9,25
gopro_000,train,gopro_fisheye,1920x1080,none,481,2200.9,2338.4064,14
gopro_000,train,gopro_fisheye,1920x1080,none,481,2338.4064,2484.5039,14
gopro_000,train,gopro_fisheye,1920x1080,none,481,2484.5039,2639.7291,8
gopro_000,train,gopro_fisheye,1920x1080,none,481,2639.7291,2804.6525,12
gopro_000,train,gopro_fisheye,1920x1080,none,481,2804.6525,2979.8798,6
gopro_000,train,gopro_fisheye,1920x1080,none,481,2979.8798,3166.0548,9
gopro_000,train,gopro_fisheye,1920x1080,none,481,3166.0548,3363.8616,6
gopro_000,train,gopro_fisheye,1920x1080,none,481,3363.8616,3574.0268,10
gopro_000,train,gopro_fisheye,1920x1080,none,481,3574.0268,3797.3226,6
gopro_000,train,gopro_fisheye,1920x1080,none,481,3797.3226,4034.5693,8
gopro_000,train,gopro_fisheye,1920x1080,none,481,4034.5693,4286.6386,5
gopro_000,train,gopro_fisheye,1920x1080,none,481,4286.6386,4554.4564,3
gopro_000,train,gopro_fisheye,1920x1080,none,481,4554.4564,4839.0069,15
gopro_000,train,gopro_fisheye,1920x1080,none,481,4839.0069,5141.3353,15
gopro_000,train,gopro_fisheye,1920x1080,none,481,5141.3353,5462.5524,8
gopro_000,train,gopro_fisheye,1920x1080,none,481,5462.5524,5803.8383,18
gopro_000,train,gopro_fisheye,1920x1080,none,481,5803.8383,6166.4468,11
gopro_000,train,gopro_fisheye,1920x1080,none,481,6166.4468,6551.7102,18
gopro_000,train,gopro_fisheye,1920x1080,none,481,6551.7102,6961.0438,10
gopro_000,train,gopro_fisheye,1920x1080,none,481,7395.9515,7858.031,4
gopro_000,train,gopro_fisheye,1920x1080,none,481,7858.031,8348.9801,6
gopro_000,train,gopro_fisheye,1920x1080,none,481,8348.9801,8870.6024,6
gopro_000,train,gopro_fisheye,1920x1080,none,481,8870.6024,9424.8143,7
gopro_000,train,gopro_fisheye,1920x1080,none,481,9424.8143,10013.6519,8
gopro_000,train,gopro_fisheye,1920x1080,none,481,10013.6519,10639.2785,12
gopro_000,train,gopro_fisheye,1920x1080,none,481,10639.2785,11303.9926,32
gopro_000,train,gopro_fisheye,1920x1080,none,481,11303.9926,12010.2363,7
gopro_000,train,gopro_fisheye,1920x1080,none,481,12010.2363,12760.6042,4
gopro_000,train,gopro_fisheye,1920x1080,none,481,12760.6042,13557.8532,4
gopro_000,train,gopro_fisheye,1920x1080,none,481,13557.8532,14404.9122,2
gopro_000,train,gopro_fisheye,1920x1080,none,481,14404.9122,15304.8932,3
gopro_000,train,gopro_fisheye,1920x1080,none,481,15304.8932,16261.1026,2
gopro_000,train,gopro_fisheye,1920x1080,none,481,16261.1026,17277.0535,5
gopro_000,train,gopro_fisheye,1920x1080,none,481,17277.0535,18356.4783,1
gopro_000,train,gopro_fisheye,1920x1080,none,481,1951665.1031,2073600.0,1
gopro_001,train,gopro_fisheye,1920x1080,none,481,1.0,1.0625,4801570
gopro_001,train,gopro_fisheye,1920x1080,none,481,1.9477,2.0694,1639582
gopro_001,train,gopro_fisheye,1920x1080,none,481,2.9768,3.1628,819319
gopro_001,train,gopro_fisheye,1920x1080,none,481,3.7934,4.0304,507870
gopro_001,train,gopro_fisheye,1920x1080,none,481,4.8341,5.1361,338061
gopro_001,train,gopro_fisheye,1920x1080,none,481,5.7979,6.1601,239356
gopro_001,train,gopro_fisheye,1920x1080,none,481,6.9539,7.3884,178604
gopro_001,train,gopro_fisheye,1920x1080,none,481,7.85,8.3404,136855
gopro_001,train,gopro_fisheye,1920x1080,none,481,8.8615,9.4152,108577
gopro_001,train,gopro_fisheye,1920x1080,none,481,9.4152,10.0034,87868
gopro_001,train,gopro_fisheye,1920x1080,none,481,10.6284,11.2924,71736
gopro_001,train,gopro_fisheye,1920x1080,none,481,11.998,12.7476,59360
gopro_001,train,gopro_fisheye,1920x1080,none,481,12.7476,13.544,50672
gopro_001,train,gopro_fisheye,1920x1080,none,481,13.544,14.3902,42135
gopro_001,train,gopro_fisheye,1920x1080,none,481,14.3902,15.2892,36491
gopro_001,train,gopro_fisheye,1920x1080,none,481,15.2892,16.2445,31348
gopro_001,train,gopro_fisheye,1920x1080,none,481,16.2445,17.2594,27125
gopro_001,train,gopro_fisheye,1920x1080,none,481,17.2594,18.3377,24221
gopro_001,train,gopro_fisheye,1920x1080,none,481,18.3377,19.4834,20950
gopro_001,train,gopro_fisheye,1920x1080,none,481,19.4834,20.7007,18639
gopro_001,train,gopro_fisheye,1920x1080,none,481,20.7007,21.994,16646
gopro_001,train,gopro_fisheye,1920x1080,none,481,21.994,23.3681,28897
gopro_001,train,gopro_fisheye,1920x1080,none,481,23.3681,24.8281,12210
gopro_001,train,gopro_fisheye,1920x1080,none,481,24.8281,26.3793,21561
gopro_001,train,gopro_fisheye,1920x1080,none,481,26.3793,28.0274,17968
gopro_001,train,gopro_fisheye,1920x1080,none,481,28.0274,29.7785,7985
gopro_001,train,gopro_fisheye,1920x1080,none,481,29.7785,31.639,14343
gopro_001,train,gopro_fisheye,1920x1080,none,481,31.639,33.6157,12019
gopro_001,train,gopro_fisheye,1920x1080,none,481,33.6157,35.7159,10620
gopro_001,train,gopro_fisheye,1920x1080,none,481,35.7159,37.9473,9502
gopro_001,train,gopro_fisheye,1920x1080,none,481,37.9473,40.3182,11972
gopro_001,train,gopro_fisheye,1920x1080,none,481,40.3182,42.8372,6833
gopro_001,train,gopro_fisheye,1920x1080,none,481,42.8372,45.5135,8962
gopro_001,train,gopro_fisheye,1920x1080,none,481,45.5135,48.3571,7516
gopro_001,train,gopro_fisheye,1920x1080,none,481,48.3571,51.3783,6390
gopro_001,train,gopro_fisheye,1920x1080,none,481,51.3783,54.5883,5620
gopro_001,train,gopro_fisheye,1920x1080,none,481,54.5883,57.9988,4898
gopro_001,train,gopro_fisheye,1920x1080,none,481,57.9988,61.6224,5699
gopro_001,train,gopro_fisheye,1920x1080,none,481,61.6224,65.4724,4677
gopro_001,train,gopro_fisheye,1920x1080,none,481,65.4724,69.563,4093
gopro_001,train,gopro_fisheye,1920x1080,none,481,69.563,73.9091,3573
gopro_001,train,gopro_fisheye,1920x1080,none,481,73.9091,78.5267,3786
gopro_001,train,gopro_fisheye,1920x1080,none,481,78.5267,83.4329,3297
gopro_001,train,gopro_fisheye,1920x1080,none,481,83.4329,88.6455,2842
gopro_001,train,gopro_fisheye,1920x1080,none,481,88.6455,94.1839,2834
gopro_001,train,gopro_fisheye,1920x1080,none,481,94.1839,100.0682,2548
gopro_001,train,gopro_fisheye,1920x1080,none,481,100.0682,106.3202,2260
gopro_001,train,gopro_fisheye,1920x1080,none,481,106.3202,112.9628,2021
gopro_001,train,gopro_fisheye,1920x1080,none,481,112.9628,120.0205,2186
gopro_001,train,gopro_fisheye,1920x1080,none,481,120.0205,127.519,1681
gopro_001,train,gopro_fisheye,1920x1080,none,481,127.519,135.4861,1619
gopro_001,train,gopro_fisheye,1920x1080,none,481,135.4861,143.9509,1468
gopro_001,train,gopro_fisheye,1920x1080,none,481,143.9509,152.9446,1316
gopro_001,train,gopro_fisheye,1920x1080,none,481,152.9446,162.5001,1223
gopro_001,train,gopro_fisheye,1920x1080,none,481,162.5001,172.6527,1084
gopro_001,train,gopro_fisheye,1920x1080,none,481,172.6527,183.4396,970
gopro_001,train,gopro_fisheye,1920x1080,none,481,183.4396,194.9004,879
gopro_001,train,gopro_fisheye,1920x1080,none,481,194.9004,207.0773,917
gopro_001,train,gopro_fisheye,1920x1080,none,481,207.0773,220.0149,755
gopro_001,train,gopro_fisheye,1920x1080,none,481,220.0149,233.7609,713
gopro_001,train,gopro_fisheye,1920x1080,none,481,233.7609,248.3657,725
gopro_001,train,gopro_fisheye,1920x1080,none,481,248.3657,263.8829,566
gopro_001,train,gopro_fisheye,1920x1080,none,481,263.8829,280.3696,575
gopro_001,train,gopro_fisheye,1920x1080,none,481,280.3696,297.8864,478
gopro_001,train,gopro_fisheye,1920x1080,none,481,297.8864,316.4975,464
gopro_001,train,gopro_fisheye,1920x1080,none,481,316.4975,336.2714,372
gopro_001,train,gopro_fisheye,1920x1080,none,481,336.2714,357.2808,350
gopro_001,train,gopro_fisheye,1920x1080,none,481,357.2808,379.6028,312
gopro_001,train,gopro_fisheye,1920x1080,none,481,379.6028,403.3193,300
gopro_001,train,gopro_fisheye,1920x1080,none,481,403.3193,428.5177,274
gopro_001,train,gopro_fisheye,1920x1080,none,481,428.5177,455.2903,252
gopro_001,train,gopro_fisheye,1920x1080,none,481,455.2903,483.7357,235
gopro_001,train,gopro_fisheye,1920x1080,none,481,483.7357,513.9582,175
gopro_001,train,gopro_fisheye,1920x1080,none,481,513.9582,546.069,184
gopro_001,train,gopro_fisheye,1920x1080,none,481,546.069,580.1859,183
gopro_001,train,gopro_fisheye,1920x1080,none,481,580.1859,616.4344,156
gopro_001,train,gopro_fisheye,1920x1080,none,481,616.4344,654.9476,161
gopro_001,train,gopro_fisheye,1920x1080,none,481,654.9476,695.867,149
gopro_001,train,gopro_fisheye,1920x1080,none,481,695.867,739.3429,114
gopro_001,train,gopro_fisheye,1920x1080,none,481,739.3429,785.5351,90
gopro_001,train,gopro_fisheye,1920x1080,none,481,785.5351,834.6133,119
gopro_001,train,gopro_fisheye,1920x1080,none,481,834.6133,886.7577,85
gopro_001,train,gopro_fisheye,1920x1080,none,481,886.7577,942.16,101
gopro_001,train,gopro_fisheye,1920x1080,none,481,942.16,1001.0237,62
gopro_001,train,gopro_fisheye,1920x1080,none,481,1001.0237,1063.565,78
gopro_001,train,gopro_fisheye,1920x1080,none,481,1063.565,1130.0138,88
gopro_001,train,gopro_fisheye,1920x1080,none,481,1130.0138,1200.6141,77
gopro_001,train,gopro_fisheye,1920x1080,none,481,1200.6141,1275.6253,64
gopro_001,train,gopro_fisheye,1920x1080,none,481,1275.6253,1355.323,55
gopro_001,train,gopro_fisheye,1920x1080,none,481,1355.323,1440.0,63
gopro_001,train,gopro_fisheye,1920x1080,none,481,1440.0,1529.9674,53
gopro_001,train,gopro_fisheye,1920x1080,none,481,1529.9674,1625.5557,46
gopro_001,train,gopro_fisheye,1920x1080,none,481,1625.5557,1727.1162,56
gopro_001,train,gopro_fisheye,1920x1080,none,481,1727.1162,1835.0219,53
gopro_001,train,gopro_fisheye,1920x1080,none,481,1835.0219,1949.6692,56
gopro_001,train,gopro_fisheye,1920x1080,none,481,1949.6692,2071.4794,52
gopro_001,train,gopro_fisheye,1920x1080,none,481,2071.4794,2200.9,24
gopro_001,train,gopro_fisheye,1920x1080,none,481,2200.9,2338.4064,24
gopro_001,train,gopro_fisheye,1920x1080,none,481,2338.4064,2484.5039,22
gopro_001,train,gopro_fisheye,1920x1080,none,481,2484.5039,2639.7291,17
gopro_001,train,gopro_fisheye,1920x1080,none,481,2639.7291,2804.6525,20
gopro_001,train,gopro_fisheye,1920x1080,none,481,2804.6525,2979.8798,10
gopro_001,train,gopro_fisheye,1920x1080,none,481,2979.8798,3166.0548,22
gopro_001,train,gopro_fisheye,1920x1080,none,481,3166.0548,3363.8616,11
gopro_001,train,gopro_fisheye,1920x1080,none,481,3363.8616,3574.0268,11
gopro_001,train,gopro_fisheye,1920x1080,none,481,3574.0268,3797.3226,18
gopro_001,train,gopro_fisheye,1920x1080,none,481,3797.3226,4034.5693,20
gopro_001,train,gopro_fisheye,1920x1080,none,481,4034.5693,4286.6386,20
gopro_001,train,gopro_fisheye,1920x1080,none,481,4286.6386,4554.4564,16
gopro_001,train,gopro_fisheye,1920x1080,none,481,4554.4564,4839.0069,13
gopro_001,train,gopro_fisheye,1920x1080,none,481,4839.0069,5141.3353,8
gopro_001,train,gopro_fisheye,1920x1080,none,481,5141.3353,5462.5524,12
gopro_001,train,gopro_fisheye,1920x1080,none,481,5462.5524,5803.8383,20
gopro_001,train,gopro_fisheye,1920x1080,none,481,5803.8383,6166.4468,12
gopro_001,train,gopro_fisheye,1920x1080,none,481,6166.4468,6551.7102,14
gopro_001,train,gopro_fisheye,1920x1080,none,481,6551.7102,6961.0438,8
gopro_001,train,gopro_fisheye,1920x1080,none,481,6961.0438,7395.9515,8
gopro_001,train,gopro_fisheye,1920x1080,none,481,7395.9515,7858.031,5
gopro_001,train,gopro_fisheye,1920x1080,none,481,7858.031,8348.9801,6
gopro_001,train,gopro_fisheye,1920x1080,none,481,8348.9801,8870.6024,8
gopro_001,train,gopro_fisheye,1920x1080,none,481,8870.6024,9424.8143,8
gopro_001,train,gopro_fisheye,1920x1080,none,481,9424.8143,10013.6519,6
gopro_001,train,gopro_fisheye,1920x1080,none,481,10013.6519,10639.2785,4
gopro_001,train,gopro_fisheye,1920x1080,none,481,10639.2785,11303.9926,3
gopro_001,train,gopro_fisheye,1920x1080,none,481,11303.9926,12010.2363,1
gopro_001,train,gopro_fisheye,1920x1080,none,481,12760.6042,13557.8532,1
gopro_001,train,gopro_fisheye,1920x1080,none,481,13557.8532,14404.9122,4
gopro_001,train,gopro_fisheye,1920x1080,none,481,14404.9122,15304.8932,1
gopro_001,train,gopro_fisheye,1920x1080,none,481,1951665.1031,2073600.0,1
gopro_002,train,gopro_fisheye,1920x1080,none,319,1.0,1.0625,613201
gopro_002,train,gopro_fisheye,1920x1080,none,319,1.9477,2.0694,108726
gopro_002,train,gopro_fisheye,1920x1080,none,319,2.9768,3.1628,36008
gopro_002,train,gopro_fisheye,1920x1080,none,319,3.7934,4.0304,17812
gopro_002,train,gopro_fisheye,1920x1080,none,319,4.8341,5.1361,9791
gopro_002,train,gopro_fisheye,1920x1080,none,319,5.7979,6.1601,6114
gopro_002,train,gopro_fisheye,1920x1080,none,319,6.9539,7.3884,3844
gopro_002,train,gopro_fisheye,1920x1080,none,319,7.85,8.3404,2765
gopro_002,train,gopro_fisheye,1920x1080,none,319,8.8615,9.4152,2030
gopro_002,train,gopro_fisheye,1920x1080,none,319,9.4152,10.0034,1519
gopro_002,train,gopro_fisheye,1920x1080,none,319,10.6284,11.2924,1112
gopro_002,train,gopro_fisheye,1920x1080,none,319,11.998,12.7476,874
gopro_002,train,gopro_fisheye,1920x1080,none,319,12.7476,13.544,748
gopro_002,train,gopro_fisheye,1920x1080,none,319,13.544,14.3902,625
gopro_002,train,gopro_fisheye,1920x1080,none,319,14.3902,15.2892,521
gopro_002,train,gopro_fisheye,1920x1080,none,319,15.2892,16.2445,440
gopro_002,train,gopro_fisheye,1920x1080,none,319,16.2445,17.2594,345
gopro_002,train,gopro_fisheye,1920x1080,none,319,17.2594,18.3377,344
gopro_002,train,gopro_fisheye,1920x1080,none,319,18.3377,19.4834,288
gopro_002,train,gopro_fisheye,1920x1080,none,319,19.4834,20.7007,250
gopro_002,train,gopro_fisheye,1920x1080,none,319,20.7007,21.994,215
gopro_002,train,gopro_fisheye,1920x1080,none,319,21.994,23.3681,374
gopro_002,train,gopro_fisheye,1920x1080,none,319,23.3681,24.8281,158
gopro_002,train,gopro_fisheye,1920x1080,none,319,24.8281,26.3793,273
gopro_002,train,gopro_fisheye,1920x1080,none,319,26.3793,28.0274,240
gopro_002,train,gopro_fisheye,1920x1080,none,319,28.0274,29.7785,83
gopro_002,train,gopro_fisheye,1920x1080,none,319,29.7785,31.639,153
gopro_002,train,gopro_fisheye,1920x1080,none,319,31.639,33.6157,150
gopro_002,train,gopro_fisheye,1920x1080,none,319,33.6157,35.7159,138
gopro_002,train,gopro_fisheye,1920x1080,none,319,35.7159,37.9473,100
gopro_002,train,gopro_fisheye,1920x1080,none,319,37.9473,40.3182,176
gopro_002,train,gopro_fisheye,1920x1080,none,319,40.3182,42.8372,102
gopro_002,train,gopro_fisheye,1920x1080,none,319,42.8372,45.5135,200
gopro_002,train,gopro_fisheye,1920x1080,none,319,45.5135,48.3571,187
gopro_002,train,gopro_fisheye,1920x1080,none,319,48.3571,51.3783,120
gopro_002,train,gopro_fisheye,1920x1080,none,319,51.3783,54.5883,99
gopro_002,train,gopro_fisheye,1920x1080,none,319,54.5883,57.9988,64
gopro_002,train,gopro_fisheye,1920x1080,none,319,57.9988,61.6224,94
gopro_002,train,gopro_fisheye,1920x1080,none,319,61.6224,65.4724,88
gopro_002,train,gopro_fisheye,1920x1080,none,319,65.4724,69.563,66
gopro_002,train,gopro_fisheye,1920x1080,none,319,69.563,73.9091,52
gopro_002,train,gopro_fisheye,1920x1080,none,319,73.9091,78.5267,45
gopro_002,train,gopro_fisheye,1920x1080,none,319,78.5267,83.4329,23
gopro_002,train,gopro_fisheye,1920x1080,none,319,83.4329,88.6455,25
gopro_002,train,gopro_fisheye,1920x1080,none,319,88.6455,94.1839,24
gopro_002,train,gopro_fisheye,1920x1080,none,319,94.1839,100.0682,16
gopro_002,train,gopro_fisheye,1920x1080,none,319,100.0682,106.3202,12
gopro_002,train,gopro_fisheye,1920x1080,none,319,106.3202,112.9628,7
gopro_002,train,gopro_fisheye,1920x1080,none,319,112.9628,120.0205,5
gopro_002,train,gopro_fisheye,1920x1080,none,319,120.0205,127.519,6
gopro_002,train,gopro_fisheye,1920x1080,none,319,127.519,135.4861,13
gopro_002,train,gopro_fisheye,1920x1080,none,319,135.4861,143.9509,15
gopro_002,train,gopro_fisheye,1920x1080,none,319,143.9509,152.9446,6
gopro_002,train,gopro_fisheye,1920x1080,none,319,152.9446,162.5001,2
gopro_002,train,gopro_fisheye,1920x1080,none,319,162.5001,172.6527,7
gopro_002,train,gopro_fisheye,1920x1080,none,319,172.6527,183.4396,6
gopro_002,train,gopro_fisheye,1920x1080,none,319,183.4396,194.9004,8
gopro_002,train,gopro_fisheye,1920x1080,none,319,194.9004,207.0773,2
gopro_002,train,gopro_fisheye,1920x1080,none,319,207.0773,220.0149,4
gopro_002,train,gopro_fisheye,1920x1080,none,319,220.0149,233.7609,2
gopro_002,train,gopro_fisheye,1920x1080,none,319,233.7609,248.3657,2
gopro_002,train,gopro_fisheye,1920x1080,none,319,248.3657,263.8829,3
gopro_002,train,gopro_fisheye,1920x1080,none,319,263.8829,280.3696,11
gopro_002,train,gopro_fisheye,1920x1080,none,319,280.3696,297.8864,4
gopro_002,train,gopro_fisheye,1920x1080,none,319,297.8864,316.4975,3
gopro_002,train,gopro_fisheye,1920x1080,none,319,316.4975,336.2714,1
gopro_002,train,gopro_fisheye,1920x1080,none,319,1951665.1031,2073600.0,1
gopro_003,train,gopro_fisheye,1920x1080,none,555,1.0,1.0625,1055175
gopro_003,train,gopro_fisheye,1920x1080,none,555,1.9477,2.0694,230997
gopro_003,train,gopro_fisheye,1920x1080,none,555,2.9768,3.1628,88893
gopro_003,train,gopro_fisheye,1920x1080,none,555,3.7934,4.0304,48049
gopro_003,train,gopro_fisheye,1920x1080,none,555,4.8341,5.1361,27468
gopro_003,train,gopro_fisheye,1920x1080,none,555,5.7979,6.1601,17738
gopro_003,train,gopro_fisheye,1920x1080,none,555,6.9539,7.3884,11864
gopro_003,train,gopro_fisheye,1920x1080,none,555,7.85,8.3404,8436
gopro_003,train,gopro_fisheye,1920x1080,none,555,8.8615,9.4152,5974
gopro_003,train,gopro_fisheye,1920x1080,none,555,9.4152,10.0034,4700
gopro_003,train,gopro_fisheye,1920x1080,none,555,10.6284,11.2924,3660
gopro_003,train,gopro_fisheye,1920x1080,none,555,11.998,12.7476,3101
gopro_003,train,gopro_fisheye,1920x1080,none,555,12.7476,13.544,2522
gopro_003,train,gopro_fisheye,1920x1080,none,555,13.544,14.3902,2060
gopro_003,train,gopro_fisheye,1920x1080,none,555,14.3902,15.2892,1727
gopro_003,train,gopro_fisheye,1920x1080,none,555,15.2892,16.2445,1424
gopro_003,train,gopro_fisheye,1920x1080,none,555,16.2445,17.2594,1309
gopro_003,train,gopro_fisheye,1920x1080,none,555,17.2594,18.3377,1043
gopro_003,train,gopro_fisheye,1920x1080,none,555,18.3377,19.4834,960
gopro_003,train,gopro_fisheye,1920x1080,none,555,19.4834,20.7007,830
gopro_003,train,gopro_fisheye,1920x1080,none,555,20.7007,21.994,746
gopro_003,train,gopro_fisheye,1920x1080,none,555,21.994,23.3681,1387
gopro_003,train,gopro_fisheye,1920x1080,none,555,23.3681,24.8281,561
gopro_003,train,gopro_fisheye,1920x1080,none,555,24.8281,26.3793,1037
gopro_003,train,gopro_fisheye,1920x1080,none,555,26.3793,28.0274,767
gopro_003,train,gopro_fisheye,1920x1080,none,555,28.0274,29.7785,325
gopro_003,train,gopro_fisheye,1920x1080,none,555,29.7785,31.639,581
gopro_003,train,gopro_fisheye,1920x1080,none,555,31.639,33.6157,533
gopro_003,train,gopro_fisheye,1920x1080,none,555,33.6157,35.7159,450
gopro_003,train,gopro_fisheye,1920x1080,none,555,35.7159,37.9473,418
gopro_003,train,gopro_fisheye,1920x1080,none,555,37.9473,40.3182,557
gopro_003,train,gopro_fisheye,1920x1080,none,555,40.3182,42.8372,257
gopro_003,train,gopro_fisheye,1920x1080,none,555,42.8372,45.5135,428
gopro_003,train,gopro_fisheye,1920x1080,none,555,45.5135,48.3571,329
gopro_003,train,gopro_fisheye,1920x1080,none,555,48.3571,51.3783,279
gopro_003,train,gopro_fisheye,1920x1080,none,555,51.3783,54.5883,240
gopro_003,train,gopro_fisheye,1920x1080,none,555,54.5883,57.9988,233
gopro_003,train,gopro_fisheye,1920x1080,none,555,57.9988,61.6224,239
gopro_003,train,gopro_fisheye,1920x1080,none,555,61.6224,65.4724,177
gopro_003,train,gopro_fisheye,1920x1080,none,555,65.4724,69.563,180
gopro_003,train,gopro_fisheye,1920x1080,none,555,69.563,73.9091,157
gopro_003,train,gopro_fisheye,1920x1080,none,555,73.9091,78.5267,212
gopro_003,train,gopro_fisheye,1920x1080,none,555,78.5267,83.4329,219
gopro_003,train,gopro_fisheye,1920x1080,none,555,83.4329,88.6455,190
gopro_003,train,gopro_fisheye,1920x1080,none,555,88.6455,94.1839,196
gopro_003,train,gopro_fisheye,1920x1080,none,555,94.1839,100.0682,130
gopro_003,train,gopro_fisheye,1920x1080,none,555,100.0682,106.3202,78
gopro_003,train,gopro_fisheye,1920x1080,none,555,106.3202,112.9628,80
gopro_003,train,gopro_fisheye,1920x1080,none,555,112.9628,120.0205,92
gopro_003,train,gopro_fisheye,1920x1080,none,555,120.0205,127.519,70
gopro_003,train,gopro_fisheye,1920x1080,none,555,127.519,135.4861,60
gopro_003,train,gopro_fisheye,1920x1080,none,555,135.4861,143.9509,43
gopro_003,train,gopro_fisheye,1920x1080,none,555,143.9509,152.9446,47
gopro_003,train,gopro_fisheye,1920x1080,none,555,152.9446,162.5001,47
gopro_003,train,gopro_fisheye,1920x1080,none,555,162.5001,172.6527,37
gopro_003,train,gopro_fisheye,1920x1080,none,555,172.6527,183.4396,29
gopro_003,train,gopro_fisheye,1920x1080,none,555,183.4396,194.9004,30
gopro_003,train,gopro_fisheye,1920x1080,none,555,194.9004,207.0773,27
gopro_003,train,gopro_fisheye,1920x1080,none,555,207.0773,220.0149,17
gopro_003,train,gopro_fisheye,1920x1080,none,555,220.0149,233.7609,16
gopro_003,train,gopro_fisheye,1920x1080,none,555,233.7609,248.3657,19
gopro_003,train,gopro_fisheye,1920x1080,none,555,248.3657,263.8829,9
gopro_003,train,gopro_fisheye,1920x1080,none,555,263.8829,280.3696,18
gopro_003,train,gopro_fisheye,1920x1080,none,555,280.3696,297.8864,41
gopro_003,train,gopro_fisheye,1920x1080,none,555,297.8864,316.4975,15
gopro_003,train,gopro_fisheye,1920x1080,none,555,316.4975,336.2714,6
gopro_003,train,gopro_fisheye,1920x1080,none,555,336.2714,357.2808,10
gopro_003,train,gopro_fisheye,1920x1080,none,555,357.2808,379.6028,3
gopro_003,train,gopro_fisheye,1920x1080,none,555,379.6028,403.3193,4
gopro_003,train,gopro_fisheye,1920x1080,none,555,403.3193,428.5177,3
gopro_003,train,gopro_fisheye,1920x1080,none,555,428.5177,455.2903,8
gopro_003,train,gopro_fisheye,1920x1080,none,555,455.2903,483.7357,4
gopro_003,train,gopro_fisheye,1920x1080,none,555,483.7357,513.9582,3
gopro_003,train,gopro_fisheye,1920x1080,none,555,513.9582,546.069,3
gopro_003,train,gopro_fisheye,1920x1080,none,555,546.069,580.1859,3
gopro_003,train,gopro_fisheye,1920x1080,none,555,580.1859,616.4344,1
gopro_003,train,gopro_fisheye,1920x1080,none,555,654.9476,695.867,2
gopro_003,train,gopro_fisheye,1920x1080,none,555,695.867,739.3429,2
gopro_003,train,gopro_fisheye,1920x1080,none,555,834.6133,886.7577,1
gopro_003,train,gopro_fisheye,1920x1080,none,555,886.7577,942.16,1
gopro_003,train,gopro_fisheye,1920x1080,none,555,942.16,1001.0237,1
gopro_003,train,gopro_fisheye,1920x1080,none,555,1951665.1031,2073600.0,1
gopro_005,val,gopro_fisheye,1920x1080,none,811,1.0,1.0625,6391285
gopro_005,val,gopro_fisheye,1920x1080,none,811,1.9477,2.0694,1847187
gopro_005,val,gopro_fisheye,1920x1080,none,811,2.9768,3.1628,824010
gopro_005,val,gopro_fisheye,1920x1080,none,811,3.7934,4.0304,472752
gopro_005,val,gopro_fisheye,1920x1080,none,811,4.8341,5.1361,300069
gopro_005,val,gopro_fisheye,1920x1080,none,811,5.7979,6.1601,209192
gopro_005,val,gopro_fisheye,1920x1080,none,811,6.9539,7.3884,155690
gopro_005,val,gopro_fisheye,1920x1080,none,811,7.85,8.3404,117723
gopro_005,val,gopro_fisheye,1920x1080,none,811,8.8615,9.4152,92863
gopro_005,val,gopro_fisheye,1920x1080,none,811,9.4152,10.0034,75015
gopro_005,val,gopro_fisheye,1920x1080,none,811,10.6284,11.2924,62066
gopro_005,val,gopro_fisheye,1920x1080,none,811,11.998,12.7476,51834
gopro_005,val,gopro_fisheye,1920x1080,none,811,12.7476,13.544,43374
gopro_005,val,gopro_fisheye,1920x1080,none,811,13.544,14.3902,37902
gopro_005,val,gopro_fisheye,1920x1080,none,811,14.3902,15.2892,32313
gopro_005,val,gopro_fisheye,1920x1080,none,811,15.2892,16.2445,28882
gopro_005,val,gopro_fisheye,1920x1080,none,811,16.2445,17.2594,25631
gopro_005,val,gopro_fisheye,1920x1080,none,811,17.2594,18.3377,22255
gopro_005,val,gopro_fisheye,1920x1080,none,811,18.3377,19.4834,20237
gopro_005,val,gopro_fisheye,1920x1080,none,811,19.4834,20.7007,17817
gopro_005,val,gopro_fisheye,1920x1080,none,811,20.7007,21.994,15815
gopro_005,val,gopro_fisheye,1920x1080,none,811,21.994,23.3681,27914
gopro_005,val,gopro_fisheye,1920x1080,none,811,23.3681,24.8281,12068
gopro_005,val,gopro_fisheye,1920x1080,none,811,24.8281,26.3793,20906
gopro_005,val,gopro_fisheye,1920x1080,none,811,26.3793,28.0274,18088
gopro_005,val,gopro_fisheye,1920x1080,none,811,28.0274,29.7785,7865
gopro_005,val,gopro_fisheye,1920x1080,none,811,29.7785,31.639,14179
gopro_005,val,gopro_fisheye,1920x1080,none,811,31.639,33.6157,12401
gopro_005,val,gopro_fisheye,1920x1080,none,811,33.6157,35.7159,10952
gopro_005,val,gopro_fisheye,1920x1080,none,811,35.7159,37.9473,9532
gopro_005,val,gopro_fisheye,1920x1080,none,811,37.9473,40.3182,12597
gopro_005,val,gopro_fisheye,1920x1080,none,811,40.3182,42.8372,7302
gopro_005,val,gopro_fisheye,1920x1080,none,811,42.8372,45.5135,9591
gopro_005,val,gopro_fisheye,1920x1080,none,811,45.5135,48.3571,8133
gopro_005,val,gopro_fisheye,1920x1080,none,811,48.3571,51.3783,6928
gopro_005,val,gopro_fisheye,1920x1080,none,811,51.3783,54.5883,6326
gopro_005,val,gopro_fisheye,1920x1080,none,811,54.5883,57.9988,5197
gopro_005,val,gopro_fisheye,1920x1080,none,811,57.9988,61.6224,5824
gopro_005,val,gopro_fisheye,1920x1080,none,811,61.6224,65.4724,5262
gopro_005,val,gopro_fisheye,1920x1080,none,811,65.4724,69.563,4635
gopro_005,val,gopro_fisheye,1920x1080,none,811,69.563,73.9091,3840
gopro_005,val,gopro_fisheye,1920x1080,none,811,73.9091,78.5267,4139
gopro_005,val,gopro_fisheye,1920x1080,none,811,78.5267,83.4329,3456
gopro_005,val,gopro_fisheye,1920x1080,none,811,83.4329,88.6455,2986
gopro_005,val,gopro_fisheye,1920x1080,none,811,88.6455,94.1839,3143
gopro_005,val,gopro_fisheye,1920x1080,none,811,94.1839,100.0682,2647
gopro_005,val,gopro_fisheye,1920x1080,none,811,100.0682,106.3202,2496
gopro_005,val,gopro_fisheye,1920x1080,none,811,106.3202,112.9628,2179
gopro_005,val,gopro_fisheye,1920x1080,none,811,112.9628,120.0205,2547
gopro_005,val,gopro_fisheye,1920x1080,none,811,120.0205,127.519,1972
gopro_005,val,gopro_fisheye,1920x1080,none,811,127.519,135.4861,1995
gopro_005,val,gopro_fisheye,1920x1080,none,811,135.4861,143.9509,1745
gopro_005,val,gopro_fisheye,1920x1080,none,811,143.9509,152.9446,1610
gopro_005,val,gopro_fisheye,1920x1080,none,811,152.9446,162.5001,1646
gopro_005,val,gopro_fisheye,1920x1080,none,811,162.5001,172.6527,1447
gopro_005,val,gopro_fisheye,1920x1080,none,811,172.6527,183.4396,1370
gopro_005,val,gopro_fisheye,1920x1080,none,811,183.4396,194.9004,1238
gopro_005,val,gopro_fisheye,1920x1080,none,811,194.9004,207.0773,1127
gopro_005,val,gopro_fisheye,1920x1080,none,811,207.0773,220.0149,986
gopro_005,val,gopro_fisheye,1920x1080,none,811,220.0149,233.7609,887
gopro_005,val,gopro_fisheye,1920x1080,none,811,233.7609,248.3657,826
gopro_005,val,gopro_fisheye,1920x1080,none,811,248.3657,263.8829,819
gopro_005,val,gopro_fisheye,1920x1080,none,811,263.8829,280.3696,789
gopro_005,val,gopro_fisheye,1920x1080,none,811,280.3696,297.8864,681
gopro_005,val,gopro_fisheye,1920x1080,none,811,297.8864,316.4975,629
gopro_005,val,gopro_fisheye,1920x1080,none,811,316.4975,336.2714,526
gopro_005,val,gopro_fisheye,1920x1080,none,811,336.2714,357.2808,476
gopro_005,val,gopro_fisheye,1920x1080,none,811,357.2808,379.6028,468
gopro_005,val,gopro_fisheye,1920x1080,none,811,379.6028,403.3193,480
gopro_005,val,gopro_fisheye,1920x1080,none,811,403.3193,428.5177,411
gopro_005,val,gopro_fisheye,1920x1080,none,811,428.5177,455.2903,431
gopro_005,val,gopro_fisheye,1920x1080,none,811,455.2903,483.7357,360
gopro_005,val,gopro_fisheye,1920x1080,none,811,483.7357,513.9582,338
gopro_005,val,gopro_fisheye,1920x1080,none,811,513.9582,546.069,297
gopro_005,val,gopro_fisheye,1920x1080,none,811,546.069,580.1859,293
gopro_005,val,gopro_fisheye,1920x1080,none,811,580.1859,616.4344,253
gopro_005,val,gopro_fisheye,1920x1080,none,811,616.4344,654.9476,232
gopro_005,val,gopro_fisheye,1920x1080,none,811,654.9476,695.867,233
gopro_005,val,gopro_fisheye,1920x1080,none,811,695.867,739.3429,268
gopro_005,val,gopro_fisheye,1920x1080,none,811,739.3429,785.5351,199
gopro_005,val,gopro_fisheye,1920x1080,none,811,785.5351,834.6133,189
gopro_005,val,gopro_fisheye,1920x1080,none,811,834.6133,886.7577,213
gopro_005,val,gopro_fisheye,1920x1080,none,811,886.7577,942.16,149
gopro_005,val,gopro_fisheye,1920x1080,none,811,942.16,1001.0237,118
gopro_005,val,gopro_fisheye,1920x1080,none,811,1001.0237,1063.565,118
gopro_005,val,gopro_fisheye,1920x1080,none,811,1063.565,1130.0138,138
gopro_005,val,gopro_fisheye,1920x1080,none,811,1130.0138,1200.6141,125
gopro_005,val,gopro_fisheye,1920x1080,none,811,1200.6141,1275.6253,110
gopro_005,val,gopro_fisheye,1920x1080,none,811,1275.6253,1355.323,103
gopro_005,val,gopro_fisheye,1920x1080,none,811,1355.323,1440.0,82
gopro_005,val,gopro_fisheye,1920x1080,none,811,1440.0,1529.9674,71
gopro_005,val,gopro_fisheye,1920x1080,none,811,1529.9674,1625.5557,83
gopro_005,val,gopro_fisheye,1920x1080,none,811,1625.5557,1727.1162,71
gopro_005,val,gopro_fisheye,1920x1080,none,811,1727.1162,1835.0219,84
gopro_005,val,gopro_fisheye,1920x1080,none,811,1835.0219,1949.6692,65
gopro_005,val,gopro_fisheye,1920x1080,none,811,1949.6692,2071.4794,82
gopro_005,val,gopro_fisheye,1920x1080,none,811,2071.4794,2200.9,85
gopro_005,val,gopro_fisheye,1920x1080,none,811,2200.9,2338.4064,81
gopro_005,val,gopro_fisheye,1920x1080,none,811,2338.4064,2484.5039,105
gopro_005,val,gopro_fisheye,1920x1080,none,811,2484.5039,2639.7291,71
gopro_005,val,gopro_fisheye,1920x1080,none,811,2639.7291,2804.6525,76
gopro_005,val,gopro_fisheye,1920x1080,none,811,2804.6525,2979.8798,75
gopro_005,val,gopro_fisheye,1920x1080,none,811,2979.8798,3166.0548,84
gopro_005,val,gopro_fisheye,1920x1080,none,811,3166.0548,3363.8616,45
gopro_005,val,gopro_fisheye,1920x1080,none,811,3363.8616,3574.0268,43
gopro_005,val,gopro_fisheye,1920x1080,none,811,3574.0268,3797.3226,49
gopro_005,val,gopro_fisheye,1920x1080,none,811,3797.3226,4034.5693,43
gopro_005,val,gopro_fisheye,1920x1080,none,811,4034.5693,4286.6386,41
gopro_005,val,gopro_fisheye,1920x1080,none,811,4286.6386,4554.4564,42
gopro_005,val,gopro_fisheye,1920x1080,none,811,4554.4564,4839.0069,32
gopro_005,val,gopro_fisheye,1920x1080,none,811,4839.0069,5141.3353,36
gopro_005,val,gopro_fisheye,1920x1080,none,811,5141.3353,5462.5524,34
gopro_005,val,gopro_fisheye,1920x1080,none,811,5462.5524,5803.8383,46
gopro_005,val,gopro_fisheye,1920x1080,none,811,5803.8383,6166.4468,48
gopro_005,val,gopro_fisheye,1920x1080,none,811,6166.4468,6551.7102,54
gopro_005,val,gopro_fisheye,1920x1080,none,811,6551.7102,6961.0438,20
gopro_005,val,gopro_fisheye,1920x1080,none,811,6961.0438,7395.9515,18
gopro_005,val,gopro_fisheye,1920x1080,none,811,7395.9515,7858.031,25
gopro_005,val,gopro_fisheye,1920x1080,none,811,7858.031,8348.9801,19
gopro_005,val,gopro_fisheye,1920x1080,none,811,8348.9801,8870.6024,34
gopro_005,val,gopro_fisheye,1920x1080,none,811,8870.6024,9424.8143,31
gopro_005,val,gopro_fisheye,1920x1080,none,811,9424.8143,10013.6519,12
gopro_005,val,gopro_fisheye,1920x1080,none,811,10013.6519,10639.2785,16
gopro_005,val,gopro_fisheye,1920x1080,none,811,10639.2785,11303.9926,19
gopro_005,val,gopro_fisheye,1920x1080,none,811,11303.9926,12010.2363,9
gopro_005,val,gopro_fisheye,1920x1080,none,811,12010.2363,12760.6042,13
gopro_005,val,gopro_fisheye,1920x1080,none,811,12760.6042,13557.8532,6
gopro_005,val,gopro_fisheye,1920x1080,none,811,13557.8532,14404.9122,9
gopro_005,val,gopro_fisheye,1920x1080,none,811,14404.9122,15304.8932,15
gopro_005,val,gopro_fisheye,1920x1080,none,811,15304.8932,16261.1026,11
gopro_005,val,gopro_fisheye,1920x1080,none,811,16261.1026,17277.0535,20
gopro_005,val,gopro_fisheye,1920x1080,none,811,17277.0535,18356.4783,9
gopro_005,val,gopro_fisheye,1920x1080,none,811,18356.4783,19503.3427,13
gopro_005,val,gopro_fisheye,1920x1080,none,811,19503.3427,20721.8602,15
gopro_005,val,gopro_fisheye,1920x1080,none,811,20721.8602,22016.5075,28
gopro_005,val,gopro_fisheye,1920x1080,none,811,22016.5075,23392.0409,27
gopro_005,val,gopro_fisheye,1920x1080,none,811,23392.0409,24853.514,6
gopro_005,val,gopro_fisheye,1920x1080,none,811,24853.514,26406.2961,7
gopro_005,val,gopro_fisheye,1920x1080,none,811,26406.2961,28056.092,5
gopro_005,val,gopro_fisheye,1920x1080,none,811,28056.092,29808.9627,7
gopro_005,val,gopro_fisheye,1920x1080,none,811,29808.9627,31671.3482,5
gopro_005,val,gopro_fisheye,1920x1080,none,811,31671.3482,33650.0907,9
gopro_005,val,gopro_fisheye,1920x1080,none,811,33650.0907,35752.4597,5
gopro_005,val,gopro_fisheye,1920x1080,none,811,35752.4597,37986.1793,10
gopro_005,val,gopro_fisheye,1920x1080,none,811,37986.1793,40359.4557,7
gopro_005,val,gopro_fisheye,1920x1080,none,811,1951665.1031,2073600.0,1
gopro_006,train,gopro_fisheye,1920x1080,none,1351,1.0,1.0625,9772221
gopro_006,train,gopro_fisheye,1920x1080,none,1351,1.9477,2.0694,2683580
gopro_006,train,gopro_fisheye,1920x1080,none,1351,2.9768,3.1628,1188337
gopro_006,train,gopro_fisheye,1920x1080,none,1351,3.7934,4.0304,694152
gopro_006,train,gopro_fisheye,1920x1080,none,1351,4.8341,5.1361,445596
gopro_006,train,gopro_fisheye,1920x1080,none,1351,5.7979,6.1601,311381
gopro_006,train,gopro_fisheye,1920x1080,none,1351,6.9539,7.3884,225875
gopro_006,train,gopro_fisheye,1920x1080,none,1351,7.85,8.3404,172566
gopro_006,train,gopro_fisheye,1920x1080,none,1351,8.8615,9.4152,135438
gopro_006,train,gopro_fisheye,1920x1080,none,1351,9.4152,10.0034,109126
gopro_006,train,gopro_fisheye,1920x1080,none,1351,10.6284,11.2924,88974
gopro_006,train,gopro_fisheye,1920x1080,none,1351,11.998,12.7476,73658
gopro_006,train,gopro_fisheye,1920x1080,none,1351,12.7476,13.544,61705
gopro_006,train,gopro_fisheye,1920x1080,none,1351,13.544,14.3902,52145
gopro_006,train,gopro_fisheye,1920x1080,none,1351,14.3902,15.2892,44873
gopro_006,train,gopro_fisheye,1920x1080,none,1351,15.2892,16.2445,38818
gopro_006,train,gopro_fisheye,1920x1080,none,1351,16.2445,17.2594,33890
gopro_006,train,gopro_fisheye,1920x1080,none,1351,17.2594,18.3377,29838
gopro_006,train,gopro_fisheye,1920x1080,none,1351,18.3377,19.4834,26569
gopro_006,train,gopro_fisheye,1920x1080,none,1351,19.4834,20.7007,23687
gopro_006,train,gopro_fisheye,1920x1080,none,1351,20.7007,21.994,21187
gopro_006,train,gopro_fisheye,1920x1080,none,1351,21.994,23.3681,36329
gopro_006,train,gopro_fisheye,1920x1080,none,1351,23.3681,24.8281,15676
gopro_006,train,gopro_fisheye,1920x1080,none,1351,24.8281,26.3793,26987
gopro_006,train,gopro_fisheye,1920x1080,none,1351,26.3793,28.0274,22695
gopro_006,train,gopro_fisheye,1920x1080,none,1351,28.0274,29.7785,9884
gopro_006,train,gopro_fisheye,1920x1080,none,1351,29.7785,31.639,17829
gopro_006,train,gopro_fisheye,1920x1080,none,1351,31.639,33.6157,15150
gopro_006,train,gopro_fisheye,1920x1080,none,1351,33.6157,35.7159,13282
gopro_006,train,gopro_fisheye,1920x1080,none,1351,35.7159,37.9473,11295
gopro_006,train,gopro_fisheye,1920x1080,none,1351,37.9473,40.3182,14656
gopro_006,train,gopro_fisheye,1920x1080,none,1351,40.3182,42.8372,8085
gopro_006,train,gopro_fisheye,1920x1080,none,1351,42.8372,45.5135,10473
gopro_006,train,gopro_fisheye,1920x1080,none,1351,45.5135,48.3571,8951
gopro_006,train,gopro_fisheye,1920x1080,none,1351,48.3571,51.3783,8029
gopro_006,train,gopro_fisheye,1920x1080,none,1351,51.3783,54.5883,6917
gopro_006,train,gopro_fisheye,1920x1080,none,1351,54.5883,57.9988,6233
gopro_006,train,gopro_fisheye,1920x1080,none,1351,57.9988,61.6224,7125
gopro_006,train,gopro_fisheye,1920x1080,none,1351,61.6224,65.4724,6048
gopro_006,train,gopro_fisheye,1920x1080,none,1351,65.4724,69.563,5158
gopro_006,train,gopro_fisheye,1920x1080,none,1351,69.563,73.9091,4438
gopro_006,train,gopro_fisheye,1920x1080,none,1351,73.9091,78.5267,4771
gopro_006,train,gopro_fisheye,1920x1080,none,1351,78.5267,83.4329,4224
gopro_006,train,gopro_fisheye,1920x1080,none,1351,83.4329,88.6455,3624
gopro_006,train,gopro_fisheye,1920x1080,none,1351,88.6455,94.1839,3845
gopro_006,train,gopro_fisheye,1920x1080,none,1351,94.1839,100.0682,3438
gopro_006,train,gopro_fisheye,1920x1080,none,1351,100.0682,106.3202,2973
gopro_006,train,gopro_fisheye,1920x1080,none,1351,106.3202,112.9628,2654
gopro_006,train,gopro_fisheye,1920x1080,none,1351,112.9628,120.0205,2990
gopro_006,train,gopro_fisheye,1920x1080,none,1351,120.0205,127.519,2260
gopro_006,train,gopro_fisheye,1920x1080,none,1351,127.519,135.4861,2228
gopro_006,train,gopro_fisheye,1920x1080,none,1351,135.4861,143.9509,1848
gopro_006,train,gopro_fisheye,1920x1080,none,1351,143.9509,152.9446,1812
gopro_006,train,gopro_fisheye,1920x1080,none,1351,152.9446,162.5001,1693
gopro_006,train,gopro_fisheye,1920x1080,none,1351,162.5001,172.6527,1482
gopro_006,train,gopro_fisheye,1920x1080,none,1351,172.6527,183.4396,1377
gopro_006,train,gopro_fisheye,1920x1080,none,1351,183.4396,194.9004,1151
gopro_006,train,gopro_fisheye,1920x1080,none,1351,194.9004,207.0773,1116
gopro_006,train,gopro_fisheye,1920x1080,none,1351,207.0773,220.0149,953
gopro_006,train,gopro_fisheye,1920x1080,none,1351,220.0149,233.7609,834
gopro_006,train,gopro_fisheye,1920x1080,none,1351,233.7609,248.3657,807
gopro_006,train,gopro_fisheye,1920x1080,none,1351,248.3657,263.8829,780
gopro_006,train,gopro_fisheye,1920x1080,none,1351,263.8829,280.3696,736
gopro_006,train,gopro_fisheye,1920x1080,none,1351,280.3696,297.8864,609
gopro_006,train,gopro_fisheye,1920x1080,none,1351,297.8864,316.4975,661
gopro_006,train,gopro_fisheye,1920x1080,none,1351,316.4975,336.2714,638
gopro_006,train,gopro_fisheye,1920x1080,none,1351,336.2714,357.2808,514
gopro_006,train,gopro_fisheye,1920x1080,none,1351,357.2808,379.6028,441
gopro_006,train,gopro_fisheye,1920x1080,none,1351,379.6028,403.3193,354
gopro_006,train,gopro_fisheye,1920x1080,none,1351,403.3193,428.5177,337
gopro_006,train,gopro_fisheye,1920x1080,none,1351,428.5177,455.2903,290
gopro_006,train,gopro_fisheye,1920x1080,none,1351,455.2903,483.7357,252
gopro_006,train,gopro_fisheye,1920x1080,none,1351,483.7357,513.9582,269
gopro_006,train,gopro_fisheye,1920x1080,none,1351,513.9582,546.069,277
gopro_006,train,gopro_fisheye,1920x1080,none,1351,546.069,580.1859,188
gopro_006,train,gopro_fisheye,1920x1080,none,1351,580.1859,616.4344,176
gopro_006,train,gopro_fisheye,1920x1080,none,1351,616.4344,654.9476,139
gopro_006,train,gopro_fisheye,1920x1080,none,1351,654.9476,695.867,128
gopro_006,train,gopro_fisheye,1920x1080,none,1351,695.867,739.3429,91
gopro_006,train,gopro_fisheye,1920x1080,none,1351,739.3429,785.5351,111
gopro_006,train,gopro_fisheye,1920x1080,none,1351,785.5351,834.6133,94
gopro_006,train,gopro_fisheye,1920x1080,none,1351,834.6133,886.7577,83
gopro_006,train,gopro_fisheye,1920x1080,none,1351,886.7577,942.16,63
gopro_006,train,gopro_fisheye,1920x1080,none,1351,942.16,1001.0237,59
gopro_006,train,gopro_fisheye,1920x1080,none,1351,1001.0237,1063.565,59
gopro_006,train,gopro_fisheye,1920x1080,none,1351,1063.565,1130.0138,50
gopro_006,train,gopro_fisheye,1920x1080,none,1351,1130.0138,1200.6141,54
gopro_006,train,gopro_fisheye,1920x1080,none,1351,1200.6141,1275.6253,55
gopro_006,train,gopro_fisheye,1920x1080,none,1351,1275.6253,1355.323,37
gopro_006,train,gopro_fisheye,1920x1080,none,1351,1355.323,1440.0,34
gopro_006,train,gopro_fisheye,1920x1080,none,1351,1440.0,1529.9674,14
gopro_006,train,gopro_fisheye,1920x1080,none,1351,1529.9674,1625.5557,12
gopro_006,train,gopro_fisheye,1920x1080,none,1351,1625.5557,1727.1162,13
gopro_006,train,gopro_fisheye,1920x1080,none,1351,1727.1162,1835.0219,27
gopro_006,train,gopro_fisheye,1920x1080,none,1351,1835.0219,1949.6692,14
gopro_006,train,gopro_fisheye,1920x1080,none,1351,1949.6692,2071.4794,16
gopro_006,train,gopro_fisheye,1920x1080,none,1351,2071.4794,2200.9,10
gopro_006,train,gopro_fisheye,1920x1080,none,1351,2200.9,2338.4064,18
gopro_006,train,gopro_fisheye,1920x1080,none,1351,2338.4064,2484.5039,8
gopro_006,train,gopro_fisheye,1920x1080,none,1351,2484.5039,2639.7291,9
gopro_006,train,gopro_fisheye,1920x1080,none,1351,2639.7291,2804.6525,9
gopro_006,train,gopro_fisheye,1920x1080,none,1351,2804.6525,2979.8798,6
gopro_006,train,gopro_fisheye,1920x1080,none,1351,2979.8798,3166.0548,4
gopro_006,train,gopro_fisheye,1920x1080,none,1351,3166.0548,3363.8616,5
gopro_006,train,gopro_fisheye,1920x1080,none,1351,3363.8616,3574.0268,2
gopro_006,train,gopro_fisheye,1920x1080,none,1351,3574.0268,3797.3226,8
gopro_006,train,gopro_fisheye,1920x1080,none,1351,3797.3226,4034.5693,5
gopro_006,train,gopro_fisheye,1920x1080,none,1351,4034.5693,4286.6386,3
gopro_006,train,gopro_fisheye,1920x1080,none,1351,4286.6386,4554.4564,5
gopro_006,train,gopro_fisheye,1920x1080,none,1351,4554.4564,4839.0069,3
gopro_006,train,gopro_fisheye,1920x1080,none,1351,4839.0069,5141.3353,1
gopro_006,train,gopro_fisheye,1920x1080,none,1351,5462.5524,5803.8383,1
gopro_006,train,gopro_fisheye,1920x1080,none,1351,5803.8383,6166.4468,4
gopro_006,train,gopro_fisheye,1920x1080,none,1351,6166.4468,6551.7102,1
gopro_006,train,gopro_fisheye,1920x1080,none,1351,6551.7102,6961.0438,2
gopro_006,train,gopro_fisheye,1920x1080,none,1351,9424.8143,10013.6519,3
gopro_006,train,gopro_fisheye,1920x1080,none,1351,10013.6519,10639.2785,2
gopro_006,train,gopro_fisheye,1920x1080,none,1351,12760.6042,13557.8532,2
gopro_006,train,gopro_fisheye,1920x1080,none,1351,17277.0535,18356.4783,2
gopro_006,train,gopro_fisheye,1920x1080,none,1351,18356.4783,19503.3427,2
gopro_006,train,gopro_fisheye,1920x1080,none,1351,19503.3427,20721.8602,1
gopro_006,train,gopro_fisheye,1920x1080,none,1351,20721.8602,22016.5075,1
gopro_006,train,gopro_fisheye,1920x1080,none,1351,23392.0409,24853.514,1
gopro_006,train,gopro_fisheye,1920x1080,none,1351,24853.514,26406.2961,1
gopro_006,train,gopro_fisheye,1920x1080,none,1351,26406.2961,28056.092,2
gopro_006,train,gopro_fisheye,1920x1080,none,1351,28056.092,29808.9627,5
gopro_006,train,gopro_fisheye,1920x1080,none,1351,29808.9627,31671.3482,4
gopro_006,train,gopro_fisheye,1920x1080,none,1351,31671.3482,33650.0907,1
gopro_006,train,gopro_fisheye,1920x1080,none,1351,33650.0907,35752.4597,1
gopro_006,train,gopro_fisheye,1920x1080,none,1351,35752.4597,37986.1793,2
gopro_006,train,gopro_fisheye,1920x1080,none,1351,42881.0083,45560.1008,1
gopro_006,train,gopro_fisheye,1920x1080,none,1351,1951665.1031,2073600.0,1
gopro_007,train,gopro_fisheye,1920x1080,none,3481,1.0,1.0625,17947656
gopro_007,train,gopro_fisheye,1920x1080,none,3481,1.9477,2.0694,5208867
gopro_007,train,gopro_fisheye,1920x1080,none,3481,2.9768,3.1628,2367566
gopro_007,train,gopro_fisheye,1920x1080,none,3481,3.7934,4.0304,1418151
gopro_007,train,gopro_fisheye,1920x1080,none,3481,4.8341,5.1361,916609
gopro_007,train,gopro_fisheye,1920x1080,none,3481,5.7979,6.1601,645930
gopro_007,train,gopro_fisheye,1920x1080,none,3481,6.9539,7.3884,474784
gopro_007,train,gopro_fisheye,1920x1080,none,3481,7.85,8.3404,362893
gopro_007,train,gopro_fisheye,1920x1080,none,3481,8.8615,9.4152,284659
gopro_007,train,gopro_fisheye,1920x1080,none,3481,9.4152,10.0034,227684
gopro_007,train,gopro_fisheye,1920x1080,none,3481,10.6284,11.2924,187217
gopro_007,train,gopro_fisheye,1920x1080,none,3481,11.998,12.7476,155765
gopro_007,train,gopro_fisheye,1920x1080,none,3481,12.7476,13.544,131199
gopro_007,train,gopro_fisheye,1920x1080,none,3481,13.544,14.3902,113390
gopro_007,train,gopro_fisheye,1920x1080,none,3481,14.3902,15.2892,97678
gopro_007,train,gopro_fisheye,1920x1080,none,3481,15.2892,16.2445,84458
gopro_007,train,gopro_fisheye,1920x1080,none,3481,16.2445,17.2594,73992
gopro_007,train,gopro_fisheye,1920x1080,none,3481,17.2594,18.3377,65668
gopro_007,train,gopro_fisheye,1920x1080,none,3481,18.3377,19.4834,57740
gopro_007,train,gopro_fisheye,1920x1080,none,3481,19.4834,20.7007,51643
gopro_007,train,gopro_fisheye,1920x1080,none,3481,20.7007,21.994,46222
gopro_007,train,gopro_fisheye,1920x1080,none,3481,21.994,23.3681,78101
gopro_007,train,gopro_fisheye,1920x1080,none,3481,23.3681,24.8281,33205
gopro_007,train,gopro_fisheye,1920x1080,none,3481,24.8281,26.3793,59322
gopro_007,train,gopro_fisheye,1920x1080,none,3481,26.3793,28.0274,49840
gopro_007,train,gopro_fisheye,1920x1080,none,3481,28.0274,29.7785,22208
gopro_007,train,gopro_fisheye,1920x1080,none,3481,29.7785,31.639,39538
gopro_007,train,gopro_fisheye,1920x1080,none,3481,31.639,33.6157,34156
gopro_007,train,gopro_fisheye,1920x1080,none,3481,33.6157,35.7159,29942
gopro_007,train,gopro_fisheye,1920x1080,none,3481,35.7159,37.9473,26398
gopro_007,train,gopro_fisheye,1920x1080,none,3481,37.9473,40.3182,33697
gopro_007,train,gopro_fisheye,1920x1080,none,3481,40.3182,42.8372,19450
gopro_007,train,gopro_fisheye,1920x1080,none,3481,42.8372,45.5135,25637
gopro_007,train,gopro_fisheye,1920x1080,none,3481,45.5135,48.3571,22464
gopro_007,train,gopro_fisheye,1920x1080,none,3481,48.3571,51.3783,19257
gopro_007,train,gopro_fisheye,1920x1080,none,3481,51.3783,54.5883,17035
gopro_007,train,gopro_fisheye,1920x1080,none,3481,54.5883,57.9988,14830
gopro_007,train,gopro_fisheye,1920x1080,none,3481,57.9988,61.6224,16993
gopro_007,train,gopro_fisheye,1920x1080,none,3481,61.6224,65.4724,14648
gopro_007,train,gopro_fisheye,1920x1080,none,3481,65.4724,69.563,12215
gopro_007,train,gopro_fisheye,1920x1080,none,3481,69.563,73.9091,10973
gopro_007,train,gopro_fisheye,1920x1080,none,3481,73.9091,78.5267,12207
gopro_007,train,gopro_fisheye,1920x1080,none,3481,78.5267,83.4329,10215
gopro_007,train,gopro_fisheye,1920x1080,none,3481,83.4329,88.6455,9033
gopro_007,train,gopro_fisheye,1920x1080,none,3481,88.6455,94.1839,9243
gopro_007,train,gopro_fisheye,1920x1080,none,3481,94.1839,100.0682,7810
gopro_007,train,gopro_fisheye,1920x1080,none,3481,100.0682,106.3202,6746
gopro_007,train,gopro_fisheye,1920x1080,none,3481,106.3202,112.9628,5869
gopro_007,train,gopro_fisheye,1920x1080,none,3481,112.9628,120.0205,6880
gopro_007,train,gopro_fisheye,1920x1080,none,3481,120.0205,127.519,5318
gopro_007,train,gopro_fisheye,1920x1080,none,3481,127.519,135.4861,5232
gopro_007,train,gopro_fisheye,1920x1080,none,3481,135.4861,143.9509,4484
gopro_007,train,gopro_fisheye,1920x1080,none,3481,143.9509,152.9446,4077
gopro_007,train,gopro_fisheye,1920x1080,none,3481,152.9446,162.5001,3902
gopro_007,train,gopro_fisheye,1920x1080,none,3481,162.5001,172.6527,3271
gopro_007,train,gopro_fisheye,1920x1080,none,3481,172.6527,183.4396,3063
gopro_007,train,gopro_fisheye,1920x1080,none,3481,183.4396,194.9004,2728
gopro_007,train,gopro_fisheye,1920x1080,none,3481,194.9004,207.0773,2708
gopro_007,train,gopro_fisheye,1920x1080,none,3481,207.0773,220.0149,2002
gopro_007,train,gopro_fisheye,1920x1080,none,3481,220.0149,233.7609,1778
gopro_007,train,gopro_fisheye,1920x1080,none,3481,233.7609,248.3657,1750
gopro_007,train,gopro_fisheye,1920x1080,none,3481,248.3657,263.8829,1388
gopro_007,train,gopro_fisheye,1920x1080,none,3481,263.8829,280.3696,1482
gopro_007,train,gopro_fisheye,1920x1080,none,3481,280.3696,297.8864,1381
gopro_007,train,gopro_fisheye,1920x1080,none,3481,297.8864,316.4975,1435
gopro_007,train,gopro_fisheye,1920x1080,none,3481,316.4975,336.2714,1166
gopro_007,train,gopro_fisheye,1920x1080,none,3481,336.2714,357.2808,864
gopro_007,train,gopro_fisheye,1920x1080,none,3481,357.2808,379.6028,757
gopro_007,train,gopro_fisheye,1920x1080,none,3481,379.6028,403.3193,675
gopro_007,train,gopro_fisheye,1920x1080,none,3481,403.3193,428.5177,524
gopro_007,train,gopro_fisheye,1920x1080,none,3481,428.5177,455.2903,546
gopro_007,train,gopro_fisheye,1920x1080,none,3481,455.2903,483.7357,460
gopro_007,train,gopro_fisheye,1920x1080,none,3481,483.7357,513.9582,378
gopro_007,train,gopro_fisheye,1920x1080,none,3481,513.9582,546.069,363
gopro_007,train,gopro_fisheye,1920x1080,none,3481,546.069,580.1859,281
gopro_007,train,gopro_fisheye,1920x1080,none,3481,580.1859,616.4344,230
gopro_007,train,gopro_fisheye,1920x1080,none,3481,616.4344,654.9476,193
gopro_007,train,gopro_fisheye,1920x1080,none,3481,654.9476,695.867,139
gopro_007,train,gopro_fisheye,1920x1080,none,3481,695.867,739.3429,153
gopro_007,train,gopro_fisheye,1920x1080,none,3481,739.3429,785.5351,117
gopro_007,train,gopro_fisheye,1920x1080,none,3481,785.5351,834.6133,82
gopro_007,train,gopro_fisheye,1920x1080,none,3481,834.6133,886.7577,74
gopro_007,train,gopro_fisheye,1920x1080,none,3481,886.7577,942.16,96
gopro_007,train,gopro_fisheye,1920x1080,none,3481,942.16,1001.0237,56
gopro_007,train,gopro_fisheye,1920x1080,none,3481,1001.0237,1063.565,51
gopro_007,train,gopro_fisheye,1920x1080,none,3481,1063.565,1130.0138,79
gopro_007,train,gopro_fisheye,1920x1080,none,3481,1130.0138,1200.6141,72
gopro_007,train,gopro_fisheye,1920x1080,none,3481,1200.6141,1275.6253,110
gopro_007,train,gopro_fisheye,1920x1080,none,3481,1275.6253,1355.323,95
gopro_007,train,gopro_fisheye,1920x1080,none,3481,1355.323,1440.0,69
gopro_007,train,gopro_fisheye,1920x1080,none,3481,1440.0,1529.9674,49
gopro_007,train,gopro_fisheye,1920x1080,none,3481,1529.9674,1625.5557,44
gopro_007,train,gopro_fisheye,1920x1080,none,3481,1625.5557,1727.1162,43
gopro_007,train,gopro_fisheye,1920x1080,none,3481,1727.1162,1835.0219,55
gopro_007,train,gopro_fisheye,1920x1080,none,3481,1835.0219,1949.6692,58
gopro_007,train,gopro_fisheye,1920x1080,none,3481,1949.6692,2071.4794,29
gopro_007,train,gopro_fisheye,1920x1080,none,3481,2071.4794,2200.9,8
gopro_007,train,gopro_fisheye,1920x1080,none,3481,2200.9,2338.4064,9
gopro_007,train,gopro_fisheye,1920x1080,none,3481,2338.4064,2484.5039,6
gopro_007,train,gopro_fisheye,1920x1080,none,3481,2484.5039,2639.7291,6
gopro_007,train,gopro_fisheye,1920x1080,none,3481,2639.7291,2804.6525,8
gopro_007,train,gopro_fisheye,1920x1080,none,3481,2804.6525,2979.8798,7
gopro_007,train,gopro_fisheye,1920x1080,none,3481,2979.8798,3166.0548,11
gopro_007,train,gopro_fisheye,1920x1080,none,3481,3166.0548,3363.8616,8
gopro_007,train,gopro_fisheye,1920x1080,none,3481,3363.8616,3574.0268,7
gopro_007,train,gopro_fisheye,1920x1080,none,3481,3574.0268,3797.3226,11
gopro_007,train,gopro_fisheye,1920x1080,none,3481,3797.3226,4034.5693,10
gopro_007,train,gopro_fisheye,1920x1080,none,3481,4034.5693,4286.6386,7
gopro_007,train,gopro_fisheye,1920x1080,none,3481,4286.6386,4554.4564,1
gopro_007,train,gopro_fisheye,1920x1080,none,3481,4839.0069,5141.3353,6
gopro_007,train,gopro_fisheye,1920x1080,none,3481,5462.5524,5803.8383,6
gopro_007,train,gopro_fisheye,1920x1080,none,3481,5803.8383,6166.4468,4
gopro_007,train,gopro_fisheye,1920x1080,none,3481,6166.4468,6551.7102,8
gopro_007,train,gopro_fisheye,1920x1080,none,3481,6551.7102,6961.0438,2
gopro_007,train,gopro_fisheye,1920x1080,none,3481,6961.0438,7395.9515,7
gopro_007,train,gopro_fisheye,1920x1080,none,3481,7395.9515,7858.031,6
gopro_007,train,gopro_fisheye,1920x1080,none,3481,7858.031,8348.9801,4
gopro_007,train,gopro_fisheye,1920x1080,none,3481,8348.9801,8870.6024,5
gopro_007,train,gopro_fisheye,1920x1080,none,3481,8870.6024,9424.8143,1
gopro_007,train,gopro_fisheye,1920x1080,none,3481,9424.8143,10013.6519,2
gopro_007,train,gopro_fisheye,1920x1080,none,3481,10639.2785,11303.9926,4
gopro_007,train,gopro_fisheye,1920x1080,none,3481,11303.9926,12010.2363,12
gopro_007,train,gopro_fisheye,1920x1080,none,3481,12010.2363,12760.6042,219
gopro_007,train,gopro_fisheye,1920x1080,none,3481,12760.6042,13557.8532,207
gopro_007,train,gopro_fisheye,1920x1080,none,3481,13557.8532,14404.9122,117
gopro_007,train,gopro_fisheye,1920x1080,none,3481,14404.9122,15304.8932,59
gopro_007,train,gopro_fisheye,1920x1080,none,3481,15304.8932,16261.1026,8
gopro_007,train,gopro_fisheye,1920x1080,none,3481,16261.1026,17277.0535,12
gopro_007,train,gopro_fisheye,1920x1080,none,3481,17277.0535,18356.4783,6
gopro_007,train,gopro_fisheye,1920x1080,none,3481,18356.4783,19503.3427,8
gopro_007,train,gopro_fisheye,1920x1080,none,3481,19503.3427,20721.8602,10
gopro_007,train,gopro_fisheye,1920x1080,none,3481,20721.8602,22016.5075,7
gopro_007,train,gopro_fisheye,1920x1080,none,3481,22016.5075,23392.0409,13
gopro_007,train,gopro_fisheye,1920x1080,none,3481,23392.0409,24853.514,8
gopro_007,train,gopro_fisheye,1920x1080,none,3481,31671.3482,33650.0907,1
gopro_007,train,gopro_fisheye,1920x1080,none,3481,1951665.1031,2073600.0,1
gopro_008,train,gopro_fisheye,1920x1080,none,991,1.0,1.0625,6253595
gopro_008,train,gopro_fisheye,1920x1080,none,991,1.9477,2.0694,1709077
gopro_008,train,gopro_fisheye,1920x1080,none,991,2.9768,3.1628,765716
gopro_008,train,gopro_fisheye,1920x1080,none,991,3.7934,4.0304,451049
gopro_008,train,gopro_fisheye,1920x1080,none,991,4.8341,5.1361,288675
gopro_008,train,gopro_fisheye,1920x1080,none,991,5.7979,6.1601,200576
gopro_008,train,gopro_fisheye,1920x1080,none,991,6.9539,7.3884,145476
gopro_008,train,gopro_fisheye,1920x1080,none,991,7.85,8.3404,110521
gopro_008,train,gopro_fisheye,1920x1080,none,991,8.8615,9.4152,86120
gopro_008,train,gopro_fisheye,1920x1080,none,991,9.4152,10.0034,67939
gopro_008,train,gopro_fisheye,1920x1080,none,991,10.6284,11.2924,55357
gopro_008,train,gopro_fisheye,1920x1080,none,991,11.998,12.7476,45794
gopro_008,train,gopro_fisheye,1920x1080,none,991,12.7476,13.544,38832
gopro_008,train,gopro_fisheye,1920x1080,none,991,13.544,14.3902,32851
gopro_008,train,gopro_fisheye,1920x1080,none,991,14.3902,15.2892,27850
gopro_008,train,gopro_fisheye,1920x1080,none,991,15.2892,16.2445,24847
gopro_008,train,gopro_fisheye,1920x1080,none,991,16.2445,17.2594,20824
gopro_008,train,gopro_fisheye,1920x1080,none,991,17.2594,18.3377,18573
gopro_008,train,gopro_fisheye,1920x1080,none,991,18.3377,19.4834,16371
gopro_008,train,gopro_fisheye,1920x1080,none,991,19.4834,20.7007,14333
gopro_008,train,gopro_fisheye,1920x1080,none,991,20.7007,21.994,13011
gopro_008,train,gopro_fisheye,1920x1080,none,991,21.994,23.3681,22231
gopro_008,train,gopro_fisheye,1920x1080,none,991,23.3681,24.8281,9592
gopro_008,train,gopro_fisheye,1920x1080,none,991,24.8281,26.3793,16422
gopro_008,train,gopro_fisheye,1920x1080,none,991,26.3793,28.0274,13499
gopro_008,train,gopro_fisheye,1920x1080,none,991,28.0274,29.7785,5983
gopro_008,train,gopro_fisheye,1920x1080,none,991,29.7785,31.639,10621
gopro_008,train,gopro_fisheye,1920x1080,none,991,31.639,33.6157,9381
gopro_008,train,gopro_fisheye,1920x1080,none,991,33.6157,35.7159,7929
gopro_008,train,gopro_fisheye,1920x1080,none,991,35.7159,37.9473,6879
gopro_008,train,gopro_fisheye,1920x1080,none,991,37.9473,40.3182,8920
gopro_008,train,gopro_fisheye,1920x1080,none,991,40.3182,42.8372,4986
gopro_008,train,gopro_fisheye,1920x1080,none,991,42.8372,45.5135,6489
gopro_008,train,gopro_fisheye,1920x1080,none,991,45.5135,48.3571,5547
gopro_008,train,gopro_fisheye,1920x1080,none,991,48.3571,51.3783,4844
gopro_008,train,gopro_fisheye,1920x1080,none,991,51.3783,54.5883,4172
gopro_008,train,gopro_fisheye,1920x1080,none,991,54.5883,57.9988,3632
gopro_008,train,gopro_fisheye,1920x1080,none,991,57.9988,61.6224,4126
gopro_008,train,gopro_fisheye,1920x1080,none,991,61.6224,65.4724,3878
gopro_008,train,gopro_fisheye,1920x1080,none,991,65.4724,69.563,3352
gopro_008,train,gopro_fisheye,1920x1080,none,991,69.563,73.9091,2827
gopro_008,train,gopro_fisheye,1920x1080,none,991,73.9091,78.5267,3120
gopro_008,train,gopro_fisheye,1920x1080,none,991,78.5267,83.4329,2500
gopro_008,train,gopro_fisheye,1920x1080,none,991,83.4329,88.6455,2096
gopro_008,train,gopro_fisheye,1920x1080,none,991,88.6455,94.1839,2152
gopro_008,train,gopro_fisheye,1920x1080,none,991,94.1839,100.0682,1902
gopro_008,train,gopro_fisheye,1920x1080,none,991,100.0682,106.3202,1518
gopro_008,train,gopro_fisheye,1920x1080,none,991,106.3202,112.9628,1342
gopro_008,train,gopro_fisheye,1920x1080,none,991,112.9628,120.0205,1576
gopro_008,train,gopro_fisheye,1920x1080,none,991,120.0205,127.519,1173
gopro_008,train,gopro_fisheye,1920x1080,none,991,127.519,135.4861,1277
gopro_008,train,gopro_fisheye,1920x1080,none,991,135.4861,143.9509,1021
gopro_008,train,gopro_fisheye,1920x1080,none,991,143.9509,152.9446,1033
gopro_008,train,gopro_fisheye,1920x1080,none,991,152.9446,162.5001,1018
gopro_008,train,gopro_fisheye,1920x1080,none,991,162.5001,172.6527,816
gopro_008,train,gopro_fisheye,1920x1080,none,991,172.6527,183.4396,777
gopro_008,train,gopro_fisheye,1920x1080,none,991,183.4396,194.9004,769
gopro_008,train,gopro_fisheye,1920x1080,none,991,194.9004,207.0773,653
gopro_008,train,gopro_fisheye,1920x1080,none,991,207.0773,220.0149,536
gopro_008,train,gopro_fisheye,1920x1080,none,991,220.0149,233.7609,468
gopro_008,train,gopro_fisheye,1920x1080,none,991,233.7609,248.3657,427
gopro_008,train,gopro_fisheye,1920x1080,none,991,248.3657,263.8829,401
gopro_008,train,gopro_fisheye,1920x1080,none,991,263.8829,280.3696,433
gopro_008,train,gopro_fisheye,1920x1080,none,991,280.3696,297.8864,350
gopro_008,train,gopro_fisheye,1920x1080,none,991,297.8864,316.4975,324
gopro_008,train,gopro_fisheye,1920x1080,none,991,316.4975,336.2714,274
gopro_008,train,gopro_fisheye,1920x1080,none,991,336.2714,357.2808,229
gopro_008,train,gopro_fisheye,1920x1080,none,991,357.2808,379.6028,225
gopro_008,train,gopro_fisheye,1920x1080,none,991,379.6028,403.3193,237
gopro_008,train,gopro_fisheye,1920x1080,none,991,403.3193,428.5177,157
gopro_008,train,gopro_fisheye,1920x1080,none,991,428.5177,455.2903,122
gopro_008,train,gopro_fisheye,1920x1080,none,991,455.2903,483.7357,114
gopro_008,train,gopro_fisheye,1920x1080,none,991,483.7357,513.9582,98
gopro_008,train,gopro_fisheye,1920x1080,none,991,513.9582,546.069,100
gopro_008,train,gopro_fisheye,1920x1080,none,991,546.069,580.1859,97
gopro_008,train,gopro_fisheye,1920x1080,none,991,580.1859,616.4344,113
gopro_008,train,gopro_fisheye,1920x1080,none,991,616.4344,654.9476,86
gopro_008,train,gopro_fisheye,1920x1080,none,991,654.9476,695.867,93
gopro_008,train,gopro_fisheye,1920x1080,none,991,695.867,739.3429,99
gopro_008,train,gopro_fisheye,1920x1080,none,991,739.3429,785.5351,91
gopro_008,train,gopro_fisheye,1920x1080,none,991,785.5351,834.6133,58
gopro_008,train,gopro_fisheye,1920x1080,none,991,834.6133,886.7577,41
gopro_008,train,gopro_fisheye,1920x1080,none,991,886.7577,942.16,52
gopro_008,train,gopro_fisheye,1920x1080,none,991,942.16,1001.0237,59
gopro_008,train,gopro_fisheye,1920x1080,none,991,1001.0237,1063.565,44
gopro_008,train,gopro_fisheye,1920x1080,none,991,1063.565,1130.0138,43
gopro_008,train,gopro_fisheye,1920x1080,none,991,1130.0138,1200.6141,35
gopro_008,train,gopro_fisheye,1920x1080,none,991,1200.6141,1275.6253,37
gopro_008,train,gopro_fisheye,1920x1080,none,991,1275.6253,1355.323,37
gopro_008,train,gopro_fisheye,1920x1080,none,991,1355.323,1440.0,20
gopro_008,train,gopro_fisheye,1920x1080,none,991,1440.0,1529.9674,25
gopro_008,train,gopro_fisheye,1920x1080,none,991,1529.9674,1625.5557,26
gopro_008,train,gopro_fisheye,1920x1080,none,991,1625.5557,1727.1162,24
gopro_008,train,gopro_fisheye,1920x1080,none,991,1727.1162,1835.0219,29
gopro_008,train,gopro_fisheye,1920x1080,none,991,1835.0219,1949.6692,51
gopro_008,train,gopro_fisheye,1920x1080,none,991,1949.6692,2071.4794,54
gopro_008,train,gopro_fisheye,1920x1080,none,991,2071.4794,2200.9,52
gopro_008,train,gopro_fisheye,1920x1080,none,991,2200.9,2338.4064,24
gopro_008,train,gopro_fisheye,1920x1080,none,991,2338.4064,2484.5039,5
gopro_008,train,gopro_fisheye,1920x1080,none,991,2639.7291,2804.6525,1
gopro_008,train,gopro_fisheye,1920x1080,none,991,1951665.1031,2073600.0,1
