video,split,scene,resolution,variant,frames_processed,bin_lo,bin_hi,count
00_01_52_to_00_01_58,train,seaside,1920x1080,none,175,1.0,1.0625,4319
00_01_52_to_00_01_58,train,seaside,1920x1080,none,175,1.9477,2.0694,1315
00_01_52_to_00_01_58,train,seaside,1920x1080,none,175,2.9768,3.1628,711
00_01_52_to_00_01_58,train,seaside,1920x1080,none,175,3.7934,4.0304,320
00_01_52_to_00_01_58,train,seaside,1920x1080,none,175,4.8341,5.1361,204
00_01_52_to_00_01_58,train,seaside,1920x1080,none,175,5.7979,6.1601,134
00_01_52_to_00_01_58,train,seaside,1920x1080,none,175,6.9539,7.3884,104
00_01_52_to_00_01_58,train,seaside,1920x1080,none,175,7.85,8.3404,102
00_01_52_to_00_01_58,train,seaside,1920x1080,none,175,8.8615,9.4152,77
00_01_52_to_00_01_58,train,seaside,1920x1080,none,175,9.4152,10.0034,42
00_01_52_to_00_01_58,train,seaside,1920x1080,none,175,10.6284,11.2924,33
00_01_52_to_00_01_58,train,seaside,1920x1080,none,175,11.998,12.7476,21
00_01_52_to_00_01_58,train,seaside,1920x1080,none,175,12.7476,13.544,24
00_01_52_to_00_01_58,train,seaside,1920x1080,none,175,13.544,14.3902,19
00_01_52_to_00_01_58,train,seaside,1920x1080,none,175,14.3902,15.2892,11
00_01_52_to_00_01_58,train,seaside,1920x1080,none,175,15.2892,16.2445,18
00_01_52_to_00_01_58,train,seaside,1920x1080,none,175,16.2445,17.2594,22
00_01_52_to_00_01_58,train,seaside,1920x1080,none,175,17.2594,18.3377,11
00_01_52_to_00_01_58,train,seaside,1920x1080,none,175,18.3377,19.4834,9
00_01_52_to_00_01_58,train,seaside,1920x1080,none,175,19.4834,20.7007,7
00_01_52_to_00_01_58,train,seaside,1920x1080,none,175,20.7007,21.994,9
00_01_52_to_00_01_58,train,seaside,1920x1080,none,175,21.994,23.3681,8
00_01_52_to_00_01_58,train,seaside,1920x1080,none,175,23.3681,24.8281,7
00_01_52_to_00_01_58,train,seaside,1920x1080,none,175,24.8281,26.3793,25
00_01_52_to_00_01_58,train,seaside,1920x1080,none,175,26.3793,28.0274,18
00_01_52_to_00_01_58,train,seaside,1920x1080,none,175,28.0274,29.7785,5
00_01_52_to_00_01_58,train,seaside,1920x1080,none,175,29.7785,31.639,13
00_01_52_to_00_01_58,train,seaside,1920x1080,none,175,31.639,33.6157,13
00_01_52_to_00_01_58,train,seaside,1920x1080,none,175,33.6157,35.7159,9
00_01_52_to_00_01_58,train,seaside,1920x1080,none,175,35.7159,37.9473,10
00_01_52_to_00_01_58,train,seaside,1920x1080,none,175,37.9473,40.3182,10
00_01_52_to_00_01_58,train,seaside,1920x1080,none,175,40.3182,42.8372,4
00_01_52_to_00_01_58,train,seaside,1920x1080,none,175,42.8372,45.5135,3
00_01_52_to_00_01_58,train,seaside,1920x1080,none,175,45.5135,48.3571,6
00_01_52_to_00_01_58,train,seaside,1920x1080,none,175,48.3571,51.3783,2
00_01_52_to_00_01_58,train,seaside,1920x1080,none,175,51.3783,54.5883,2
00_01_52_to_00_01_58,train,seaside,1920x1080,none,175,54.5883,57.9988,2
00_01_52_to_00_01_58,train,seaside,1920x1080,none,175,57.9988,61.6224,8
00_01_52_to_00_01_58,train,seaside,1920x1080,none,175,61.6224,65.4724,5
00_01_52_to_00_01_58,train,seaside,1920x1080,none,175,65.4724,69.563,3
00_01_52_to_00_01_58,train,seaside,1920x1080,none,175,69.563,73.9091,1
00_01_52_to_00_01_58,train,seaside,1920x1080,none,175,73.9091,78.5267,2
00_01_52_to_00_01_58,train,seaside,1920x1080,none,175,78.5267,83.4329,3
00_01_52_to_00_01_58,train,seaside,1920x1080,none,175,83.4329,88.6455,2
00_01_52_to_00_01_58,train,seaside,1920x1080,none,175,88.6455,94.1839,4
00_01_52_to_00_01_58,train,seaside,1920x1080,none,175,94.1839,100.0682,6
00_01_52_to_00_01_58,train,seaside,1920x1080,none,175,100.0682,106.3202,2
00_01_52_to_00_01_58,train,seaside,1920x1080,none,175,120.0205,127.519,1
00_01_52_to_00_01_58,train,seaside,1920x1080,none,175,143.9509,152.9446,1
00_01_52_to_00_01_58,train,seaside,1920x1080,none,175,162.5001,172.6527,1
00_01_52_to_00_01_58,train,seaside,1920x1080,none,175,183.4396,194.9004,1
00_01_52_to_00_01_58,train,seaside,1920x1080,none,175,233.7609,248.3657,1
00_01_52_to_00_01_58,train,seaside,1920x1080,none,175,248.3657,263.8829,2
00_01_52_to_00_01_58,train,seaside,1920x1080,none,175,263.8829,280.3696,2
00_01_52_to_00_01_58,train,seaside,1920x1080,none,175,280.3696,297.8864,3
00_01_52_to_00_01_58,train,seaside,1920x1080,none,175,297.8864,316.4975,1
00_01_52_to_00_01_58,train,seaside,1920x1080,none,175,336.2714,357.2808,3
00_01_52_to_00_01_58,train,seaside,1920x1080,none,175,379.6028,403.3193,4
00_01_52_to_00_01_58,train,seaside,1920x1080,none,175,403.3193,428.5177,8
00_01_52_to_00_01_58,train,seaside,1920x1080,none,175,428.5177,455.2903,6
00_01_52_to_00_01_58,train,seaside,1920x1080,none,175,455.2903,483.7357,6
00_01_52_to_00_01_58,train,seaside,1920x1080,none,175,483.7357,513.9582,6
00_01_52_to_00_01_58,train,seaside,1920x1080,none,175,513.9582,546.069,9
00_01_52_to_00_01_58,train,seaside,1920x1080,none,175,546.069,580.1859,15
00_01_52_to_00_01_58,train,seaside,1920x1080,none,175,580.1859,616.4344,2
00_01_52_to_00_01_58,train,seaside,1920x1080,none,175,654.9476,695.867,9
00_01_52_to_00_01_58,train,seaside,1920x1080,none,175,695.867,739.3429,8
00_01_52_to_00_01_58,train,seaside,1920x1080,none,175,739.3429,785.5351,7
00_01_52_to_00_01_58,train,seaside,1920x1080,none,175,785.5351,834.6133,13
00_01_52_to_00_01_58,train,seaside,1920x1080,none,175,834.6133,886.7577,15
00_01_52_to_00_01_58,train,seaside,1920x1080,none,175,886.7577,942.16,1
00_02_45_to_00_03_10_cut,train,seaside,1920x1080,none,400,1.0,1.0625,31791
00_02_45_to_00_03_10_cut,train,seaside,1920x1080,none,400,1.9477,2.0694,8305
00_02_45_to_00_03_10_cut,train,seaside,1920x1080,none,400,2.9768,3.1628,2856
00_02_45_to_00_03_10_cut,train,seaside,1920x1080,none,400,3.7934,4.0304,2097
00_02_45_to_00_03_10_cut,train,seaside,1920x1080,none,400,4.8341,5.1361,1218
00_02_45_to_00_03_10_cut,train,seaside,1920x1080,none,400,5.7979,6.1601,732
00_02_45_to_00_03_10_cut,train,seaside,1920x1080,none,400,6.9539,7.3884,391
00_02_45_to_00_03_10_cut,train,seaside,1920x1080,none,400,7.85,8.3404,258
00_02_45_to_00_03_10_cut,train,seaside,1920x1080,none,400,8.8615,9.4152,284
00_02_45_to_00_03_10_cut,train,seaside,1920x1080,none,400,9.4152,10.0034,119
00_02_45_to_00_03_10_cut,train,seaside,1920x1080,none,400,10.6284,11.2924,118
00_02_45_to_00_03_10_cut,train,seaside,1920x1080,none,400,11.998,12.7476,110
00_02_45_to_00_03_10_cut,train,seaside,1920x1080,none,400,12.7476,13.544,74
00_02_45_to_00_03_10_cut,train,seaside,1920x1080,none,400,13.544,14.3902,39
00_02_45_to_00_03_10_cut,train,seaside,1920x1080,none,400,14.3902,15.2892,40
00_02_45_to_00_03_10_cut,train,seaside,1920x1080,none,400,15.2892,16.2445,24
00_02_45_to_00_03_10_cut,train,seaside,1920x1080,none,400,16.2445,17.2594,39
00_02_45_to_00_03_10_cut,train,seaside,1920x1080,none,400,17.2594,18.3377,51
00_02_45_to_00_03_10_cut,train,seaside,1920x1080,none,400,18.3377,19.4834,25
00_02_45_to_00_03_10_cut,train,seaside,1920x1080,none,400,19.4834,20.7007,44
00_02_45_to_00_03_10_cut,train,seaside,1920x1080,none,400,20.7007,21.994,26
00_02_45_to_00_03_10_cut,train,seaside,1920x1080,none,400,21.994,23.3681,53
00_02_45_to_00_03_10_cut,train,seaside,1920x1080,none,400,23.3681,24.8281,27
00_02_45_to_00_03_10_cut,train,seaside,1920x1080,none,400,24.8281,26.3793,52
00_02_45_to_00_03_10_cut,train,seaside,1920x1080,none,400,26.3793,28.0274,50
00_02_45_to_00_03_10_cut,train,seaside,1920x1080,none,400,28.0274,29.7785,21
00_02_45_to_00_03_10_cut,train,seaside,1920x1080,none,400,29.7785,31.639,43
00_02_45_to_00_03_10_cut,train,seaside,1920x1080,none,400,31.639,33.6157,32
00_02_45_to_00_03_10_cut,train,seaside,1920x1080,none,400,33.6157,35.7159,29
00_02_45_to_00_03_10_cut,train,seaside,1920x1080,none,400,35.7159,37.9473,39
00_02_45_to_00_03_10_cut,train,seaside,1920x1080,none,400,37.9473,40.3182,38
00_02_45_to_00_03_10_cut,train,seaside,1920x1080,none,400,40.3182,42.8372,23
00_02_45_to_00_03_10_cut,train,seaside,1920x1080,none,400,42.8372,45.5135,40
00_02_45_to_00_03_10_cut,train,seaside,1920x1080,none,400,45.5135,48.3571,34
00_02_45_to_00_03_10_cut,train,seaside,1920x1080,none,400,48.3571,51.3783,20
00_02_45_to_00_03_10_cut,train,seaside,1920x1080,none,400,51.3783,54.5883,22
00_02_45_to_00_03_10_cut,train,seaside,1920x1080,none,400,54.5883,57.9988,25
00_02_45_to_00_03_10_cut,train,seaside,1920x1080,none,400,57.9988,61.6224,37
00_02_45_to_00_03_10_cut,train,seaside,1920x1080,none,400,61.6224,65.4724,13
00_02_45_to_00_03_10_cut,train,seaside,1920x1080,none,400,65.4724,69.563,7
00_02_45_to_00_03_10_cut,train,seaside,1920x1080,none,400,69.563,73.9091,11
00_02_45_to_00_03_10_cut,train,seaside,1920x1080,none,400,73.9091,78.5267,7
00_02_45_to_00_03_10_cut,train,seaside,1920x1080,none,400,78.5267,83.4329,7
00_02_45_to_00_03_10_cut,train,seaside,1920x1080,none,400,83.4329,88.6455,8
00_02_45_to_00_03_10_cut,train,seaside,1920x1080,none,400,88.6455,94.1839,12
00_02_45_to_00_03_10_cut,train,seaside,1920x1080,none,400,94.1839,100.0682,14
00_02_45_to_00_03_10_cut,train,seaside,1920x1080,none,400,100.0682,106.3202,18
00_02_45_to_00_03_10_cut,train,seaside,1920x1080,none,400,106.3202,112.9628,21
00_02_45_to_00_03_10_cut,train,seaside,1920x1080,none,400,112.9628,120.0205,34
00_02_45_to_00_03_10_cut,train,seaside,1920x1080,none,400,120.0205,127.519,13
00_02_45_to_00_03_10_cut,train,seaside,1920x1080,none,400,127.519,135.4861,13
00_02_45_to_00_03_10_cut,train,seaside,1920x1080,none,400,135.4861,143.9509,9
00_02_45_to_00_03_10_cut,train,seaside,1920x1080,none,400,143.9509,152.9446,15
00_02_45_to_00_03_10_cut,train,seaside,1920x1080,none,400,152.9446,162.5001,9
00_02_45_to_00_03_10_cut,train,seaside,1920x1080,none,400,162.5001,172.6527,13
00_02_45_to_00_03_10_cut,train,seaside,1920x1080,none,400,172.6527,183.4396,15
00_02_45_to_00_03_10_cut,train,seaside,1920x1080,none,400,183.4396,194.9004,7
00_02_45_to_00_03_10_cut,train,seaside,1920x1080,none,400,194.9004,207.0773,4
00_02_45_to_00_03_10_cut,train,seaside,1920x1080,none,400,207.0773,220.0149,3
00_02_45_to_00_03_10_cut,train,seaside,1920x1080,none,400,220.0149,233.7609,3
00_02_45_to_00_03_10_cut,train,seaside,1920x1080,none,400,233.7609,248.3657,3
00_02_45_to_00_03_10_cut,train,seaside,1920x1080,none,400,263.8829,280.3696,2
00_06_10_to_00_06_27,train,seaside,1920x1080,none,497,1.0,1.0625,33420
00_06_10_to_00_06_27,train,seaside,1920x1080,none,497,1.9477,2.0694,6715
00_06_10_to_00_06_27,train,seaside,1920x1080,none,497,2.9768,3.1628,2755
00_06_10_to_00_06_27,train,seaside,1920x1080,none,497,3.7934,4.0304,1526
00_06_10_to_00_06_27,train,seaside,1920x1080,none,497,4.8341,5.1361,1050
00_06_10_to_00_06_27,train,seaside,1920x1080,none,497,5.7979,6.1601,838
00_06_10_to_00_06_27,train,seaside,1920x1080,none,497,6.9539,7.3884,576
00_06_10_to_00_06_27,train,seaside,1920x1080,none,497,7.85,8.3404,445
00_06_10_to_00_06_27,train,seaside,1920x1080,none,497,8.8615,9.4152,328
00_06_10_to_00_06_27,train,seaside,1920x1080,none,497,9.4152,10.0034,263
00_06_10_to_00_06_27,train,seaside,1920x1080,none,497,10.6284,11.2924,209
00_06_10_to_00_06_27,train,seaside,1920x1080,none,497,11.998,12.7476,191
00_06_10_to_00_06_27,train,seaside,1920x1080,none,497,12.7476,13.544,176
00_06_10_to_00_06_27,train,seaside,1920x1080,none,497,13.544,14.3902,148
00_06_10_to_00_06_27,train,seaside,1920x1080,none,497,14.3902,15.2892,81
00_06_10_to_00_06_27,train,seaside,1920x1080,none,497,15.2892,16.2445,102
00_06_10_to_00_06_27,train,seaside,1920x1080,none,497,16.2445,17.2594,95
00_06_10_to_00_06_27,train,seaside,1920x1080,none,497,17.2594,18.3377,95
00_06_10_to_00_06_27,train,seaside,1920x1080,none,497,18.3377,19.4834,58
00_06_10_to_00_06_27,train,seaside,1920x1080,none,497,19.4834,20.7007,91
00_06_10_to_00_06_27,train,seaside,1920x1080,none,497,20.7007,21.994,50
00_06_10_to_00_06_27,train,seaside,1920x1080,none,497,21.994,23.3681,101
00_06_10_to_00_06_27,train,seaside,1920x1080,none,497,23.3681,24.8281,43
00_06_10_to_00_06_27,train,seaside,1920x1080,none,497,24.8281,26.3793,92
00_06_10_to_00_06_27,train,seaside,1920x1080,none,497,26.3793,28.0274,72
00_06_10_to_00_06_27,train,seaside,1920x1080,none,497,28.0274,29.7785,29
00_06_10_to_00_06_27,train,seaside,1920x1080,none,497,29.7785,31.639,50
00_06_10_to_00_06_27,train,seaside,1920x1080,none,497,31.639,33.6157,37
00_06_10_to_00_06_27,train,seaside,1920x1080,none,497,33.6157,35.7159,37
00_06_10_to_00_06_27,train,seaside,1920x1080,none,497,35.7159,37.9473,39
00_06_10_to_00_06_27,train,seaside,1920x1080,none,497,37.9473,40.3182,52
00_06_10_to_00_06_27,train,seaside,1920x1080,none,497,40.3182,42.8372,19
00_06_10_to_00_06_27,train,seaside,1920x1080,none,497,42.8372,45.5135,30
00_06_10_to_00_06_27,train,seaside,1920x1080,none,497,45.5135,48.3571,29
00_06_10_to_00_06_27,train,seaside,1920x1080,none,497,48.3571,51.3783,22
00_06_10_to_00_06_27,train,seaside,1920x1080,none,497,51.3783,54.5883,33
00_06_10_to_00_06_27,train,seaside,1920x1080,none,497,54.5883,57.9988,26
00_06_10_to_00_06_27,train,seaside,1920x1080,none,497,57.9988,61.6224,33
00_06_10_to_00_06_27,train,seaside,1920x1080,none,497,61.6224,65.4724,26
00_06_10_to_00_06_27,train,seaside,1920x1080,none,497,65.4724,69.563,36
00_06_10_to_00_06_27,train,seaside,1920x1080,none,497,69.563,73.9091,38
00_06_10_to_00_06_27,train,seaside,1920x1080,none,497,73.9091,78.5267,45
00_06_10_to_00_06_27,train,seaside,1920x1080,none,497,78.5267,83.4329,36
00_06_10_to_00_06_27,train,seaside,1920x1080,none,497,83.4329,88.6455,41
00_06_10_to_00_06_27,train,seaside,1920x1080,none,497,88.6455,94.1839,44
00_06_10_to_00_06_27,train,seaside,1920x1080,none,497,94.1839,100.0682,24
00_06_10_to_00_06_27,train,seaside,1920x1080,none,497,100.0682,106.3202,24
00_06_10_to_00_06_27,train,seaside,1920x1080,none,497,106.3202,112.9628,29
00_06_10_to_00_06_27,train,seaside,1920x1080,none,497,112.9628,120.0205,11
00_06_10_to_00_06_27,train,seaside,1920x1080,none,497,120.0205,127.519,11
00_06_10_to_00_06_27,train,seaside,1920x1080,none,497,127.519,135.4861,13
00_06_10_to_00_06_27,train,seaside,1920x1080,none,497,135.4861,143.9509,21
00_06_10_to_00_06_27,train,seaside,1920x1080,none,497,143.9509,152.9446,21
00_06_10_to_00_06_27,train,seaside,1920x1080,none,497,152.9446,162.5001,21
00_06_10_to_00_06_27,train,seaside,1920x1080,none,497,162.5001,172.6527,20
00_06_10_to_00_06_27,train,seaside,1920x1080,none,497,172.6527,183.4396,15
00_06_10_to_00_06_27,train,seaside,1920x1080,none,497,183.4396,194.9004,12
00_06_10_to_00_06_27,train,seaside,1920x1080,none,497,194.9004,207.0773,10
00_06_10_to_00_06_27,train,seaside,1920x1080,none,497,207.0773,220.0149,8
00_06_10_to_00_06_27,train,seaside,1920x1080,none,497,220.0149,233.7609,12
00_06_10_to_00_06_27,train,seaside,1920x1080,none,497,233.7609,248.3657,11
00_06_10_to_00_06_27,train,seaside,1920x1080,none,497,248.3657,263.8829,5
00_06_10_to_00_06_27,train,seaside,1920x1080,none,497,263.8829,280.3696,18
00_06_10_to_00_06_27,train,seaside,1920x1080,none,497,280.3696,297.8864,24
00_06_10_to_00_06_27,train,seaside,1920x1080,none,497,297.8864,316.4975,26
00_06_10_to_00_06_27,train,seaside,1920x1080,none,497,316.4975,336.2714,15
00_06_10_to_00_06_27,train,seaside,1920x1080,none,497,336.2714,357.2808,14
00_06_10_to_00_06_27,train,seaside,1920x1080,none,497,357.2808,379.6028,14
00_06_10_to_00_06_27,train,seaside,1920x1080,none,497,379.6028,403.3193,13
00_06_10_to_00_06_27,train,seaside,1920x1080,none,497,403.3193,428.5177,2
00_06_10_to_00_06_27,train,seaside,1920x1080,none,497,428.5177,455.2903,3
00_06_10_to_00_06_27,train,seaside,1920x1080,none,497,455.2903,483.7357,7
00_06_10_to_00_06_27,train,seaside,1920x1080,none,497,483.7357,513.9582,9
00_06_10_to_00_06_27,train,seaside,1920x1080,none,497,513.9582,546.069,1
00_06_10_to_00_06_27,train,seaside,1920x1080,none,497,546.069,580.1859,1
00_06_10_to_00_06_27,train,seaside,1920x1080,none,497,580.1859,616.4344,1
00_06_10_to_00_06_27,train,seaside,1920x1080,none,497,616.4344,654.9476,1
00_06_10_to_00_06_27,train,seaside,1920x1080,none,497,654.9476,695.867,1
00_06_10_to_00_06_27,train,seaside,1920x1080,none,497,695.867,739.3429,2
00_06_10_to_00_06_27,train,seaside,1920x1080,none,497,739.3429,785.5351,1
00_06_10_to_00_06_27,train,seaside,1920x1080,none,497,834.6133,886.7577,2
00_06_10_to_00_06_27,train,seaside,1920x1080,none,497,886.7577,942.16,1
00_06_10_to_00_06_27,train,seaside,1920x1080,none,497,942.16,1001.0237,1
00_06_10_to_00_06_27,train,seaside,1920x1080,none,497,1001.0237,1063.565,1
00_06_10_to_00_06_27,train,seaside,1920x1080,none,497,1063.565,1130.0138,2
00_06_10_to_00_06_27,train,seaside,1920x1080,none,497,1130.0138,1200.6141,2
00_06_10_to_00_06_27,train,seaside,1920x1080,none,497,1200.6141,1275.6253,1
00_06_10_to_00_06_27,train,seaside,1920x1080,none,497,1275.6253,1355.323,2
00_06_10_to_00_06_27,train,seaside,1920x1080,none,497,1355.323,1440.0,1
00_06_10_to_00_06_27,train,seaside,1920x1080,none,497,1440.0,1529.9674,1
00_09_30_to_00_10_09,train,seaside,1920x1080,none,1165,1.0,1.0625,15125
00_09_30_to_00_10_09,train,seaside,1920x1080,none,1165,1.9477,2.0694,3870
00_09_30_to_00_10_09,train,seaside,1920x1080,none,1165,2.9768,3.1628,1587
00_09_30_to_00_10_09,train,seaside,1920x1080,none,1165,3.7934,4.0304,886
00_09_30_to_00_10_09,train,seaside,1920x1080,none,1165,4.8341,5.1361,470
00_09_30_to_00_10_09,train,seaside,1920x1080,none,1165,5.7979,6.1601,347
00_09_30_to_00_10_09,train,seaside,1920x1080,none,1165,6.9539,7.3884,218
00_09_30_to_00_10_09,train,seaside,1920x1080,none,1165,7.85,8.3404,226
00_09_30_to_00_10_09,train,seaside,1920x1080,none,1165,8.8615,9.4152,188
00_09_30_to_00_10_09,train,seaside,1920x1080,none,1165,9.4152,10.0034,154
00_09_30_to_00_10_09,train,seaside,1920x1080,none,1165,10.6284,11.2924,114
00_09_30_to_00_10_09,train,seaside,1920x1080,none,1165,11.998,12.7476,96
00_09_30_to_00_10_09,train,seaside,1920x1080,none,1165,12.7476,13.544,91
00_09_30_to_00_10_09,train,seaside,1920x1080,none,1165,13.544,14.3902,92
00_09_30_to_00_10_09,train,seaside,1920x1080,none,1165,14.3902,15.2892,80
00_09_30_to_00_10_09,train,seaside,1920x1080,none,1165,15.2892,16.2445,69
00_09_30_to_00_10_09,train,seaside,1920x1080,none,1165,16.2445,17.2594,63
00_09_30_to_00_10_09,train,seaside,1920x1080,none,1165,17.2594,18.3377,43
00_09_30_to_00_10_09,train,seaside,1920x1080,none,1165,18.3377,19.4834,32
00_09_30_to_00_10_09,train,seaside,1920x1080,none,1165,19.4834,20.7007,26
00_09_30_to_00_10_09,train,seaside,1920x1080,none,1165,20.7007,21.994,15
00_09_30_to_00_10_09,train,seaside,1920x1080,none,1165,21.994,23.3681,42
00_09_30_to_00_10_09,train,seaside,1920x1080,none,1165,23.3681,24.8281,16
00_09_30_to_00_10_09,train,seaside,1920x1080,none,1165,24.8281,26.3793,32
00_09_30_to_00_10_09,train,seaside,1920x1080,none,1165,26.3793,28.0274,28
00_09_30_to_00_10_09,train,seaside,1920x1080,none,1165,28.0274,29.7785,18
00_09_30_to_00_10_09,train,seaside,1920x1080,none,1165,29.7785,31.639,36
00_09_30_to_00_10_09,train,seaside,1920x1080,none,1165,31.639,33.6157,39
00_09_30_to_00_10_09,train,seaside,1920x1080,none,1165,33.6157,35.7159,38
00_09_30_to_00_10_09,train,seaside,1920x1080,none,1165,35.7159,37.9473,27
00_09_30_to_00_10_09,train,seaside,1920x1080,none,1165,37.9473,40.3182,56
00_09_30_to_00_10_09,train,seaside,1920x1080,none,1165,40.3182,42.8372,31
00_09_30_to_00_10_09,train,seaside,1920x1080,none,1165,42.8372,45.5135,47
00_09_30_to_00_10_09,train,seaside,1920x1080,none,1165,45.5135,48.3571,49
00_09_30_to_00_10_09,train,seaside,1920x1080,none,1165,48.3571,51.3783,31
00_09_30_to_00_10_09,train,seaside,1920x1080,none,1165,51.3783,54.5883,38
00_09_30_to_00_10_09,train,seaside,1920x1080,none,1165,54.5883,57.9988,41
00_09_30_to_00_10_09,train,seaside,1920x1080,none,1165,57.9988,61.6224,41
00_09_30_to_00_10_09,train,seaside,1920x1080,none,1165,61.6224,65.4724,53
00_09_30_to_00_10_09,train,seaside,1920x1080,none,1165,65.4724,69.563,32
00_09_30_to_00_10_09,train,seaside,1920x1080,none,1165,69.563,73.9091,37
00_09_30_to_00_10_09,train,seaside,1920x1080,none,1165,73.9091,78.5267,48
00_09_30_to_00_10_09,train,seaside,1920x1080,none,1165,78.5267,83.4329,23
00_09_30_to_00_10_09,train,seaside,1920x1080,none,1165,83.4329,88.6455,19
00_09_30_to_00_10_09,train,seaside,1920x1080,none,1165,88.6455,94.1839,18
00_09_30_to_00_10_09,train,seaside,1920x1080,none,1165,94.1839,100.0682,20
00_09_30_to_00_10_09,train,seaside,1920x1080,none,1165,100.0682,106.3202,24
00_09_30_to_00_10_09,train,seaside,1920x1080,none,1165,106.3202,112.9628,17
00_09_30_to_00_10_09,train,seaside,1920x1080,none,1165,112.9628,120.0205,13
00_09_30_to_00_10_09,train,seaside,1920x1080,none,1165,120.0205,127.519,19
00_09_30_to_00_10_09,train,seaside,1920x1080,none,1165,127.519,135.4861,23
00_09_30_to_00_10_09,train,seaside,1920x1080,none,1165,135.4861,143.9509,27
00_09_30_to_00_10_09,train,seaside,1920x1080,none,1165,143.9509,152.9446,21
00_09_30_to_00_10_09,train,seaside,1920x1080,none,1165,152.9446,162.5001,39
00_09_30_to_00_10_09,train,seaside,1920x1080,none,1165,162.5001,172.6527,20
00_09_30_to_00_10_09,train,seaside,1920x1080,none,1165,172.6527,183.4396,18
00_09_30_to_00_10_09,train,seaside,1920x1080,none,1165,183.4396,194.9004,21
00_09_30_to_00_10_09,train,seaside,1920x1080,none,1165,194.9004,207.0773,15
00_09_30_to_00_10_09,train,seaside,1920x1080,none,1165,207.0773,220.0149,17
00_09_30_to_00_10_09,train,seaside,1920x1080,none,1165,220.0149,233.7609,11
00_09_30_to_00_10_09,train,seaside,1920x1080,none,1165,233.7609,248.3657,12
00_09_30_to_00_10_09,train,seaside,1920x1080,none,1165,248.3657,263.8829,7
00_09_30_to_00_10_09,train,seaside,1920x1080,none,1165,263.8829,280.3696,13
00_09_30_to_00_10_09,train,seaside,1920x1080,none,1165,280.3696,297.8864,9
00_09_30_to_00_10_09,train,seaside,1920x1080,none,1165,297.8864,316.4975,10
00_09_30_to_00_10_09,train,seaside,1920x1080,none,1165,316.4975,336.2714,9
00_09_30_to_00_10_09,train,seaside,1920x1080,none,1165,336.2714,357.2808,13
00_09_30_to_00_10_09,train,seaside,1920x1080,none,1165,357.2808,379.6028,14
00_09_30_to_00_10_09,train,seaside,1920x1080,none,1165,379.6028,403.3193,18
00_09_30_to_00_10_09,train,seaside,1920x1080,none,1165,403.3193,428.5177,17
00_09_30_to_00_10_09,train,seaside,1920x1080,none,1165,428.5177,455.2903,13
00_09_30_to_00_10_09,train,seaside,1920x1080,none,1165,455.2903,483.7357,21
00_09_30_to_00_10_09,train,seaside,1920x1080,none,1165,483.7357,513.9582,28
00_09_30_to_00_10_09,train,seaside,1920x1080,none,1165,513.9582,546.069,12
00_09_30_to_00_10_09,train,seaside,1920x1080,none,1165,546.069,580.1859,7
00_09_30_to_00_10_09,train,seaside,1920x1080,none,1165,580.1859,616.4344,5
00_09_30_to_00_10_09,train,seaside,1920x1080,none,1165,616.4344,654.9476,9
00_09_30_to_00_10_09,train,seaside,1920x1080,none,1165,654.9476,695.867,3
00_09_30_to_00_10_09,train,seaside,1920x1080,none,1165,739.3429,785.5351,5
00_09_30_to_00_10_09,train,seaside,1920x1080,none,1165,785.5351,834.6133,4
00_09_30_to_00_10_09,train,seaside,1920x1080,none,1165,834.6133,886.7577,1
00_09_30_to_00_10_09,train,seaside,1920x1080,none,1165,886.7577,942.16,3
00_09_30_to_00_10_09,train,seaside,1920x1080,none,1165,942.16,1001.0237,4
00_09_30_to_00_10_09,train,seaside,1920x1080,none,1165,1001.0237,1063.565,5
00_09_30_to_00_10_09,train,seaside,1920x1080,none,1165,1063.565,1130.0138,3
00_09_30_to_00_10_09,train,seaside,1920x1080,none,1165,1130.0138,1200.6141,4
00_09_30_to_00_10_09,train,seaside,1920x1080,none,1165,1200.6141,1275.6253,6
00_09_30_to_00_10_09,train,seaside,1920x1080,none,1165,1275.6253,1355.323,6
00_09_30_to_00_10_09,train,seaside,1920x1080,none,1165,1355.323,1440.0,4
00_09_30_to_00_10_09,train,seaside,1920x1080,none,1165,1440.0,1529.9674,1
00_09_30_to_00_10_09,train,seaside,1920x1080,none,1165,1529.9674,1625.5557,2
00_09_30_to_00_10_09,train,seaside,1920x1080,none,1165,1625.5557,1727.1162,2
00_09_30_to_00_10_09,train,seaside,1920x1080,none,1165,1727.1162,1835.0219,8
00_09_30_to_00_10_09,train,seaside,1920x1080,none,1165,1835.0219,1949.6692,3
00_09_30_to_00_10_09,train,seaside,1920x1080,none,1165,1949.6692,2071.4794,2
00_09_30_to_00_10_09,train,seaside,1920x1080,none,1165,2071.4794,2200.9,14
00_09_30_to_00_10_09,train,seaside,1920x1080,none,1165,2200.9,2338.4064,34
00_09_30_to_00_10_09,train,seaside,1920x1080,none,1165,2338.4064,2484.5039,25
00_09_30_to_00_10_09,train,seaside,1920x1080,none,1165,2484.5039,2639.7291,11
00_09_30_to_00_10_09,train,seaside,1920x1080,none,1165,2639.7291,2804.6525,15
00_09_30_to_00_10_09,train,seaside,1920x1080,none,1165,2804.6525,2979.8798,10
00_09_30_to_00_10_09,train,seaside,1920x1080,none,1165,2979.8798,3166.0548,9
00_09_30_to_00_10_09,train,seaside,1920x1080,none,1165,3166.0548,3363.8616,13
00_09_30_to_00_10_09,train,seaside,1920x1080,none,1165,3363.8616,3574.0268,11
00_09_30_to_00_10_09,train,seaside,1920x1080,none,1165,3574.0268,3797.3226,27
00_09_30_to_00_10_09,train,seaside,1920x1080,none,1165,3797.3226,4034.5693,45
00_09_30_to_00_10_09,train,seaside,1920x1080,none,1165,4034.5693,4286.6386,16
00_09_30_to_00_10_09,train,seaside,1920x1080,none,1165,4286.6386,4554.4564,12
00_09_30_to_00_10_09,train,seaside,1920x1080,none,1165,4554.4564,4839.0069,12
00_09_30_to_00_10_09,train,seaside,1920x1080,none,1165,4839.0069,5141.3353,9
00_09_30_to_00_10_09,train,seaside,1920x1080,none,1165,5141.3353,5462.5524,16
00_09_30_to_00_10_09,train,seaside,1920x1080,none,1165,5462.5524,5803.8383,21
00_09_30_to_00_10_09,train,seaside,1920x1080,none,1165,5803.8383,6166.4468,25
00_09_30_to_00_10_09,train,seaside,1920x1080,none,1165,6551.7102,6961.0438,2
00_09_30_to_00_10_09,train,seaside,1920x1080,none,1165,7395.9515,7858.031,2
00_09_30_to_00_10_09,train,seaside,1920x1080,none,1165,7858.031,8348.9801,1
00_09_30_to_00_10_09,train,seaside,1920x1080,none,1165,8348.9801,8870.6024,1
00_09_30_to_00_10_09,train,seaside,1920x1080,none,1165,8870.6024,9424.8143,1
00_09_30_to_00_10_09,train,seaside,1920x1080,none,1165,10013.6519,10639.2785,3
00_09_30_to_00_10_09,train,seaside,1920x1080,none,1165,11303.9926,12010.2363,1
00_09_30_to_00_10_09,train,seaside,1920x1080,none,1165,12010.2363,12760.6042,3
00_10_09_to_00_10_40,train,seaside,1920x1080,none,924,1.0,1.0625,13228
00_10_09_to_00_10_40,train,seaside,1920x1080,none,924,1.9477,2.0694,3157
00_10_09_to_00_10_40,train,seaside,1920x1080,none,924,2.9768,3.1628,1208
00_10_09_to_00_10_40,train,seaside,1920x1080,none,924,3.7934,4.0304,637
00_10_09_to_00_10_40,train,seaside,1920x1080,none,924,4.8341,5.1361,344
00_10_09_to_00_10_40,train,seaside,1920x1080,none,924,5.7979,6.1601,261
00_10_09_to_00_10_40,train,seaside,1920x1080,none,924,6.9539,7.3884,182
00_10_09_to_00_10_40,train,seaside,1920x1080,none,924,7.85,8.3404,123
00_10_09_to_00_10_40,train,seaside,1920x1080,none,924,8.8615,9.4152,99
00_10_09_to_00_10_40,train,seaside,1920x1080,none,924,9.4152,10.0034,100
00_10_09_to_00_10_40,train,seaside,1920x1080,none,924,10.6284,11.2924,80
00_10_09_to_00_10_40,train,seaside,1920x1080,none,924,11.998,12.7476,70
00_10_09_to_00_10_40,train,seaside,1920x1080,none,924,12.7476,13.544,60
00_10_09_to_00_10_40,train,seaside,1920x1080,none,924,13.544,14.3902,62
00_10_09_to_00_10_40,train,seaside,1920x1080,none,924,14.3902,15.2892,55
00_10_09_to_00_10_40,train,seaside,1920x1080,none,924,15.2892,16.2445,51
00_10_09_to_00_10_40,train,seaside,1920x1080,none,924,16.2445,17.2594,57
00_10_09_to_00_10_40,train,seaside,1920x1080,none,924,17.2594,18.3377,44
00_10_09_to_00_10_40,train,seaside,1920x1080,none,924,18.3377,19.4834,39
00_10_09_to_00_10_40,train,seaside,1920x1080,none,924,19.4834,20.7007,24
00_10_09_to_00_10_40,train,seaside,1920x1080,none,924,20.7007,21.994,33
00_10_09_to_00_10_40,train,seaside,1920x1080,none,924,21.994,23.3681,49
00_10_09_to_00_10_40,train,seaside,1920x1080,none,924,23.3681,24.8281,27
00_10_09_to_00_10_40,train,seaside,1920x1080,none,924,24.8281,26.3793,44
00_10_09_to_00_10_40,train,seaside,1920x1080,none,924,26.3793,28.0274,40
00_10_09_to_00_10_40,train,seaside,1920x1080,none,924,28.0274,29.7785,14
00_10_09_to_00_10_40,train,seaside,1920x1080,none,924,29.7785,31.639,45
00_10_09_to_00_10_40,train,seaside,1920x1080,none,924,31.639,33.6157,55
00_10_09_to_00_10_40,train,seaside,1920x1080,none,924,33.6157,35.7159,55
00_10_09_to_00_10_40,train,seaside,1920x1080,none,924,35.7159,37.9473,39
00_10_09_to_00_10_40,train,seaside,1920x1080,none,924,37.9473,40.3182,63
00_10_09_to_00_10_40,train,seaside,1920x1080,none,924,40.3182,42.8372,27
00_10_09_to_00_10_40,train,seaside,1920x1080,none,924,42.8372,45.5135,45
00_10_09_to_00_10_40,train,seaside,1920x1080,none,924,45.5135,48.3571,35
00_10_09_to_00_10_40,train,seaside,1920x1080,none,924,48.3571,51.3783,30
00_10_09_to_00_10_40,train,seaside,1920x1080,none,924,51.3783,54.5883,36
00_10_09_to_00_10_40,train,seaside,1920x1080,none,924,54.5883,57.9988,26
00_10_09_to_00_10_40,train,seaside,1920x1080,none,924,57.9988,61.6224,28
00_10_09_to_00_10_40,train,seaside,1920x1080,none,924,61.6224,65.4724,23
00_10_09_to_00_10_40,train,seaside,1920x1080,none,924,65.4724,69.563,16
00_10_09_to_00_10_40,train,seaside,1920x1080,none,924,69.563,73.9091,13
00_10_09_to_00_10_40,train,seaside,1920x1080,none,924,73.9091,78.5267,20
00_10_09_to_00_10_40,train,seaside,1920x1080,none,924,78.5267,83.4329,15
00_10_09_to_00_10_40,train,seaside,1920x1080,none,924,83.4329,88.6455,10
00_10_09_to_00_10_40,train,seaside,1920x1080,none,924,88.6455,94.1839,13
00_10_09_to_00_10_40,train,seaside,1920x1080,none,924,94.1839,100.0682,24
00_10_09_to_00_10_40,train,seaside,1920x1080,none,924,100.0682,106.3202,12
00_10_09_to_00_10_40,train,seaside,1920x1080,none,924,106.3202,112.9628,13
00_10_09_to_00_10_40,train,seaside,1920x1080,none,924,112.9628,120.0205,21
00_10_09_to_00_10_40,train,seaside,1920x1080,none,924,120.0205,127.519,19
00_10_09_to_00_10_40,train,seaside,1920x1080,none,924,127.519,135.4861,20
00_10_09_to_00_10_40,train,seaside,1920x1080,none,924,135.4861,143.9509,14
00_10_09_to_00_10_40,train,seaside,1920x1080,none,924,143.9509,152.9446,17
00_10_09_to_00_10_40,train,seaside,1920x1080,none,924,152.9446,162.5001,18
00_10_09_to_00_10_40,train,seaside,1920x1080,none,924,162.5001,172.6527,10
00_10_09_to_00_10_40,train,seaside,1920x1080,none,924,172.6527,183.4396,15
00_10_09_to_00_10_40,train,seaside,1920x1080,none,924,183.4396,194.9004,16
00_10_09_to_00_10_40,train,seaside,1920x1080,none,924,194.9004,207.0773,16
00_10_09_to_00_10_40,train,seaside,1920x1080,none,924,207.0773,220.0149,11
00_10_09_to_00_10_40,train,seaside,1920x1080,none,924,220.0149,233.7609,12
00_10_09_to_00_10_40,train,seaside,1920x1080,none,924,233.7609,248.3657,13
00_10_09_to_00_10_40,train,seaside,1920x1080,none,924,248.3657,263.8829,10
00_10_09_to_00_10_40,train,seaside,1920x1080,none,924,263.8829,280.3696,7
00_10_09_to_00_10_40,train,seaside,1920x1080,none,924,280.3696,297.8864,3
00_10_09_to_00_10_40,train,seaside,1920x1080,none,924,297.8864,316.4975,9
00_10_09_to_00_10_40,train,seaside,1920x1080,none,924,316.4975,336.2714,5
00_10_09_to_00_10_40,train,seaside,1920x1080,none,924,336.2714,357.2808,9
00_10_09_to_00_10_40,train,seaside,1920x1080,none,924,357.2808,379.6028,5
00_10_09_to_00_10_40,train,seaside,1920x1080,none,924,379.6028,403.3193,6
00_10_09_to_00_10_40,train,seaside,1920x1080,none,924,403.3193,428.5177,6
00_10_09_to_00_10_40,train,seaside,1920x1080,none,924,428.5177,455.2903,4
00_10_09_to_00_10_40,train,seaside,1920x1080,none,924,455.2903,483.7357,5
00_10_09_to_00_10_40,train,seaside,1920x1080,none,924,483.7357,513.9582,2
00_10_09_to_00_10_40,train,seaside,1920x1080,none,924,513.9582,546.069,10
00_10_09_to_00_10_40,train,seaside,1920x1080,none,924,546.069,580.1859,5
00_10_09_to_00_10_40,train,seaside,1920x1080,none,924,580.1859,616.4344,2
00_10_09_to_00_10_40,train,seaside,1920x1080,none,924,616.4344,654.9476,4
00_10_09_to_00_10_40,train,seaside,1920x1080,none,924,654.9476,695.867,1
00_10_09_to_00_10_40,train,seaside,1920x1080,none,924,695.867,739.3429,5
00_10_09_to_00_10_40,train,seaside,1920x1080,none,924,739.3429,785.5351,1
00_10_09_to_00_10_40,train,seaside,1920x1080,none,924,785.5351,834.6133,2
00_10_09_to_00_10_40,train,seaside,1920x1080,none,924,834.6133,886.7577,2
00_10_09_to_00_10_40,train,seaside,1920x1080,none,924,886.7577,942.16,2
00_10_09_to_00_10_40,train,seaside,1920x1080,none,924,942.16,1001.0237,3
00_10_09_to_00_10_40,train,seaside,1920x1080,none,924,1001.0237,1063.565,1
00_10_09_to_00_10_40,train,seaside,1920x1080,none,924,1063.565,1130.0138,4
00_10_09_to_00_10_40,train,seaside,1920x1080,none,924,1130.0138,1200.6141,1
00_10_09_to_00_10_40,train,seaside,1920x1080,none,924,1200.6141,1275.6253,4
00_10_09_to_00_10_40,train,seaside,1920x1080,none,924,1275.6253,1355.323,2
00_10_09_to_00_10_40,train,seaside,1920x1080,none,924,1355.323,1440.0,2
00_10_09_to_00_10_40,train,seaside,1920x1080,none,924,1440.0,1529.9674,1
00_10_09_to_00_10_40,train,seaside,1920x1080,none,924,1529.9674,1625.5557,3
00_10_09_to_00_10_40,train,seaside,1920x1080,none,924,1625.5557,1727.1162,4
00_10_09_to_00_10_40,train,seaside,1920x1080,none,924,1727.1162,1835.0219,2
00_10_09_to_00_10_40,train,seaside,1920x1080,none,924,2071.4794,2200.9,1
00_10_09_to_00_10_40,train,seaside,1920x1080,none,924,2200.9,2338.4064,1
00_10_09_to_00_10_40,train,seaside,1920x1080,none,924,2484.5039,2639.7291,1
00_10_09_to_00_10_40,train,seaside,1920x1080,none,924,2639.7291,2804.6525,1
00_10_09_to_00_10_40,train,seaside,1920x1080,none,924,2804.6525,2979.8798,1
00_10_09_to_00_10_40,train,seaside,1920x1080,none,924,2979.8798,3166.0548,1
00_10_09_to_00_10_40,train,seaside,1920x1080,none,924,3363.8616,3574.0268,2
00_10_09_to_00_10_40,train,seaside,1920x1080,none,924,3797.3226,4034.5693,2
00_10_09_to_00_10_40,train,seaside,1920x1080,none,924,4034.5693,4286.6386,1
00_10_09_to_00_10_40,train,seaside,1920x1080,none,924,4286.6386,4554.4564,1
00_10_09_to_00_10_40,train,seaside,1920x1080,none,924,4554.4564,4839.0069,1
00_10_09_to_00_10_40,train,seaside,1920x1080,none,924,5141.3353,5462.5524,3
00_10_09_to_00_10_40,train,seaside,1920x1080,none,924,5803.8383,6166.4468,2
00_10_09_to_00_10_40,train,seaside,1920x1080,none,924,6166.4468,6551.7102,2
00_10_09_to_00_10_40,train,seaside,1920x1080,none,924,6551.7102,6961.0438,1
00_10_09_to_00_10_40,train,seaside,1920x1080,none,924,6961.0438,7395.9515,1
00_10_09_to_00_10_40,train,seaside,1920x1080,none,924,7395.9515,7858.031,1
00_10_09_to_00_10_40,train,seaside,1920x1080,none,924,7858.031,8348.9801,2
00_10_09_to_00_10_40,train,seaside,1920x1080,none,924,8348.9801,8870.6024,4
00_10_09_to_00_10_40,train,seaside,1920x1080,none,924,8870.6024,9424.8143,11
00_10_09_to_00_10_40,train,seaside,1920x1080,none,924,9424.8143,10013.6519,7
00_10_09_to_00_10_40,train,seaside,1920x1080,none,924,10013.6519,10639.2785,12
00_10_09_to_00_10_40,train,seaside,1920x1080,none,924,10639.2785,11303.9926,20
00_10_09_to_00_10_40,train,seaside,1920x1080,none,924,11303.9926,12010.2363,9
00_10_09_to_00_10_40,train,seaside,1920x1080,none,924,12010.2363,12760.6042,6
00_10_09_to_00_10_40,train,seaside,1920x1080,none,924,12760.6042,13557.8532,13
00_10_09_to_00_10_40,train,seaside,1920x1080,none,924,13557.8532,14404.9122,1
00_10_09_to_00_10_40,train,seaside,1920x1080,none,924,14404.9122,15304.8932,2
00_10_09_to_00_10_40,train,seaside,1920x1080,none,924,15304.8932,16261.1026,3
00_10_09_to_00_10_40,train,seaside,1920x1080,none,924,16261.1026,17277.0535,2
00_10_09_to_00_10_40,train,seaside,1920x1080,none,924,17277.0535,18356.4783,2
00_10_09_to_00_10_40,train,seaside,1920x1080,none,924,18356.4783,19503.3427,3
00_10_09_to_00_10_40,train,seaside,1920x1080,none,924,19503.3427,20721.8602,3
00_10_09_to_00_10_40,train,seaside,1920x1080,none,924,20721.8602,22016.5075,5
00_10_09_to_00_10_40,train,seaside,1920x1080,none,924,22016.5075,23392.0409,5
00_10_09_to_00_10_40,train,seaside,1920x1080,none,924,23392.0409,24853.514,6
00_10_09_to_00_10_40,train,seaside,1920x1080,none,924,24853.514,26406.2961,6
00_10_09_to_00_10_40,train,seaside,1920x1080,none,924,26406.2961,28056.092,2
2019_09_02_C0002_2527_inspire,train,industrial,3840x2160,none,502,1.0,1.0686,2489144
2019_09_02_C0002_2527_inspire,train,industrial,3840x2160,none,502,1.9421,2.0754,643126
2019_09_02_C0002_2527_inspire,train,industrial,3840x2160,none,502,2.8924,3.0909,284636
2019_09_02_C0002_2527_inspire,train,industrial,3840x2160,none,502,3.7719,4.0308,154579
2019_09_02_C0002_2527_inspire,train,industrial,3840x2160,none,502,4.919,5.2566,99244
2019_09_02_C0002_2527_inspire,train,industrial,3840x2160,none,502,5.6174,6.0029,60674
2019_09_02_C0002_2527_inspire,train,industrial,3840x2160,none,502,6.8552,7.3257,43846
2019_09_02_C0002_2527_inspire,train,industrial,3840x2160,none,502,7.8285,8.3657,31392
2019_09_02_C0002_2527_inspire,train,industrial,3840x2160,none,502,8.9399,9.5535,24214
2019_09_02_C0002_2527_inspire,train,industrial,3840x2160,none,502,9.5535,10.2091,18859
2019_09_02_C0002_2527_inspire,train,industrial,3840x2160,none,502,10.9098,11.6586,14590
2019_09_02_C0002_2527_inspire,train,industrial,3840x2160,none,502,11.6586,12.4587,11716
2019_09_02_C0002_2527_inspire,train,industrial,3840x2160,none,502,12.4587,13.3138,9869
2019_09_02_C0002_2527_inspire,train,industrial,3840x2160,none,502,13.3138,14.2276,7697
2019_09_02_C0002_2527_inspire,train,industrial,3840x2160,none,502,14.2276,15.204,6651
2019_09_02_C0002_2527_inspire,train,industrial,3840x2160,none,502,15.204,16.2475,5561
2019_09_02_C0002_2527_inspire,train,industrial,3840x2160,none,502,16.2475,17.3626,5429
2019_09_02_C0002_2527_inspire,train,industrial,3840x2160,none,502,17.3626,18.5543,4187
2019_09_02_C0002_2527_inspire,train,industrial,3840x2160,none,502,18.5543,19.8277,3498
2019_09_02_C0002_2527_inspire,train,industrial,3840x2160,none,502,19.8277,21.1885,5804
2019_09_02_C0002_2527_inspire,train,industrial,3840x2160,none,502,21.1885,22.6427,2637
2019_09_02_C0002_2527_inspire,train,industrial,3840x2160,none,502,22.6427,24.1967,4188
2019_09_02_C0002_2527_inspire,train,industrial,3840x2160,none,502,24.1967,25.8574,1746
2019_09_02_C0002_2527_inspire,train,industrial,3840x2160,none,502,25.8574,27.6321,3242
2019_09_02_C0002_2527_inspire,train,industrial,3840x2160,none,502,27.6321,29.5285,2721
2019_09_02_C0002_2527_inspire,train,industrial,3840x2160,none,502,29.5285,31.5551,2264
2019_09_02_C0002_2527_inspire,train,industrial,3840x2160,none,502,31.5551,33.7208,1971
2019_09_02_C0002_2527_inspire,train,industrial,3840x2160,none,502,33.7208,36.0352,2507
2019_09_02_C0002_2527_inspire,train,industrial,3840x2160,none,502,36.0352,38.5083,1354
2019_09_02_C0002_2527_inspire,train,industrial,3840x2160,none,502,38.5083,41.1513,1747
2019_09_02_C0002_2527_inspire,train,industrial,3840x2160,none,502,41.1513,43.9756,954
2019_09_02_C0002_2527_inspire,train,industrial,3840x2160,none,502,43.9756,46.9937,1215
2019_09_02_C0002_2527_inspire,train,industrial,3840x2160,none,502,46.9937,50.219,1319
2019_09_02_C0002_2527_inspire,train,industrial,3840x2160,none,502,50.219,53.6656,950
2019_09_02_C0002_2527_inspire,train,industrial,3840x2160,none,502,53.6656,57.3488,1218
2019_09_02_C0002_2527_inspire,train,industrial,3840x2160,none,502,57.3488,61.2848,846
2019_09_02_C0002_2527_inspire,train,industrial,3840x2160,none,502,61.2848,65.4909,942
2019_09_02_C0002_2527_inspire,train,industrial,3840x2160,none,502,65.4909,69.9857,819
2019_09_02_C0002_2527_inspire,train,industrial,3840x2160,none,502,69.9857,74.789,637
2019_09_02_C0002_2527_inspire,train,industrial,3840x2160,none,502,74.789,79.9219,567
2019_09_02_C0002_2527_inspire,train,industrial,3840x2160,none,502,79.9219,85.4071,576
2019_09_02_C0002_2527_inspire,train,industrial,3840x2160,none,502,85.4071,91.2688,484
2019_09_02_C0002_2527_inspire,train,industrial,3840x2160,none,502,91.2688,97.5328,389
2019_09_02_C0002_2527_inspire,train,industrial,3840x2160,none,502,97.5328,104.2267,349
2019_09_02_C0002_2527_inspire,train,industrial,3840x2160,none,502,104.2267,111.38,352
2019_09_02_C0002_2527_inspire,train,industrial,3840x2160,none,502,111.38,119.0243,404
2019_09_02_C0002_2527_inspire,train,industrial,3840x2160,none,502,119.0243,127.1932,275
2019_09_02_C0002_2527_inspire,train,industrial,3840x2160,none,502,127.1932,135.9227,256
2019_09_02_C0002_2527_inspire,train,industrial,3840x2160,none,502,135.9227,145.2514,283
2019_09_02_C0002_2527_inspire,train,industrial,3840x2160,none,502,145.2514,155.2203,235
2019_09_02_C0002_2527_inspire,train,industrial,3840x2160,none,502,155.2203,165.8734,188
2019_09_02_C0002_2527_inspire,train,industrial,3840x2160,none,502,165.8734,177.2577,230
2019_09_02_C0002_2527_inspire,train,industrial,3840x2160,none,502,177.2577,189.4233,186
2019_09_02_C0002_2527_inspire,train,industrial,3840x2160,none,502,189.4233,202.4238,137
2019_09_02_C0002_2527_inspire,train,industrial,3840x2160,none,502,202.4238,216.3166,163
2019_09_02_C0002_2527_inspire,train,industrial,3840x2160,none,502,216.3166,231.1629,146
2019_09_02_C0002_2527_inspire,train,industrial,3840x2160,none,502,231.1629,247.0282,210
2019_09_02_C0002_2527_inspire,train,industrial,3840x2160,none,502,247.0282,263.9823,173
2019_09_02_C0002_2527_inspire,train,industrial,3840x2160,none,502,263.9823,282.1,214
2019_09_02_C0002_2527_inspire,train,industrial,3840x2160,none,502,282.1,301.4611,159
2019_09_02_C0002_2527_inspire,train,industrial,3840x2160,none,502,301.4611,322.1511,118
2019_09_02_C0002_2527_inspire,train,industrial,3840x2160,none,502,322.1511,344.261,112
2019_09_02_C0002_2527_inspire,train,industrial,3840x2160,none,502,344.261,367.8884,89
2019_09_02_C0002_2527_inspire,train,industrial,3840x2160,none,502,367.8884,393.1374,90
2019_09_02_C0002_2527_inspire,train,industrial,3840x2160,none,502,393.1374,420.1193,26
2019_09_02_C0002_2527_inspire,train,industrial,3840x2160,none,502,420.1193,448.953,42
2019_09_02_C0002_2527_inspire,train,industrial,3840x2160,none,502,448.953,479.7657,43
2019_09_02_C0002_2527_inspire,train,industrial,3840x2160,none,502,479.7657,512.6931,42
2019_09_02_C0002_2527_inspire,train,industrial,3840x2160,none,502,512.6931,547.8803,48
2019_09_02_C0002_2527_inspire,train,industrial,3840x2160,none,502,547.8803,585.4826,42
2019_09_02_C0002_2527_inspire,train,industrial,3840x2160,none,502,585.4826,625.6656,43
2019_09_02_C0002_2527_inspire,train,industrial,3840x2160,none,502,625.6656,668.6064,55
2019_09_02_C0002_2527_inspire,train,industrial,3840x2160,none,502,668.6064,714.4944,39
2019_09_02_C0002_2527_inspire,train,industrial,3840x2160,none,502,714.4944,763.5317,49
2019_09_02_C0002_2527_inspire,train,industrial,3840x2160,none,502,763.5317,815.9346,44
2019_09_02_C0002_2527_inspire,train,industrial,3840x2160,none,502,815.9346,871.934,56
2019_09_02_C0002_2527_inspire,train,industrial,3840x2160,none,502,871.934,931.7768,111
2019_09_02_C0002_2527_inspire,train,industrial,3840x2160,none,502,931.7768,995.7267,2
2019_09_02_C0002_2527_inspire,train,industrial,3840x2160,none,502,995.7267,1064.0657,6
2019_09_02_C0002_3700_mavic,train,industrial,3840x2160,none,928,1.0,1.0686,4824993
2019_09_02_C0002_3700_mavic,train,industrial,3840x2160,none,928,1.9421,2.0754,1411762
2019_09_02_C0002_3700_mavic,train,industrial,3840x2160,none,928,2.8924,3.0909,695189
2019_09_02_C0002_3700_mavic,train,industrial,3840x2160,none,928,3.7719,4.0308,428697
2019_09_02_C0002_3700_mavic,train,industrial,3840x2160,none,928,4.919,5.2566,275990
2019_09_02_C0002_3700_mavic,train,industrial,3840x2160,none,928,5.6174,6.0029,193259
2019_09_02_C0002_3700_mavic,train,industrial,3840x2160,none,928,6.8552,7.3257,138803
2019_09_02_C0002_3700_mavic,train,industrial,3840x2160,none,928,7.8285,8.3657,106115
2019_09_02_C0002_3700_mavic,train,industrial,3840x2160,none,928,8.9399,9.5535,81104
2019_09_02_C0002_3700_mavic,train,industrial,3840x2160,none,928,9.5535,10.2091,61978
2019_09_02_C0002_3700_mavic,train,industrial,3840x2160,none,928,10.9098,11.6586,49758
2019_09_02_C0002_3700_mavic,train,industrial,3840x2160,none,928,11.6586,12.4587,39660
2019_09_02_C0002_3700_mavic,train,industrial,3840x2160,none,928,12.4587,13.3138,34217
2019_09_02_C0002_3700_mavic,train,industrial,3840x2160,none,928,13.3138,14.2276,28690
2019_09_02_C0002_3700_mavic,train,industrial,3840x2160,none,928,14.2276,15.204,23382
2019_09_02_C0002_3700_mavic,train,industrial,3840x2160,none,928,15.204,16.2475,20587
2019_09_02_C0002_3700_mavic,train,industrial,3840x2160,none,928,16.2475,17.3626,17663
2019_09_02_C0002_3700_mavic,train,industrial,3840x2160,none,928,17.3626,18.5543,15001
2019_09_02_C0002_3700_mavic,train,industrial,3840x2160,none,928,18.5543,19.8277,13067
2019_09_02_C0002_3700_mavic,train,industrial,3840x2160,none,928,19.8277,21.1885,22863
2019_09_02_C0002_3700_mavic,train,industrial,3840x2160,none,928,21.1885,22.6427,8860
2019_09_02_C0002_3700_mavic,train,industrial,3840x2160,none,928,22.6427,24.1967,16081
2019_09_02_C0002_3700_mavic,train,industrial,3840x2160,none,928,24.1967,25.8574,6464
2019_09_02_C0002_3700_mavic,train,industrial,3840x2160,none,928,25.8574,27.6321,11224
2019_09_02_C0002_3700_mavic,train,industrial,3840x2160,none,928,27.6321,29.5285,9681
2019_09_02_C0002_3700_mavic,train,industrial,3840x2160,none,928,29.5285,31.5551,7848
2019_09_02_C0002_3700_mavic,train,industrial,3840x2160,none,928,31.5551,33.7208,6777
2019_09_02_C0002_3700_mavic,train,industrial,3840x2160,none,928,33.7208,36.0352,8192
2019_09_02_C0002_3700_mavic,train,industrial,3840x2160,none,928,36.0352,38.5083,5141
2019_09_02_C0002_3700_mavic,train,industrial,3840x2160,none,928,38.5083,41.1513,5467
2019_09_02_C0002_3700_mavic,train,industrial,3840x2160,none,928,41.1513,43.9756,3160
2019_09_02_C0002_3700_mavic,train,industrial,3840x2160,none,928,43.9756,46.9937,4148
2019_09_02_C0002_3700_mavic,train,industrial,3840x2160,none,928,46.9937,50.219,4603
2019_09_02_C0002_3700_mavic,train,industrial,3840x2160,none,928,50.219,53.6656,3054
2019_09_02_C0002_3700_mavic,train,industrial,3840x2160,none,928,53.6656,57.3488,3385
2019_09_02_C0002_3700_mavic,train,industrial,3840x2160,none,928,57.3488,61.2848,2801
2019_09_02_C0002_3700_mavic,train,industrial,3840x2160,none,928,61.2848,65.4909,2330
2019_09_02_C0002_3700_mavic,train,industrial,3840x2160,none,928,65.4909,69.9857,1813
2019_09_02_C0002_3700_mavic,train,industrial,3840x2160,none,928,69.9857,74.789,1868
2019_09_02_C0002_3700_mavic,train,industrial,3840x2160,none,928,74.789,79.9219,1502
2019_09_02_C0002_3700_mavic,train,industrial,3840x2160,none,928,79.9219,85.4071,1676
2019_09_02_C0002_3700_mavic,train,industrial,3840x2160,none,928,85.4071,91.2688,1280
2019_09_02_C0002_3700_mavic,train,industrial,3840x2160,none,928,91.2688,97.5328,1071
2019_09_02_C0002_3700_mavic,train,industrial,3840x2160,none,928,97.5328,104.2267,1015
2019_09_02_C0002_3700_mavic,train,industrial,3840x2160,none,928,104.2267,111.38,834
2019_09_02_C0002_3700_mavic,train,industrial,3840x2160,none,928,111.38,119.0243,837
2019_09_02_C0002_3700_mavic,train,industrial,3840x2160,none,928,119.0243,127.1932,746
2019_09_02_C0002_3700_mavic,train,industrial,3840x2160,none,928,127.1932,135.9227,637
2019_09_02_C0002_3700_mavic,train,industrial,3840x2160,none,928,135.9227,145.2514,551
2019_09_02_C0002_3700_mavic,train,industrial,3840x2160,none,928,145.2514,155.2203,485
2019_09_02_C0002_3700_mavic,train,industrial,3840x2160,none,928,155.2203,165.8734,408
2019_09_02_C0002_3700_mavic,train,industrial,3840x2160,none,928,165.8734,177.2577,361
2019_09_02_C0002_3700_mavic,train,industrial,3840x2160,none,928,177.2577,189.4233,258
2019_09_02_C0002_3700_mavic,train,industrial,3840x2160,none,928,189.4233,202.4238,241
2019_09_02_C0002_3700_mavic,train,industrial,3840x2160,none,928,202.4238,216.3166,239
2019_09_02_C0002_3700_mavic,train,industrial,3840x2160,none,928,216.3166,231.1629,190
2019_09_02_C0002_3700_mavic,train,industrial,3840x2160,none,928,231.1629,247.0282,157
2019_09_02_C0002_3700_mavic,train,industrial,3840x2160,none,928,247.0282,263.9823,126
2019_09_02_C0002_3700_mavic,train,industrial,3840x2160,none,928,263.9823,282.1,143
2019_09_02_C0002_3700_mavic,train,industrial,3840x2160,none,928,282.1,301.4611,120
2019_09_02_C0002_3700_mavic,train,industrial,3840x2160,none,928,301.4611,322.1511,188
2019_09_02_C0002_3700_mavic,train,industrial,3840x2160,none,928,322.1511,344.261,102
2019_09_02_C0002_3700_mavic,train,industrial,3840x2160,none,928,344.261,367.8884,60
2019_09_02_C0002_3700_mavic,train,industrial,3840x2160,none,928,367.8884,393.1374,41
2019_09_02_C0002_3700_mavic,train,industrial,3840x2160,none,928,393.1374,420.1193,41
2019_09_02_C0002_3700_mavic,train,industrial,3840x2160,none,928,420.1193,448.953,39
2019_09_02_C0002_3700_mavic,train,industrial,3840x2160,none,928,448.953,479.7657,21
2019_09_02_C0002_3700_mavic,train,industrial,3840x2160,none,928,479.7657,512.6931,28
2019_09_02_C0002_3700_mavic,train,industrial,3840x2160,none,928,512.6931,547.8803,16
2019_09_02_C0002_3700_mavic,train,industrial,3840x2160,none,928,547.8803,585.4826,11
2019_09_02_C0002_3700_mavic,train,industrial,3840x2160,none,928,585.4826,625.6656,10
2019_09_02_C0002_3700_mavic,train,industrial,3840x2160,none,928,625.6656,668.6064,10
2019_09_02_C0002_3700_mavic,train,industrial,3840x2160,none,928,668.6064,714.4944,15
2019_09_02_C0002_3700_mavic,train,industrial,3840x2160,none,928,714.4944,763.5317,16
2019_09_02_C0002_3700_mavic,train,industrial,3840x2160,none,928,763.5317,815.9346,44
2019_09_02_C0002_3700_mavic,train,industrial,3840x2160,none,928,815.9346,871.934,82
2019_09_02_C0002_3700_mavic,train,industrial,3840x2160,none,928,871.934,931.7768,67
2019_09_02_C0002_3700_mavic,train,industrial,3840x2160,none,928,931.7768,995.7267,65
2019_09_02_C0002_3700_mavic,train,industrial,3840x2160,none,928,995.7267,1064.0657,53
2019_09_02_C0002_3700_mavic,train,industrial,3840x2160,none,928,1064.0657,1137.0949,48
2019_09_02_C0002_3700_mavic,train,industrial,3840x2160,none,928,1137.0949,1215.1362,72
2019_09_02_C0002_3700_mavic,train,industrial,3840x2160,none,928,1215.1362,1298.5337,118
2019_09_02_C0002_3700_mavic,train,industrial,3840x2160,none,928,1298.5337,1387.655,100
2019_09_02_C0002_3700_mavic,train,industrial,3840x2160,none,928,1387.655,1482.8929,90
2019_09_02_C0002_3700_mavic,train,industrial,3840x2160,none,928,1482.8929,1584.6671,24
2019_09_02_C0002_3700_mavic,train,industrial,3840x2160,none,928,1584.6671,1693.4264,9
2019_09_02_C0002_3700_mavic,train,industrial,3840x2160,none,928,1693.4264,1809.65,1
2019_09_02_C0002_3700_mavic,train,industrial,3840x2160,none,928,1809.65,1933.8503,1
2019_09_02_C0002_3700_mavic,train,industrial,3840x2160,none,928,2066.5748,2208.4085,1
2019_09_02_C0002_3700_mavic,train,industrial,3840x2160,none,928,2208.4085,2359.9765,5
2019_09_02_C0002_3700_mavic,train,industrial,3840x2160,none,928,2359.9765,2521.9469,10
2019_09_02_C0002_3700_mavic,train,industrial,3840x2160,none,928,2521.9469,2695.0338,11
2019_09_02_C0002_3700_mavic,train,industrial,3840x2160,none,928,2695.0338,2880.0,2
2019_09_02_C0002_3700_mavic,train,industrial,3840x2160,none,928,2880.0,3077.6608,1
2019_09_02_GOPR5871_1058_solo,train,industrial,1920x1080,none,725,1.0,1.0625,699136
2019_09_02_GOPR5871_1058_solo,train,industrial,1920x1080,none,725,1.9477,2.0694,181361
2019_09_02_GOPR5871_1058_solo,train,industrial,1920x1080,none,725,2.9768,3.1628,33179
2019_09_02_GOPR5871_1058_solo,train,industrial,1920x1080,none,725,3.7934,4.0304,26930
2019_09_02_GOPR5871_1058_solo,train,industrial,1920x1080,none,725,4.8341,5.1361,10889
2019_09_02_GOPR5871_1058_solo,train,industrial,1920x1080,none,725,5.7979,6.1601,8442
2019_09_02_GOPR5871_1058_solo,train,industrial,1920x1080,none,725,6.9539,7.3884,5232
2019_09_02_GOPR5871_1058_solo,train,industrial,1920x1080,none,725,7.85,8.3404,3053
2019_09_02_GOPR5871_1058_solo,train,industrial,1920x1080,none,725,8.8615,9.4152,1977
2019_09_02_GOPR5871_1058_solo,train,industrial,1920x1080,none,725,9.4152,10.0034,1335
2019_09_02_GOPR5871_1058_solo,train,industrial,1920x1080,none,725,10.6284,11.2924,1131
2019_09_02_GOPR5871_1058_solo,train,industrial,1920x1080,none,725,11.998,12.7476,724
2019_09_02_GOPR5871_1058_solo,train,industrial,1920x1080,none,725,12.7476,13.544,748
2019_09_02_GOPR5871_1058_solo,train,industrial,1920x1080,none,725,13.544,14.3902,571
2019_09_02_GOPR5871_1058_solo,train,industrial,1920x1080,none,725,14.3902,15.2892,663
2019_09_02_GOPR5871_1058_solo,train,industrial,1920x1080,none,725,15.2892,16.2445,485
2019_09_02_GOPR5871_1058_solo,train,industrial,1920x1080,none,725,16.2445,17.2594,310
2019_09_02_GOPR5871_1058_solo,train,industrial,1920x1080,none,725,17.2594,18.3377,258
2019_09_02_GOPR5871_1058_solo,train,industrial,1920x1080,none,725,18.3377,19.4834,261
2019_09_02_GOPR5871_1058_solo,train,industrial,1920x1080,none,725,19.4834,20.7007,248
2019_09_02_GOPR5871_1058_solo,train,industrial,1920x1080,none,725,20.7007,21.994,218
2019_09_02_GOPR5871_1058_solo,train,industrial,1920x1080,none,725,21.994,23.3681,480
2019_09_02_GOPR5871_1058_solo,train,industrial,1920x1080,none,725,23.3681,24.8281,154
2019_09_02_GOPR5871_1058_solo,train,industrial,1920x1080,none,725,24.8281,26.3793,263
2019_09_02_GOPR5871_1058_solo,train,industrial,1920x1080,none,725,26.3793,28.0274,159
2019_09_02_GOPR5871_1058_solo,train,industrial,1920x1080,none,725,28.0274,29.7785,62
2019_09_02_GOPR5871_1058_solo,train,industrial,1920x1080,none,725,29.7785,31.639,191
2019_09_02_GOPR5871_1058_solo,train,industrial,1920x1080,none,725,31.639,33.6157,129
2019_09_02_GOPR5871_1058_solo,train,industrial,1920x1080,none,725,33.6157,35.7159,111
2019_09_02_GOPR5871_1058_solo,train,industrial,1920x1080,none,725,35.7159,37.9473,130
2019_09_02_GOPR5871_1058_solo,train,industrial,1920x1080,none,725,37.9473,40.3182,145
2019_09_02_GOPR5871_1058_solo,train,industrial,1920x1080,none,725,40.3182,42.8372,56
2019_09_02_GOPR5871_1058_solo,train,industrial,1920x1080,none,725,42.8372,45.5135,60
2019_09_02_GOPR5871_1058_solo,train,industrial,1920x1080,none,725,45.5135,48.3571,41
2019_09_02_GOPR5871_1058_solo,train,industrial,1920x1080,none,725,48.3571,51.3783,60
2019_09_02_GOPR5871_1058_solo,train,industrial,1920x1080,none,725,51.3783,54.5883,38
2019_09_02_GOPR5871_1058_solo,train,industrial,1920x1080,none,725,54.5883,57.9988,42
2019_09_02_GOPR5871_1058_solo,train,industrial,1920x1080,none,725,57.9988,61.6224,62
2019_09_02_GOPR5871_1058_solo,train,industrial,1920x1080,none,725,61.6224,65.4724,50
2019_09_02_GOPR5871_1058_solo,train,industrial,1920x1080,none,725,65.4724,69.563,39
2019_09_02_GOPR5871_1058_solo,train,industrial,1920x1080,none,725,69.563,73.9091,82
2019_09_02_GOPR5871_1058_solo,train,industrial,1920x1080,none,725,73.9091,78.5267,57
2019_09_02_GOPR5871_1058_solo,train,industrial,1920x1080,none,725,78.5267,83.4329,65
2019_09_02_GOPR5871_1058_solo,train,industrial,1920x1080,none,725,83.4329,88.6455,50
2019_09_02_GOPR5871_1058_solo,train,industrial,1920x1080,none,725,88.6455,94.1839,55
2019_09_02_GOPR5871_1058_solo,train,industrial,1920x1080,none,725,94.1839,100.0682,10
2019_09_02_GOPR5871_1058_solo,train,industrial,1920x1080,none,725,100.0682,106.3202,18
2019_09_02_GOPR5871_1058_solo,train,industrial,1920x1080,none,725,106.3202,112.9628,35
2019_09_02_GOPR5871_1058_solo,train,industrial,1920x1080,none,725,112.9628,120.0205,39
2019_09_02_GOPR5871_1058_solo,train,industrial,1920x1080,none,725,120.0205,127.519,26
2019_09_02_GOPR5871_1058_solo,train,industrial,1920x1080,none,725,127.519,135.4861,113
2019_09_02_GOPR5871_1058_solo,train,industrial,1920x1080,none,725,135.4861,143.9509,143
2019_09_02_GOPR5871_1058_solo,train,industrial,1920x1080,none,725,143.9509,152.9446,160
2019_09_02_GOPR5871_1058_solo,train,industrial,1920x1080,none,725,152.9446,162.5001,54
2019_09_02_GOPR5871_1058_solo,train,industrial,1920x1080,none,725,162.5001,172.6527,53
2019_09_02_GOPR5871_1058_solo,train,industrial,1920x1080,none,725,172.6527,183.4396,54
2019_09_02_GOPR5871_1058_solo,train,industrial,1920x1080,none,725,183.4396,194.9004,7
2019_10_16_C0003_1700_matrice,train,industrial,3840x2160,none,1576,1.0,1.0686,10196675
2019_10_16_C0003_1700_matrice,train,industrial,3840x2160,none,1576,1.9421,2.0754,2869837
2019_10_16_C0003_1700_matrice,train,industrial,3840x2160,none,1576,2.8924,3.0909,1319816
2019_10_16_C0003_1700_matrice,train,industrial,3840x2160,none,1576,3.7719,4.0308,782285
2019_10_16_C0003_1700_matrice,train,industrial,3840x2160,none,1576,4.919,5.2566,494373
2019_10_16_C0003_1700_matrice,train,industrial,3840x2160,none,1576,5.6174,6.0029,336402
2019_10_16_C0003_1700_matrice,train,industrial,3840x2160,none,1576,6.8552,7.3257,239636
2019_10_16_C0003_1700_matrice,train,industrial,3840x2160,none,1576,7.8285,8.3657,175575
2019_10_16_C0003_1700_matrice,train,industrial,3840x2160,none,1576,8.9399,9.5535,133765
2019_10_16_C0003_1700_matrice,train,industrial,3840x2160,none,1576,9.5535,10.2091,105701
2019_10_16_C0003_1700_matrice,train,industrial,3840x2160,none,1576,10.9098,11.6586,84546
2019_10_16_C0003_1700_matrice,train,industrial,3840x2160,none,1576,11.6586,12.4587,69679
2019_10_16_C0003_1700_matrice,train,industrial,3840x2160,none,1576,12.4587,13.3138,57408
2019_10_16_C0003_1700_matrice,train,industrial,3840x2160,none,1576,13.3138,14.2276,47908
2019_10_16_C0003_1700_matrice,train,industrial,3840x2160,none,1576,14.2276,15.204,41093
2019_10_16_C0003_1700_matrice,train,industrial,3840x2160,none,1576,15.204,16.2475,35245
2019_10_16_C0003_1700_matrice,train,industrial,3840x2160,none,1576,16.2475,17.3626,30361
2019_10_16_C0003_1700_matrice,train,industrial,3840x2160,none,1576,17.3626,18.5543,26628
2019_10_16_C0003_1700_matrice,train,industrial,3840x2160,none,1576,18.5543,19.8277,23397
2019_10_16_C0003_1700_matrice,train,industrial,3840x2160,none,1576,19.8277,21.1885,39591
2019_10_16_C0003_1700_matrice,train,industrial,3840x2160,none,1576,21.1885,22.6427,16924
2019_10_16_C0003_1700_matrice,train,industrial,3840x2160,none,1576,22.6427,24.1967,28950
2019_10_16_C0003_1700_matrice,train,industrial,3840x2160,none,1576,24.1967,25.8574,12428
2019_10_16_C0003_1700_matrice,train,industrial,3840x2160,none,1576,25.8574,27.6321,21749
2019_10_16_C0003_1700_matrice,train,industrial,3840x2160,none,1576,27.6321,29.5285,17887
2019_10_16_C0003_1700_matrice,train,industrial,3840x2160,none,1576,29.5285,31.5551,15694
2019_10_16_C0003_1700_matrice,train,industrial,3840x2160,none,1576,31.5551,33.7208,13515
2019_10_16_C0003_1700_matrice,train,industrial,3840x2160,none,1576,33.7208,36.0352,17001
2019_10_16_C0003_1700_matrice,train,industrial,3840x2160,none,1576,36.0352,38.5083,9314
2019_10_16_C0003_1700_matrice,train,industrial,3840x2160,none,1576,38.5083,41.1513,12175
2019_10_16_C0003_1700_matrice,train,industrial,3840x2160,none,1576,41.1513,43.9756,6980
2019_10_16_C0003_1700_matrice,train,industrial,3840x2160,none,1576,43.9756,46.9937,9362
2019_10_16_C0003_1700_matrice,train,industrial,3840x2160,none,1576,46.9937,50.219,10483
2019_10_16_C0003_1700_matrice,train,industrial,3840x2160,none,1576,50.219,53.6656,6624
2019_10_16_C0003_1700_matrice,train,industrial,3840x2160,none,1576,53.6656,57.3488,7559
2019_10_16_C0003_1700_matrice,train,industrial,3840x2160,none,1576,57.3488,61.2848,6198
2019_10_16_C0003_1700_matrice,train,industrial,3840x2160,none,1576,61.2848,65.4909,5295
2019_10_16_C0003_1700_matrice,train,industrial,3840x2160,none,1576,65.4909,69.9857,4602
2019_10_16_C0003_1700_matrice,train,industrial,3840x2160,none,1576,69.9857,74.789,5045
2019_10_16_C0003_1700_matrice,train,industrial,3840x2160,none,1576,74.789,79.9219,4487
2019_10_16_C0003_1700_matrice,train,industrial,3840x2160,none,1576,79.9219,85.4071,4374
2019_10_16_C0003_1700_matrice,train,industrial,3840x2160,none,1576,85.4071,91.2688,3582
2019_10_16_C0003_1700_matrice,train,industrial,3840x2160,none,1576,91.2688,97.5328,2949
2019_10_16_C0003_1700_matrice,train,industrial,3840x2160,none,1576,97.5328,104.2267,3043
2019_10_16_C0003_1700_matrice,train,industrial,3840x2160,none,1576,104.2267,111.38,2880
2019_10_16_C0003_1700_matrice,train,industrial,3840x2160,none,1576,111.38,119.0243,2812
2019_10_16_C0003_1700_matrice,train,industrial,3840x2160,none,1576,119.0243,127.1932,2665
2019_10_16_C0003_1700_matrice,train,industrial,3840x2160,none,1576,127.1932,135.9227,2256
2019_10_16_C0003_1700_matrice,train,industrial,3840x2160,none,1576,135.9227,145.2514,2435
2019_10_16_C0003_1700_matrice,train,industrial,3840x2160,none,1576,145.2514,155.2203,2048
2019_10_16_C0003_1700_matrice,train,industrial,3840x2160,none,1576,155.2203,165.8734,1847
2019_10_16_C0003_1700_matrice,train,industrial,3840x2160,none,1576,165.8734,177.2577,1989
2019_10_16_C0003_1700_matrice,train,industrial,3840x2160,none,1576,177.2577,189.4233,1868
2019_10_16_C0003_1700_matrice,train,industrial,3840x2160,none,1576,189.4233,202.4238,1767
2019_10_16_C0003_1700_matrice,train,industrial,3840x2160,none,1576,202.4238,216.3166,1747
2019_10_16_C0003_1700_matrice,train,industrial,3840x2160,none,1576,216.3166,231.1629,1481
2019_10_16_C0003_1700_matrice,train,industrial,3840x2160,none,1576,231.1629,247.0282,1460
2019_10_16_C0003_1700_matrice,train,industrial,3840x2160,none,1576,247.0282,263.9823,1468
2019_10_16_C0003_1700_matrice,train,industrial,3840x2160,none,1576,263.9823,282.1,1322
2019_10_16_C0003_1700_matrice,train,industrial,3840x2160,none,1576,282.1,301.4611,1253
2019_10_16_C0003_1700_matrice,train,industrial,3840x2160,none,1576,301.4611,322.1511,1325
2019_10_16_C0003_1700_matrice,train,industrial,3840x2160,none,1576,322.1511,344.261,1311
2019_10_16_C0003_1700_matrice,train,industrial,3840x2160,none,1576,344.261,367.8884,1257
2019_10_16_C0003_1700_matrice,train,industrial,3840x2160,none,1576,367.8884,393.1374,1103
2019_10_16_C0003_1700_matrice,train,industrial,3840x2160,none,1576,393.1374,420.1193,882
2019_10_16_C0003_1700_matrice,train,industrial,3840x2160,none,1576,420.1193,448.953,673
2019_10_16_C0003_1700_matrice,train,industrial,3840x2160,none,1576,448.953,479.7657,594
2019_10_16_C0003_1700_matrice,train,industrial,3840x2160,none,1576,479.7657,512.6931,656
2019_10_16_C0003_1700_matrice,train,industrial,3840x2160,none,1576,512.6931,547.8803,580
2019_10_16_C0003_1700_matrice,train,industrial,3840x2160,none,1576,547.8803,585.4826,619
2019_10_16_C0003_1700_matrice,train,industrial,3840x2160,none,1576,585.4826,625.6656,615
2019_10_16_C0003_1700_matrice,train,industrial,3840x2160,none,1576,625.6656,668.6064,492
2019_10_16_C0003_1700_matrice,train,industrial,3840x2160,none,1576,668.6064,714.4944,401
2019_10_16_C0003_1700_matrice,train,industrial,3840x2160,none,1576,714.4944,763.5317,415
2019_10_16_C0003_1700_matrice,train,industrial,3840x2160,none,1576,763.5317,815.9346,335
2019_10_16_C0003_1700_matrice,train,industrial,3840x2160,none,1576,815.9346,871.934,478
2019_10_16_C0003_1700_matrice,train,industrial,3840x2160,none,1576,871.934,931.7768,505
2019_10_16_C0003_1700_matrice,train,industrial,3840x2160,none,1576,931.7768,995.7267,448
2019_10_16_C0003_1700_matrice,train,industrial,3840x2160,none,1576,995.7267,1064.0657,624
2019_10_16_C0003_1700_matrice,train,industrial,3840x2160,none,1576,1064.0657,1137.0949,694
2019_10_16_C0003_1700_matrice,train,industrial,3840x2160,none,1576,1137.0949,1215.1362,516
2019_10_16_C0003_1700_matrice,train,industrial,3840x2160,none,1576,1215.1362,1298.5337,462
2019_10_16_C0003_1700_matrice,train,industrial,3840x2160,none,1576,1298.5337,1387.655,389
2019_10_16_C0003_1700_matrice,train,industrial,3840x2160,none,1576,1387.655,1482.8929,369
2019_10_16_C0003_1700_matrice,train,industrial,3840x2160,none,1576,1482.8929,1584.6671,326
2019_10_16_C0003_1700_matrice,train,industrial,3840x2160,none,1576,1584.6671,1693.4264,302
2019_10_16_C0003_1700_matrice,train,industrial,3840x2160,none,1576,1693.4264,1809.65,101
2019_10_16_C0003_1700_matrice,train,industrial,3840x2160,none,1576,1809.65,1933.8503,78
2019_10_16_C0003_1700_matrice,train,industrial,3840x2160,none,1576,1933.8503,2066.5748,93
2019_10_16_C0003_1700_matrice,train,industrial,3840x2160,none,1576,2066.5748,2208.4085,124
2019_10_16_C0003_1700_matrice,train,industrial,3840x2160,none,1576,2208.4085,2359.9765,218
2019_10_16_C0003_1700_matrice,train,industrial,3840x2160,none,1576,2359.9765,2521.9469,194
2019_10_16_C0003_1700_matrice,train,industrial,3840x2160,none,1576,2521.9469,2695.0338,169
2019_10_16_C0003_1700_matrice,train,industrial,3840x2160,none,1576,2695.0338,2880.0,69
2019_10_16_C0003_1700_matrice,train,industrial,3840x2160,none,1576,2880.0,3077.6608,54
2019_10_16_C0003_1700_matrice,train,industrial,3840x2160,none,1576,3077.6608,3288.8876,78
2019_10_16_C0003_1700_matrice,train,industrial,3840x2160,none,1576,3288.8876,3514.6113,55
2019_10_16_C0003_1700_matrice,train,industrial,3840x2160,none,1576,3514.6113,3755.8269,59
2019_10_16_C0003_1700_matrice,train,industrial,3840x2160,none,1576,3755.8269,4013.5977,86
2019_10_16_C0003_1700_matrice,train,industrial,3840x2160,none,1576,4013.5977,4289.0599,65
2019_10_16_C0003_1700_matrice,train,industrial,3840x2160,none,1576,4289.0599,4583.4277,35
2019_10_16_C0003_1700_matrice,train,industrial,3840x2160,none,1576,4583.4277,4897.9986,37
2019_10_16_C0003_1700_matrice,train,industrial,3840x2160,none,1576,4897.9986,5234.1592,20
2019_10_16_C0003_1700_matrice,train,industrial,3840x2160,none,1576,5234.1592,5593.3912,21
2019_10_16_C0003_1700_matrice,train,industrial,3840x2160,none,1576,5593.3912,5977.2781,60
2019_10_16_C0003_1700_matrice,train,industrial,3840x2160,none,1576,5977.2781,6387.5121,134
2019_10_16_C0003_1700_matrice,train,industrial,3840x2160,none,1576,6387.5121,6825.9013,12
2019_10_16_C0003_1700_matrice,train,industrial,3840x2160,none,1576,6825.9013,7294.3782,9
2019_10_16_C0003_1700_matrice,train,industrial,3840x2160,none,1576,7294.3782,7795.0077,79
2019_10_16_C0003_1700_matrice,train,industrial,3840x2160,none,1576,7795.0077,8329.9965,105
2019_10_16_C0003_1700_matrice,train,industrial,3840x2160,none,1576,8329.9965,8901.7028,91
2019_10_16_C0003_1700_matrice,train,industrial,3840x2160,none,1576,8901.7028,9512.6466,37
2019_10_16_C0003_1700_matrice,train,industrial,3840x2160,none,1576,9512.6466,10165.5208,48
2019_10_16_C0003_1700_matrice,train,industrial,3840x2160,none,1576,10165.5208,10863.2032,84
2019_10_16_C0003_1700_matrice,train,industrial,3840x2160,none,1576,10863.2032,11608.7691,157
2019_10_16_C0003_1700_matrice,train,industrial,3840x2160,none,1576,11608.7691,12405.5049,369
2019_10_16_C0003_1700_matrice,train,industrial,3840x2160,none,1576,12405.5049,13256.9224,260
2019_10_16_C0003_1700_matrice,train,industrial,3840x2160,none,1576,13256.9224,14166.7746,8
2019_10_16_C0003_1700_matrice,train,industrial,3840x2160,none,1576,14166.7746,15139.0721,4
2019_10_16_C0003_1700_matrice,train,industrial,3840x2160,none,1576,15139.0721,16178.1004,7
2019_10_16_C0003_1700_matrice,train,industrial,3840x2160,none,1576,16178.1004,17288.4396,5
2019_10_16_C0003_1700_matrice,train,industrial,3840x2160,none,1576,17288.4396,18474.9839,9
2019_10_16_C0003_1700_matrice,train,industrial,3840x2160,none,1576,18474.9839,19742.9633,13
2019_10_16_C0003_1700_matrice,train,industrial,3840x2160,none,1576,19742.9633,21097.967,12
2019_10_16_C0003_1700_matrice,train,industrial,3840x2160,none,1576,21097.967,22545.9677,8
2019_10_16_C0003_1700_matrice,train,industrial,3840x2160,none,1576,22545.9677,24093.3479,4
2019_10_16_C0003_1700_matrice,train,industrial,3840x2160,none,1576,24093.3479,25746.9282,18
2019_10_16_C0003_1700_matrice,train,industrial,3840x2160,none,1576,25746.9282,27513.9974,141
2019_10_16_C0003_1700_matrice,train,industrial,3840x2160,none,1576,27513.9974,29402.3446,93
2019_10_16_C0003_1700_matrice,train,industrial,3840x2160,none,1576,29402.3446,31420.2933,108
2019_10_16_C0003_1700_matrice,train,industrial,3840x2160,none,1576,31420.2933,33576.7382,68
2019_10_16_C0003_1700_matrice,train,industrial,3840x2160,none,1576,33576.7382,35881.1848,126
2019_10_16_C0003_1700_matrice,train,industrial,3840x2160,none,1576,35881.1848,38343.7908,103
2019_10_16_C0003_1700_matrice,train,industrial,3840x2160,none,1576,38343.7908,40975.4109,125
2019_10_16_C0003_1700_matrice,train,industrial,3840x2160,none,1576,40975.4109,43787.6449,63
2019_11_14_C0001_3922_matrice,val,industrial,3840x2160,none,2601,1.0,1.0686,585787
2019_11_14_C0001_3922_matrice,val,industrial,3840x2160,none,2601,1.9421,2.0754,87267
2019_11_14_C0001_3922_matrice,val,industrial,3840x2160,none,2601,2.8924,3.0909,13339
2019_11_14_C0001_3922_matrice,val,industrial,3840x2160,none,2601,3.7719,4.0308,3712
2019_11_14_C0001_3922_matrice,val,industrial,3840x2160,none,2601,4.919,5.2566,1007
2019_11_14_C0001_3922_matrice,val,industrial,3840x2160,none,2601,5.6174,6.0029,612
2019_11_14_C0001_3922_matrice,val,industrial,3840x2160,none,2601,6.8552,7.3257,626
2019_11_14_C0001_3922_matrice,val,industrial,3840x2160,none,2601,7.8285,8.3657,401
2019_11_14_C0001_3922_matrice,val,industrial,3840x2160,none,2601,8.9399,9.5535,353
2019_11_14_C0001_3922_matrice,val,industrial,3840x2160,none,2601,9.5535,10.2091,276
2019_11_14_C0001_3922_matrice,val,industrial,3840x2160,none,2601,10.9098,11.6586,245
2019_11_14_C0001_3922_matrice,val,industrial,3840x2160,none,2601,11.6586,12.4587,271
2019_11_14_C0001_3922_matrice,val,industrial,3840x2160,none,2601,12.4587,13.3138,216
2019_11_14_C0001_3922_matrice,val,industrial,3840x2160,none,2601,13.3138,14.2276,202
2019_11_14_C0001_3922_matrice,val,industrial,3840x2160,none,2601,14.2276,15.204,178
2019_11_14_C0001_3922_matrice,val,industrial,3840x2160,none,2601,15.204,16.2475,169
2019_11_14_C0001_3922_matrice,val,industrial,3840x2160,none,2601,16.2475,17.3626,153
2019_11_14_C0001_3922_matrice,val,industrial,3840x2160,none,2601,17.3626,18.5543,161
2019_11_14_C0001_3922_matrice,val,industrial,3840x2160,none,2601,18.5543,19.8277,117
2019_11_14_C0001_3922_matrice,val,industrial,3840x2160,none,2601,19.8277,21.1885,200
2019_11_14_C0001_3922_matrice,val,industrial,3840x2160,none,2601,21.1885,22.6427,96
2019_11_14_C0001_3922_matrice,val,industrial,3840x2160,none,2601,22.6427,24.1967,154
2019_11_14_C0001_3922_matrice,val,industrial,3840x2160,none,2601,24.1967,25.8574,78
2019_11_14_C0001_3922_matrice,val,industrial,3840x2160,none,2601,25.8574,27.6321,112
2019_11_14_C0001_3922_matrice,val,industrial,3840x2160,none,2601,27.6321,29.5285,100
2019_11_14_C0001_3922_matrice,val,industrial,3840x2160,none,2601,29.5285,31.5551,92
2019_11_14_C0001_3922_matrice,val,industrial,3840x2160,none,2601,31.5551,33.7208,100
2019_11_14_C0001_3922_matrice,val,industrial,3840x2160,none,2601,33.7208,36.0352,137
2019_11_14_C0001_3922_matrice,val,industrial,3840x2160,none,2601,36.0352,38.5083,99
2019_11_14_C0001_3922_matrice,val,industrial,3840x2160,none,2601,38.5083,41.1513,160
2019_11_14_C0001_3922_matrice,val,industrial,3840x2160,none,2601,41.1513,43.9756,97
2019_11_14_C0001_3922_matrice,val,industrial,3840x2160,none,2601,43.9756,46.9937,141
2019_11_14_C0001_3922_matrice,val,industrial,3840x2160,none,2601,46.9937,50.219,224
2019_11_14_C0001_3922_matrice,val,industrial,3840x2160,none,2601,50.219,53.6656,127
2019_11_14_C0001_3922_matrice,val,industrial,3840x2160,none,2601,53.6656,57.3488,176
2019_11_14_C0001_3922_matrice,val,industrial,3840x2160,none,2601,57.3488,61.2848,160
2019_11_14_C0001_3922_matrice,val,industrial,3840x2160,none,2601,61.2848,65.4909,137
2019_11_14_C0001_3922_matrice,val,industrial,3840x2160,none,2601,65.4909,69.9857,132
2019_11_14_C0001_3922_matrice,val,industrial,3840x2160,none,2601,69.9857,74.789,151
2019_11_14_C0001_3922_matrice,val,industrial,3840x2160,none,2601,74.789,79.9219,110
2019_11_14_C0001_3922_matrice,val,industrial,3840x2160,none,2601,79.9219,85.4071,88
2019_11_14_C0001_3922_matrice,val,industrial,3840x2160,none,2601,85.4071,91.2688,74
2019_11_14_C0001_3922_matrice,val,industrial,3840x2160,none,2601,91.2688,97.5328,85
2019_11_14_C0001_3922_matrice,val,industrial,3840x2160,none,2601,97.5328,104.2267,55
2019_11_14_C0001_3922_matrice,val,industrial,3840x2160,none,2601,104.2267,111.38,36
2019_11_14_C0001_3922_matrice,val,industrial,3840x2160,none,2601,111.38,119.0243,34
2019_11_14_C0001_3922_matrice,val,industrial,3840x2160,none,2601,119.0243,127.1932,51
2019_11_14_C0001_3922_matrice,val,industrial,3840x2160,none,2601,127.1932,135.9227,50
2019_11_14_C0001_3922_matrice,val,industrial,3840x2160,none,2601,135.9227,145.2514,49
2019_11_14_C0001_3922_matrice,val,industrial,3840x2160,none,2601,145.2514,155.2203,74
2019_11_14_C0001_3922_matrice,val,industrial,3840x2160,none,2601,155.2203,165.8734,87
2019_11_14_C0001_3922_matrice,val,industrial,3840x2160,none,2601,165.8734,177.2577,100
2019_11_14_C0001_3922_matrice,val,industrial,3840x2160,none,2601,177.2577,189.4233,79
2019_11_14_C0001_3922_matrice,val,industrial,3840x2160,none,2601,189.4233,202.4238,77
2019_11_14_C0001_3922_matrice,val,industrial,3840x2160,none,2601,202.4238,216.3166,34
2019_11_14_C0001_3922_matrice,val,industrial,3840x2160,none,2601,216.3166,231.1629,34
2019_11_14_C0001_3922_matrice,val,industrial,3840x2160,none,2601,231.1629,247.0282,33
2019_11_14_C0001_3922_matrice,val,industrial,3840x2160,none,2601,247.0282,263.9823,37
2019_11_14_C0001_3922_matrice,val,industrial,3840x2160,none,2601,263.9823,282.1,30
2019_11_14_C0001_3922_matrice,val,industrial,3840x2160,none,2601,282.1,301.4611,25
2019_11_14_C0001_3922_matrice,val,industrial,3840x2160,none,2601,301.4611,322.1511,41
2019_11_14_C0001_3922_matrice,val,industrial,3840x2160,none,2601,322.1511,344.261,56
2019_11_14_C0001_3922_matrice,val,industrial,3840x2160,none,2601,344.261,367.8884,52
2019_11_14_C0001_3922_matrice,val,industrial,3840x2160,none,2601,367.8884,393.1374,34
2019_11_14_C0001_3922_matrice,val,industrial,3840x2160,none,2601,393.1374,420.1193,27
2019_11_14_C0001_3922_matrice,val,industrial,3840x2160,none,2601,420.1193,448.953,14
2019_11_14_C0001_3922_matrice,val,industrial,3840x2160,none,2601,448.953,479.7657,30
2019_11_14_C0001_3922_matrice,val,industrial,3840x2160,none,2601,479.7657,512.6931,43
2019_11_14_C0001_3922_matrice,val,industrial,3840x2160,none,2601,512.6931,547.8803,92
2019_11_14_C0001_3922_matrice,val,industrial,3840x2160,none,2601,547.8803,585.4826,78
2019_11_14_C0001_3922_matrice,val,industrial,3840x2160,none,2601,585.4826,625.6656,22
2019_11_14_C0001_3922_matrice,val,industrial,3840x2160,none,2601,625.6656,668.6064,19
2019_11_14_C0001_3922_matrice,val,industrial,3840x2160,none,2601,668.6064,714.4944,31
2019_11_14_C0001_3922_matrice,val,industrial,3840x2160,none,2601,714.4944,763.5317,39
2019_11_14_C0001_3922_matrice,val,industrial,3840x2160,none,2601,763.5317,815.9346,33
2019_11_14_C0001_3922_matrice,val,industrial,3840x2160,none,2601,815.9346,871.934,53
2019_11_14_C0001_3922_matrice,val,industrial,3840x2160,none,2601,871.934,931.7768,64
2019_11_14_C0001_3922_matrice,val,industrial,3840x2160,none,2601,931.7768,995.7267,39
2019_11_14_C0001_3922_matrice,val,industrial,3840x2160,none,2601,995.7267,1064.0657,41
2019_11_14_C0001_3922_matrice,val,industrial,3840x2160,none,2601,1064.0657,1137.0949,18
2019_11_14_C0001_3922_matrice,val,industrial,3840x2160,none,2601,1137.0949,1215.1362,24
2019_11_14_C0001_3922_matrice,val,industrial,3840x2160,none,2601,1215.1362,1298.5337,21
2019_11_14_C0001_3922_matrice,val,industrial,3840x2160,none,2601,1298.5337,1387.655,50
2019_11_14_C0001_3922_matrice,val,industrial,3840x2160,none,2601,1387.655,1482.8929,64
2019_11_14_C0001_3922_matrice,val,industrial,3840x2160,none,2601,1482.8929,1584.6671,38
2019_11_14_C0001_3922_matrice,val,industrial,3840x2160,none,2601,1584.6671,1693.4264,47
2019_11_14_C0001_3922_matrice,val,industrial,3840x2160,none,2601,1693.4264,1809.65,13
2019_11_14_C0001_3922_matrice,val,industrial,3840x2160,none,2601,1809.65,1933.8503,16
2019_11_14_C0001_3922_matrice,val,industrial,3840x2160,none,2601,1933.8503,2066.5748,23
2019_11_14_C0001_3922_matrice,val,industrial,3840x2160,none,2601,2066.5748,2208.4085,33
2019_11_14_C0001_3922_matrice,val,industrial,3840x2160,none,2601,2208.4085,2359.9765,59
2019_11_14_C0001_3922_matrice,val,industrial,3840x2160,none,2601,2359.9765,2521.9469,110
2019_11_14_C0001_3922_matrice,val,industrial,3840x2160,none,2601,2521.9469,2695.0338,77
2019_11_14_C0001_3922_matrice,val,industrial,3840x2160,none,2601,2695.0338,2880.0,19
2019_11_14_C0001_3922_matrice,val,industrial,3840x2160,none,2601,2880.0,3077.6608,67
2019_11_14_C0001_3922_matrice,val,industrial,3840x2160,none,2601,3077.6608,3288.8876,124
2019_11_14_C0001_3922_matrice,val,industrial,3840x2160,none,2601,3288.8876,3514.6113,88
2019_11_14_C0001_3922_matrice,val,industrial,3840x2160,none,2601,3514.6113,3755.8269,8
GOPR5843_002,val,meadow,1920x1080,none,424,1.0,1.0625,285693
GOPR5843_002,val,meadow,1920x1080,none,424,1.9477,2.0694,59566
GOPR5843_002,val,meadow,1920x1080,none,424,2.9768,3.1628,20581
GOPR5843_002,val,meadow,1920x1080,none,424,3.7934,4.0304,9080
GOPR5843_002,val,meadow,1920x1080,none,424,4.8341,5.1361,5041
GOPR5843_002,val,meadow,1920x1080,none,424,5.7979,6.1601,3507
GOPR5843_002,val,meadow,1920x1080,none,424,6.9539,7.3884,2106
GOPR5843_002,val,meadow,1920x1080,none,424,7.85,8.3404,1557
GOPR5843_002,val,meadow,1920x1080,none,424,8.8615,9.4152,1104
GOPR5843_002,val,meadow,1920x1080,none,424,9.4152,10.0034,789
GOPR5843_002,val,meadow,1920x1080,none,424,10.6284,11.2924,549
GOPR5843_002,val,meadow,1920x1080,none,424,11.998,12.7476,502
GOPR5843_002,val,meadow,1920x1080,none,424,12.7476,13.544,367
GOPR5843_002,val,meadow,1920x1080,none,424,13.544,14.3902,269
GOPR5843_002,val,meadow,1920x1080,none,424,14.3902,15.2892,216
GOPR5843_002,val,meadow,1920x1080,none,424,15.2892,16.2445,182
GOPR5843_002,val,meadow,1920x1080,none,424,16.2445,17.2594,127
GOPR5843_002,val,meadow,1920x1080,none,424,17.2594,18.3377,158
GOPR5843_002,val,meadow,1920x1080,none,424,18.3377,19.4834,120
GOPR5843_002,val,meadow,1920x1080,none,424,19.4834,20.7007,111
GOPR5843_002,val,meadow,1920x1080,none,424,20.7007,21.994,114
GOPR5843_002,val,meadow,1920x1080,none,424,21.994,23.3681,188
GOPR5843_002,val,meadow,1920x1080,none,424,23.3681,24.8281,91
GOPR5843_002,val,meadow,1920x1080,none,424,24.8281,26.3793,164
GOPR5843_002,val,meadow,1920x1080,none,424,26.3793,28.0274,145
GOPR5843_002,val,meadow,1920x1080,none,424,28.0274,29.7785,62
GOPR5843_002,val,meadow,1920x1080,none,424,29.7785,31.639,120
GOPR5843_002,val,meadow,1920x1080,none,424,31.639,33.6157,110
GOPR5843_002,val,meadow,1920x1080,none,424,33.6157,35.7159,108
GOPR5843_002,val,meadow,1920x1080,none,424,35.7159,37.9473,77
GOPR5843_002,val,meadow,1920x1080,none,424,37.9473,40.3182,127
GOPR5843_002,val,meadow,1920x1080,none,424,40.3182,42.8372,87
GOPR5843_002,val,meadow,1920x1080,none,424,42.8372,45.5135,98
GOPR5843_002,val,meadow,1920x1080,none,424,45.5135,48.3571,141
GOPR5843_002,val,meadow,1920x1080,none,424,48.3571,51.3783,149
GOPR5843_002,val,meadow,1920x1080,none,424,51.3783,54.5883,77
GOPR5843_002,val,meadow,1920x1080,none,424,54.5883,57.9988,61
GOPR5843_002,val,meadow,1920x1080,none,424,57.9988,61.6224,56
GOPR5843_002,val,meadow,1920x1080,none,424,61.6224,65.4724,14
GOPR5843_002,val,meadow,1920x1080,none,424,65.4724,69.563,4
GOPR5843_002,val,meadow,1920x1080,none,424,69.563,73.9091,6
GOPR5843_002,val,meadow,1920x1080,none,424,73.9091,78.5267,12
GOPR5843_002,val,meadow,1920x1080,none,424,78.5267,83.4329,11
GOPR5843_002,val,meadow,1920x1080,none,424,83.4329,88.6455,5
GOPR5843_002,val,meadow,1920x1080,none,424,88.6455,94.1839,9
GOPR5843_002,val,meadow,1920x1080,none,424,94.1839,100.0682,7
GOPR5843_002,val,meadow,1920x1080,none,424,100.0682,106.3202,4
GOPR5843_002,val,meadow,1920x1080,none,424,106.3202,112.9628,3
GOPR5843_002,val,meadow,1920x1080,none,424,112.9628,120.0205,7
GOPR5843_002,val,meadow,1920x1080,none,424,120.0205,127.519,6
GOPR5843_002,val,meadow,1920x1080,none,424,127.519,135.4861,6
GOPR5843_002,val,meadow,1920x1080,none,424,135.4861,143.9509,3
GOPR5843_002,val,meadow,1920x1080,none,424,143.9509,152.9446,6
GOPR5843_002,val,meadow,1920x1080,none,424,152.9446,162.5001,3
GOPR5843_002,val,meadow,1920x1080,none,424,162.5001,172.6527,4
GOPR5843_002,val,meadow,1920x1080,none,424,172.6527,183.4396,3
GOPR5843_002,val,meadow,1920x1080,none,424,183.4396,194.9004,3
GOPR5843_002,val,meadow,1920x1080,none,424,194.9004,207.0773,2
GOPR5843_002,val,meadow,1920x1080,none,424,207.0773,220.0149,2
GOPR5843_002,val,meadow,1920x1080,none,424,233.7609,248.3657,2
GOPR5843_002,val,meadow,1920x1080,none,424,248.3657,263.8829,1
GOPR5843_002,val,meadow,1920x1080,none,424,280.3696,297.8864,2
GOPR5843_002,val,meadow,1920x1080,none,424,297.8864,316.4975,2
GOPR5843_002,val,meadow,1920x1080,none,424,316.4975,336.2714,1
GOPR5843_002,val,meadow,1920x1080,none,424,357.2808,379.6028,1
GOPR5843_002,val,meadow,1920x1080,none,424,403.3193,428.5177,3
GOPR5843_002,val,meadow,1920x1080,none,424,428.5177,455.2903,1
GOPR5843_002,val,meadow,1920x1080,none,424,483.7357,513.9582,1
GOPR5843_002,val,meadow,1920x1080,none,424,513.9582,546.069,3
GOPR5843_002,val,meadow,1920x1080,none,424,580.1859,616.4344,1
GOPR5843_002,val,meadow,1920x1080,none,424,616.4344,654.9476,2
GOPR5843_002,val,meadow,1920x1080,none,424,654.9476,695.867,1
GOPR5843_002,val,meadow,1920x1080,none,424,739.3429,785.5351,1
GOPR5843_002,val,meadow,1920x1080,none,424,785.5351,834.6133,1
GOPR5843_002,val,meadow,1920x1080,none,424,834.6133,886.7577,1
GOPR5843_002,val,meadow,1920x1080,none,424,886.7577,942.16,1
GOPR5843_002,val,meadow,1920x1080,none,424,942.16,1001.0237,1
GOPR5843_002,val,meadow,1920x1080,none,424,1001.0237,1063.565,2
GOPR5843_002,val,meadow,1920x1080,none,424,1063.565,1130.0138,1
GOPR5843_002,val,meadow,1920x1080,none,424,1130.0138,1200.6141,1
GOPR5843_002,val,meadow,1920x1080,none,424,1200.6141,1275.6253,1
GOPR5843_002,val,meadow,1920x1080,none,424,1275.6253,1355.323,1
GOPR5843_002,val,meadow,1920x1080,none,424,1355.323,1440.0,1
GOPR5843_002,val,meadow,1920x1080,none,424,1440.0,1529.9674,1
GOPR5843_002,val,meadow,1920x1080,none,424,1529.9674,1625.5557,1
GOPR5843_002,val,meadow,1920x1080,none,424,1625.5557,1727.1162,1
GOPR5843_002,val,meadow,1920x1080,none,424,1727.1162,1835.0219,1
GOPR5843_002,val,meadow,1920x1080,none,424,1835.0219,1949.6692,1
GOPR5843_002,val,meadow,1920x1080,none,424,1949.6692,2071.4794,1
GOPR5843_002,val,meadow,1920x1080,none,424,2071.4794,2200.9,1
GOPR5843_002,val,meadow,1920x1080,none,424,2200.9,2338.4064,2
GOPR5843_002,val,meadow,1920x1080,none,424,2338.4064,2484.5039,1
GOPR5843_002,val,meadow,1920x1080,none,424,2484.5039,2639.7291,1
GOPR5843_002,val,meadow,1920x1080,none,424,2639.7291,2804.6525,1
GOPR5843_002,val,meadow,1920x1080,none,424,2979.8798,3166.0548,1
GOPR5843_002,val,meadow,1920x1080,none,424,3166.0548,3363.8616,1
GOPR5843_002,val,meadow,1920x1080,none,424,3363.8616,3574.0268,2
GOPR5843_002,val,meadow,1920x1080,none,424,3574.0268,3797.3226,2
GOPR5843_002,val,meadow,1920x1080,none,424,3797.3226,4034.5693,2
GOPR5843_002,val,meadow,1920x1080,none,424,4034.5693,4286.6386,1
GOPR5843_005,val,meadow,1920x1080,none,571,1.0,1.0625,356799
GOPR5843_005,val,meadow,1920x1080,none,571,1.9477,2.0694,68750
GOPR5843_005,val,meadow,1920x1080,none,571,2.9768,3.1628,21829
GOPR5843_005,val,meadow,1920x1080,none,571,3.7934,4.0304,11319
GOPR5843_005,val,meadow,1920x1080,none,571,4.8341,5.1361,6067
GOPR5843_005,val,meadow,1920x1080,none,571,5.7979,6.1601,3667
GOPR5843_005,val,meadow,1920x1080,none,571,6.9539,7.3884,2347
GOPR5843_005,val,meadow,1920x1080,none,571,7.85,8.3404,2073
GOPR5843_005,val,meadow,1920x1080,none,571,8.8615,9.4152,1292
GOPR5843_005,val,meadow,1920x1080,none,571,9.4152,10.0034,912
GOPR5843_005,val,meadow,1920x1080,none,571,10.6284,11.2924,718
GOPR5843_005,val,meadow,1920x1080,none,571,11.998,12.7476,579
GOPR5843_005,val,meadow,1920x1080,none,571,12.7476,13.544,429
GOPR5843_005,val,meadow,1920x1080,none,571,13.544,14.3902,408
GOPR5843_005,val,meadow,1920x1080,none,571,14.3902,15.2892,389
GOPR5843_005,val,meadow,1920x1080,none,571,15.2892,16.2445,278
GOPR5843_005,val,meadow,1920x1080,none,571,16.2445,17.2594,265
GOPR5843_005,val,meadow,1920x1080,none,571,17.2594,18.3377,238
GOPR5843_005,val,meadow,1920x1080,none,571,18.3377,19.4834,234
GOPR5843_005,val,meadow,1920x1080,none,571,19.4834,20.7007,175
GOPR5843_005,val,meadow,1920x1080,none,571,20.7007,21.994,159
GOPR5843_005,val,meadow,1920x1080,none,571,21.994,23.3681,274
GOPR5843_005,val,meadow,1920x1080,none,571,23.3681,24.8281,108
GOPR5843_005,val,meadow,1920x1080,none,571,24.8281,26.3793,206
GOPR5843_005,val,meadow,1920x1080,none,571,26.3793,28.0274,205
GOPR5843_005,val,meadow,1920x1080,none,571,28.0274,29.7785,93
GOPR5843_005,val,meadow,1920x1080,none,571,29.7785,31.639,191
GOPR5843_005,val,meadow,1920x1080,none,571,31.639,33.6157,170
GOPR5843_005,val,meadow,1920x1080,none,571,33.6157,35.7159,149
GOPR5843_005,val,meadow,1920x1080,none,571,35.7159,37.9473,136
GOPR5843_005,val,meadow,1920x1080,none,571,37.9473,40.3182,171
GOPR5843_005,val,meadow,1920x1080,none,571,40.3182,42.8372,60
GOPR5843_005,val,meadow,1920x1080,none,571,42.8372,45.5135,103
GOPR5843_005,val,meadow,1920x1080,none,571,45.5135,48.3571,137
GOPR5843_005,val,meadow,1920x1080,none,571,48.3571,51.3783,177
GOPR5843_005,val,meadow,1920x1080,none,571,51.3783,54.5883,162
GOPR5843_005,val,meadow,1920x1080,none,571,54.5883,57.9988,144
GOPR5843_005,val,meadow,1920x1080,none,571,57.9988,61.6224,195
GOPR5843_005,val,meadow,1920x1080,none,571,61.6224,65.4724,100
GOPR5843_005,val,meadow,1920x1080,none,571,65.4724,69.563,108
GOPR5843_005,val,meadow,1920x1080,none,571,69.563,73.9091,109
GOPR5843_005,val,meadow,1920x1080,none,571,73.9091,78.5267,69
GOPR5843_005,val,meadow,1920x1080,none,571,78.5267,83.4329,96
GOPR5843_005,val,meadow,1920x1080,none,571,83.4329,88.6455,103
GOPR5843_005,val,meadow,1920x1080,none,571,88.6455,94.1839,122
GOPR5843_005,val,meadow,1920x1080,none,571,94.1839,100.0682,119
GOPR5843_005,val,meadow,1920x1080,none,571,100.0682,106.3202,195
GOPR5843_005,val,meadow,1920x1080,none,571,106.3202,112.9628,100
GOPR5843_005,val,meadow,1920x1080,none,571,112.9628,120.0205,115
GOPR5843_005,val,meadow,1920x1080,none,571,120.0205,127.519,63
GOPR5843_005,val,meadow,1920x1080,none,571,127.519,135.4861,94
GOPR5843_005,val,meadow,1920x1080,none,571,135.4861,143.9509,23
GOPR5843_005,val,meadow,1920x1080,none,571,143.9509,152.9446,5
GOPR5843_005,val,meadow,1920x1080,none,571,152.9446,162.5001,7
GOPR5843_005,val,meadow,1920x1080,none,571,162.5001,172.6527,4
GOPR5843_005,val,meadow,1920x1080,none,571,172.6527,183.4396,5
GOPR5843_005,val,meadow,1920x1080,none,571,183.4396,194.9004,7
GOPR5843_005,val,meadow,1920x1080,none,571,194.9004,207.0773,8
GOPR5843_005,val,meadow,1920x1080,none,571,207.0773,220.0149,4
GOPR5843_005,val,meadow,1920x1080,none,571,220.0149,233.7609,7
GOPR5843_005,val,meadow,1920x1080,none,571,233.7609,248.3657,5
GOPR5843_005,val,meadow,1920x1080,none,571,248.3657,263.8829,7
GOPR5843_005,val,meadow,1920x1080,none,571,263.8829,280.3696,5
GOPR5843_005,val,meadow,1920x1080,none,571,280.3696,297.8864,9
GOPR5844_002,train,meadow,1920x1080,none,497,1.0,1.0625,127375
GOPR5844_002,train,meadow,1920x1080,none,497,1.9477,2.0694,16176
GOPR5844_002,train,meadow,1920x1080,none,497,2.9768,3.1628,6050
GOPR5844_002,train,meadow,1920x1080,none,497,3.7934,4.0304,3329
GOPR5844_002,train,meadow,1920x1080,none,497,4.8341,5.1361,2351
GOPR5844_002,train,meadow,1920x1080,none,497,5.7979,6.1601,1550
GOPR5844_002,train,meadow,1920x1080,none,497,6.9539,7.3884,1171
GOPR5844_002,train,meadow,1920x1080,none,497,7.85,8.3404,932
GOPR5844_002,train,meadow,1920x1080,none,497,8.8615,9.4152,755
GOPR5844_002,train,meadow,1920x1080,none,497,9.4152,10.0034,650
GOPR5844_002,train,meadow,1920x1080,none,497,10.6284,11.2924,564
GOPR5844_002,train,meadow,1920x1080,none,497,11.998,12.7476,467
GOPR5844_002,train,meadow,1920x1080,none,497,12.7476,13.544,377
GOPR5844_002,train,meadow,1920x1080,none,497,13.544,14.3902,350
GOPR5844_002,train,meadow,1920x1080,none,497,14.3902,15.2892,293
GOPR5844_002,train,meadow,1920x1080,none,497,15.2892,16.2445,261
GOPR5844_002,train,meadow,1920x1080,none,497,16.2445,17.2594,231
GOPR5844_002,train,meadow,1920x1080,none,497,17.2594,18.3377,175
GOPR5844_002,train,meadow,1920x1080,none,497,18.3377,19.4834,193
GOPR5844_002,train,meadow,1920x1080,none,497,19.4834,20.7007,215
GOPR5844_002,train,meadow,1920x1080,none,497,20.7007,21.994,168
GOPR5844_002,train,meadow,1920x1080,none,497,21.994,23.3681,323
GOPR5844_002,train,meadow,1920x1080,none,497,23.3681,24.8281,141
GOPR5844_002,train,meadow,1920x1080,none,497,24.8281,26.3793,263
GOPR5844_002,train,meadow,1920x1080,none,497,26.3793,28.0274,267
GOPR5844_002,train,meadow,1920x1080,none,497,28.0274,29.7785,117
GOPR5844_002,train,meadow,1920x1080,none,497,29.7785,31.639,224
GOPR5844_002,train,meadow,1920x1080,none,497,31.639,33.6157,188
GOPR5844_002,train,meadow,1920x1080,none,497,33.6157,35.7159,202
GOPR5844_002,train,meadow,1920x1080,none,497,35.7159,37.9473,160
GOPR5844_002,train,meadow,1920x1080,none,497,37.9473,40.3182,250
GOPR5844_002,train,meadow,1920x1080,none,497,40.3182,42.8372,130
GOPR5844_002,train,meadow,1920x1080,none,497,42.8372,45.5135,146
GOPR5844_002,train,meadow,1920x1080,none,497,45.5135,48.3571,132
GOPR5844_002,train,meadow,1920x1080,none,497,48.3571,51.3783,127
GOPR5844_002,train,meadow,1920x1080,none,497,51.3783,54.5883,120
GOPR5844_002,train,meadow,1920x1080,none,497,54.5883,57.9988,97
GOPR5844_002,train,meadow,1920x1080,none,497,57.9988,61.6224,120
GOPR5844_002,train,meadow,1920x1080,none,497,61.6224,65.4724,77
GOPR5844_002,train,meadow,1920x1080,none,497,65.4724,69.563,107
GOPR5844_002,train,meadow,1920x1080,none,497,69.563,73.9091,125
GOPR5844_002,train,meadow,1920x1080,none,497,73.9091,78.5267,85
GOPR5844_002,train,meadow,1920x1080,none,497,78.5267,83.4329,82
GOPR5844_002,train,meadow,1920x1080,none,497,83.4329,88.6455,56
GOPR5844_002,train,meadow,1920x1080,none,497,88.6455,94.1839,60
GOPR5844_002,train,meadow,1920x1080,none,497,94.1839,100.0682,43
GOPR5844_002,train,meadow,1920x1080,none,497,100.0682,106.3202,29
GOPR5844_002,train,meadow,1920x1080,none,497,106.3202,112.9628,30
GOPR5844_002,train,meadow,1920x1080,none,497,112.9628,120.0205,31
GOPR5844_002,train,meadow,1920x1080,none,497,120.0205,127.519,57
GOPR5844_002,train,meadow,1920x1080,none,497,127.519,135.4861,22
GOPR5844_002,train,meadow,1920x1080,none,497,135.4861,143.9509,18
GOPR5844_002,train,meadow,1920x1080,none,497,143.9509,152.9446,9
GOPR5844_002,train,meadow,1920x1080,none,497,152.9446,162.5001,8
GOPR5844_002,train,meadow,1920x1080,none,497,162.5001,172.6527,10
GOPR5844_002,train,meadow,1920x1080,none,497,172.6527,183.4396,6
GOPR5844_002,train,meadow,1920x1080,none,497,183.4396,194.9004,9
GOPR5844_002,train,meadow,1920x1080,none,497,194.9004,207.0773,26
GOPR5844_002,train,meadow,1920x1080,none,497,207.0773,220.0149,23
GOPR5844_002,train,meadow,1920x1080,none,497,220.0149,233.7609,14
GOPR5844_002,train,meadow,1920x1080,none,497,233.7609,248.3657,15
GOPR5844_002,train,meadow,1920x1080,none,497,248.3657,263.8829,24
GOPR5844_002,train,meadow,1920x1080,none,497,263.8829,280.3696,19
GOPR5844_002,train,meadow,1920x1080,none,497,280.3696,297.8864,6
GOPR5844_002,train,meadow,1920x1080,none,497,297.8864,316.4975,5
GOPR5844_002,train,meadow,1920x1080,none,497,316.4975,336.2714,2
GOPR5844_002,train,meadow,1920x1080,none,497,336.2714,357.2808,1
GOPR5844_002,train,meadow,1920x1080,none,497,357.2808,379.6028,8
GOPR5844_002,train,meadow,1920x1080,none,497,379.6028,403.3193,1
GOPR5844_002,train,meadow,1920x1080,none,497,403.3193,428.5177,1
GOPR5844_002,train,meadow,1920x1080,none,497,428.5177,455.2903,1
GOPR5844_002,train,meadow,1920x1080,none,497,455.2903,483.7357,1
GOPR5844_002,train,meadow,1920x1080,none,497,483.7357,513.9582,1
GOPR5844_002,train,meadow,1920x1080,none,497,513.9582,546.069,3
GOPR5844_002,train,meadow,1920x1080,none,497,546.069,580.1859,2
GOPR5844_002,train,meadow,1920x1080,none,497,580.1859,616.4344,2
GOPR5844_002,train,meadow,1920x1080,none,497,616.4344,654.9476,2
GOPR5844_002,train,meadow,1920x1080,none,497,654.9476,695.867,2
GOPR5844_002,train,meadow,1920x1080,none,497,695.867,739.3429,3
GOPR5844_002,train,meadow,1920x1080,none,497,739.3429,785.5351,4
GOPR5844_002,train,meadow,1920x1080,none,497,785.5351,834.6133,2
GOPR5844_002,train,meadow,1920x1080,none,497,834.6133,886.7577,4
GOPR5844_002,train,meadow,1920x1080,none,497,886.7577,942.16,4
GOPR5844_002,train,meadow,1920x1080,none,497,942.16,1001.0237,1
GOPR5844_002,train,meadow,1920x1080,none,497,1001.0237,1063.565,4
GOPR5844_002,train,meadow,1920x1080,none,497,1063.565,1130.0138,1
GOPR5844_002,train,meadow,1920x1080,none,497,1130.0138,1200.6141,3
GOPR5844_002,train,meadow,1920x1080,none,497,1200.6141,1275.6253,2
GOPR5844_002,train,meadow,1920x1080,none,497,1275.6253,1355.323,2
GOPR5844_002,train,meadow,1920x1080,none,497,1355.323,1440.0,2
GOPR5844_002,train,meadow,1920x1080,none,497,1440.0,1529.9674,3
GOPR5844_002,train,meadow,1920x1080,none,497,1529.9674,1625.5557,3
GOPR5844_002,train,meadow,1920x1080,none,497,1625.5557,1727.1162,11
GOPR5844_002,train,meadow,1920x1080,none,497,1727.1162,1835.0219,6
GOPR5844_004,train,meadow,1920x1080,none,417,1.0,1.0625,92315
GOPR5844_004,train,meadow,1920x1080,none,417,1.9477,2.0694,7891
GOPR5844_004,train,meadow,1920x1080,none,417,2.9768,3.1628,1851
GOPR5844_004,train,meadow,1920x1080,none,417,3.7934,4.0304,1080
GOPR5844_004,train,meadow,1920x1080,none,417,4.8341,5.1361,469
GOPR5844_004,train,meadow,1920x1080,none,417,5.7979,6.1601,292
GOPR5844_004,train,meadow,1920x1080,none,417,6.9539,7.3884,192
GOPR5844_004,train,meadow,1920x1080,none,417,7.85,8.3404,133
GOPR5844_004,train,meadow,1920x1080,none,417,8.8615,9.4152,126
GOPR5844_004,train,meadow,1920x1080,none,417,9.4152,10.0034,109
GOPR5844_004,train,meadow,1920x1080,none,417,10.6284,11.2924,76
GOPR5844_004,train,meadow,1920x1080,none,417,11.998,12.7476,59
GOPR5844_004,train,meadow,1920x1080,none,417,12.7476,13.544,52
GOPR5844_004,train,meadow,1920x1080,none,417,13.544,14.3902,57
GOPR5844_004,train,meadow,1920x1080,none,417,14.3902,15.2892,47
GOPR5844_004,train,meadow,1920x1080,none,417,15.2892,16.2445,68
GOPR5844_004,train,meadow,1920x1080,none,417,16.2445,17.2594,56
GOPR5844_004,train,meadow,1920x1080,none,417,17.2594,18.3377,44
GOPR5844_004,train,meadow,1920x1080,none,417,18.3377,19.4834,50
GOPR5844_004,train,meadow,1920x1080,none,417,19.4834,20.7007,35
GOPR5844_004,train,meadow,1920x1080,none,417,20.7007,21.994,42
GOPR5844_004,train,meadow,1920x1080,none,417,21.994,23.3681,92
GOPR5844_004,train,meadow,1920x1080,none,417,23.3681,24.8281,40
GOPR5844_004,train,meadow,1920x1080,none,417,24.8281,26.3793,32
GOPR5844_004,train,meadow,1920x1080,none,417,26.3793,28.0274,30
GOPR5844_004,train,meadow,1920x1080,none,417,28.0274,29.7785,12
GOPR5844_004,train,meadow,1920x1080,none,417,29.7785,31.639,18
GOPR5844_004,train,meadow,1920x1080,none,417,31.639,33.6157,24
GOPR5844_004,train,meadow,1920x1080,none,417,33.6157,35.7159,14
GOPR5844_004,train,meadow,1920x1080,none,417,35.7159,37.9473,10
GOPR5844_004,train,meadow,1920x1080,none,417,37.9473,40.3182,21
GOPR5844_004,train,meadow,1920x1080,none,417,40.3182,42.8372,9
GOPR5844_004,train,meadow,1920x1080,none,417,42.8372,45.5135,10
GOPR5844_004,train,meadow,1920x1080,none,417,45.5135,48.3571,11
GOPR5844_004,train,meadow,1920x1080,none,417,48.3571,51.3783,9
GOPR5844_004,train,meadow,1920x1080,none,417,51.3783,54.5883,5
GOPR5844_004,train,meadow,1920x1080,none,417,54.5883,57.9988,8
GOPR5844_004,train,meadow,1920x1080,none,417,57.9988,61.6224,12
GOPR5844_004,train,meadow,1920x1080,none,417,61.6224,65.4724,5
GOPR5844_004,train,meadow,1920x1080,none,417,65.4724,69.563,11
GOPR5844_004,train,meadow,1920x1080,none,417,69.563,73.9091,7
GOPR5844_004,train,meadow,1920x1080,none,417,73.9091,78.5267,9
GOPR5844_004,train,meadow,1920x1080,none,417,78.5267,83.4329,6
GOPR5844_004,train,meadow,1920x1080,none,417,83.4329,88.6455,4
GOPR5844_004,train,meadow,1920x1080,none,417,88.6455,94.1839,5
GOPR5844_004,train,meadow,1920x1080,none,417,94.1839,100.0682,4
GOPR5844_004,train,meadow,1920x1080,none,417,100.0682,106.3202,6
GOPR5844_004,train,meadow,1920x1080,none,417,106.3202,112.9628,7
GOPR5844_004,train,meadow,1920x1080,none,417,112.9628,120.0205,6
GOPR5844_004,train,meadow,1920x1080,none,417,120.0205,127.519,4
GOPR5844_004,train,meadow,1920x1080,none,417,127.519,135.4861,6
GOPR5844_004,train,meadow,1920x1080,none,417,135.4861,143.9509,5
GOPR5844_004,train,meadow,1920x1080,none,417,143.9509,152.9446,10
GOPR5844_004,train,meadow,1920x1080,none,417,152.9446,162.5001,7
GOPR5844_004,train,meadow,1920x1080,none,417,162.5001,172.6527,7
GOPR5844_004,train,meadow,1920x1080,none,417,172.6527,183.4396,7
GOPR5844_004,train,meadow,1920x1080,none,417,183.4396,194.9004,9
GOPR5844_004,train,meadow,1920x1080,none,417,194.9004,207.0773,5
GOPR5844_004,train,meadow,1920x1080,none,417,207.0773,220.0149,4
GOPR5844_004,train,meadow,1920x1080,none,417,220.0149,233.7609,2
GOPR5844_004,train,meadow,1920x1080,none,417,248.3657,263.8829,1
GOPR5844_004,train,meadow,1920x1080,none,417,263.8829,280.3696,1
GOPR5844_004,train,meadow,1920x1080,none,417,280.3696,297.8864,2
GOPR5844_004,train,meadow,1920x1080,none,417,297.8864,316.4975,2
GOPR5844_004,train,meadow,1920x1080,none,417,316.4975,336.2714,3
GOPR5844_004,train,meadow,1920x1080,none,417,336.2714,357.2808,3
GOPR5844_004,train,meadow,1920x1080,none,417,357.2808,379.6028,2
GOPR5844_004,train,meadow,1920x1080,none,417,379.6028,403.3193,6
GOPR5844_004,train,meadow,1920x1080,none,417,403.3193,428.5177,6
GOPR5844_004,train,meadow,1920x1080,none,417,428.5177,455.2903,6
GOPR5844_004,train,meadow,1920x1080,none,417,455.2903,483.7357,4
GOPR5844_004,train,meadow,1920x1080,none,417,483.7357,513.9582,6
GOPR5844_004,train,meadow,1920x1080,none,417,513.9582,546.069,7
GOPR5844_004,train,meadow,1920x1080,none,417,546.069,580.1859,16
GOPR5844_004,train,meadow,1920x1080,none,417,580.1859,616.4344,14
GOPR5844_004,train,meadow,1920x1080,none,417,616.4344,654.9476,2
GOPR5844_004,train,meadow,1920x1080,none,417,654.9476,695.867,2
GOPR5844_004,train,meadow,1920x1080,none,417,739.3429,785.5351,3
GOPR5844_004,train,meadow,1920x1080,none,417,785.5351,834.6133,5
GOPR5844_004,train,meadow,1920x1080,none,417,834.6133,886.7577,15
GOPR5844_004,train,meadow,1920x1080,none,417,886.7577,942.16,3
GOPR5844_004,train,meadow,1920x1080,none,417,942.16,1001.0237,5
GOPR5844_004,train,meadow,1920x1080,none,417,1001.0237,1063.565,1
GOPR5844_004,train,meadow,1920x1080,none,417,1063.565,1130.0138,11
GOPR5844_004,train,meadow,1920x1080,none,417,1130.0138,1200.6141,24
GOPR5844_004,train,meadow,1920x1080,none,417,1200.6141,1275.6253,27
GOPR5844_004,train,meadow,1920x1080,none,417,1275.6253,1355.323,25
GOPR5844_004,train,meadow,1920x1080,none,417,1355.323,1440.0,10
GOPR5844_004,train,meadow,1920x1080,none,417,1440.0,1529.9674,19
GOPR5844_004,train,meadow,1920x1080,none,417,1529.9674,1625.5557,11
GOPR5844_004,train,meadow,1920x1080,none,417,1625.5557,1727.1162,5
GOPR5845_001,train,meadow,1920x1080,none,601,1.0,1.0625,89139
GOPR5845_001,train,meadow,1920x1080,none,601,1.9477,2.0694,16931
GOPR5845_001,train,meadow,1920x1080,none,601,2.9768,3.1628,5471
GOPR5845_001,train,meadow,1920x1080,none,601,3.7934,4.0304,1869
GOPR5845_001,train,meadow,1920x1080,none,601,4.8341,5.1361,567
GOPR5845_001,train,meadow,1920x1080,none,601,5.7979,6.1601,618
GOPR5845_001,train,meadow,1920x1080,none,601,6.9539,7.3884,187
GOPR5845_001,train,meadow,1920x1080,none,601,7.85,8.3404,163
GOPR5845_001,train,meadow,1920x1080,none,601,8.8615,9.4152,122
GOPR5845_001,train,meadow,1920x1080,none,601,9.4152,10.0034,109
GOPR5845_001,train,meadow,1920x1080,none,601,10.6284,11.2924,72
GOPR5845_001,train,meadow,1920x1080,none,601,11.998,12.7476,76
GOPR5845_001,train,meadow,1920x1080,none,601,12.7476,13.544,52
GOPR5845_001,train,meadow,1920x1080,none,601,13.544,14.3902,40
GOPR5845_001,train,meadow,1920x1080,none,601,14.3902,15.2892,28
GOPR5845_001,train,meadow,1920x1080,none,601,15.2892,16.2445,22
GOPR5845_001,train,meadow,1920x1080,none,601,16.2445,17.2594,15
GOPR5845_001,train,meadow,1920x1080,none,601,17.2594,18.3377,15
GOPR5845_001,train,meadow,1920x1080,none,601,18.3377,19.4834,20
GOPR5845_001,train,meadow,1920x1080,none,601,19.4834,20.7007,13
GOPR5845_001,train,meadow,1920x1080,none,601,20.7007,21.994,18
GOPR5845_001,train,meadow,1920x1080,none,601,21.994,23.3681,39
GOPR5845_001,train,meadow,1920x1080,none,601,23.3681,24.8281,10
GOPR5845_001,train,meadow,1920x1080,none,601,24.8281,26.3793,23
GOPR5845_001,train,meadow,1920x1080,none,601,26.3793,28.0274,18
GOPR5845_001,train,meadow,1920x1080,none,601,28.0274,29.7785,12
GOPR5845_001,train,meadow,1920x1080,none,601,29.7785,31.639,12
GOPR5845_001,train,meadow,1920x1080,none,601,31.639,33.6157,7
GOPR5845_001,train,meadow,1920x1080,none,601,33.6157,35.7159,4
GOPR5845_001,train,meadow,1920x1080,none,601,35.7159,37.9473,4
GOPR5845_001,train,meadow,1920x1080,none,601,37.9473,40.3182,20
GOPR5845_001,train,meadow,1920x1080,none,601,40.3182,42.8372,7
GOPR5845_001,train,meadow,1920x1080,none,601,42.8372,45.5135,11
GOPR5845_001,train,meadow,1920x1080,none,601,45.5135,48.3571,21
GOPR5845_001,train,meadow,1920x1080,none,601,48.3571,51.3783,27
GOPR5845_001,train,meadow,1920x1080,none,601,51.3783,54.5883,17
GOPR5845_001,train,meadow,1920x1080,none,601,54.5883,57.9988,23
GOPR5845_001,train,meadow,1920x1080,none,601,57.9988,61.6224,16
GOPR5845_001,train,meadow,1920x1080,none,601,61.6224,65.4724,5
GOPR5845_001,train,meadow,1920x1080,none,601,69.563,73.9091,4
GOPR5845_001,train,meadow,1920x1080,none,601,73.9091,78.5267,7
GOPR5845_001,train,meadow,1920x1080,none,601,78.5267,83.4329,7
GOPR5845_001,train,meadow,1920x1080,none,601,83.4329,88.6455,9
GOPR5845_001,train,meadow,1920x1080,none,601,88.6455,94.1839,2
GOPR5845_001,train,meadow,1920x1080,none,601,94.1839,100.0682,3
GOPR5845_001,train,meadow,1920x1080,none,601,100.0682,106.3202,5
GOPR5845_001,train,meadow,1920x1080,none,601,106.3202,112.9628,2
GOPR5845_001,train,meadow,1920x1080,none,601,112.9628,120.0205,5
GOPR5845_001,train,meadow,1920x1080,none,601,120.0205,127.519,2
GOPR5845_001,train,meadow,1920x1080,none,601,127.519,135.4861,4
GOPR5845_001,train,meadow,1920x1080,none,601,135.4861,143.9509,5
GOPR5845_001,train,meadow,1920x1080,none,601,143.9509,152.9446,6
GOPR5845_001,train,meadow,1920x1080,none,601,152.9446,162.5001,3
GOPR5845_001,train,meadow,1920x1080,none,601,162.5001,172.6527,5
GOPR5845_001,train,meadow,1920x1080,none,601,172.6527,183.4396,12
GOPR5845_001,train,meadow,1920x1080,none,601,183.4396,194.9004,5
GOPR5845_001,train,meadow,1920x1080,none,601,194.9004,207.0773,7
GOPR5845_001,train,meadow,1920x1080,none,601,207.0773,220.0149,4
GOPR5845_001,train,meadow,1920x1080,none,601,220.0149,233.7609,3
GOPR5845_001,train,meadow,1920x1080,none,601,233.7609,248.3657,5
GOPR5845_001,train,meadow,1920x1080,none,601,248.3657,263.8829,1
GOPR5845_001,train,meadow,1920x1080,none,601,280.3696,297.8864,3
GOPR5845_001,train,meadow,1920x1080,none,601,297.8864,316.4975,1
GOPR5845_001,train,meadow,1920x1080,none,601,316.4975,336.2714,1
GOPR5845_004,train,meadow,1920x1080,none,391,1.0,1.0625,78577
GOPR5845_004,train,meadow,1920x1080,none,391,1.9477,2.0694,13636
GOPR5845_004,train,meadow,1920x1080,none,391,2.9768,3.1628,3915
GOPR5845_004,train,meadow,1920x1080,none,391,3.7934,4.0304,2668
GOPR5845_004,train,meadow,1920x1080,none,391,4.8341,5.1361,711
GOPR5845_004,train,meadow,1920x1080,none,391,5.7979,6.1601,317
GOPR5845_004,train,meadow,1920x1080,none,391,6.9539,7.3884,148
GOPR5845_004,train,meadow,1920x1080,none,391,7.85,8.3404,115
GOPR5845_004,train,meadow,1920x1080,none,391,8.8615,9.4152,88
GOPR5845_004,train,meadow,1920x1080,none,391,9.4152,10.0034,78
GOPR5845_004,train,meadow,1920x1080,none,391,10.6284,11.2924,52
GOPR5845_004,train,meadow,1920x1080,none,391,11.998,12.7476,50
GOPR5845_004,train,meadow,1920x1080,none,391,12.7476,13.544,44
GOPR5845_004,train,meadow,1920x1080,none,391,13.544,14.3902,36
GOPR5845_004,train,meadow,1920x1080,none,391,14.3902,15.2892,18
GOPR5845_004,train,meadow,1920x1080,none,391,15.2892,16.2445,29
GOPR5845_004,train,meadow,1920x1080,none,391,16.2445,17.2594,33
GOPR5845_004,train,meadow,1920x1080,none,391,17.2594,18.3377,31
GOPR5845_004,train,meadow,1920x1080,none,391,18.3377,19.4834,20
GOPR5845_004,train,meadow,1920x1080,none,391,19.4834,20.7007,18
GOPR5845_004,train,meadow,1920x1080,none,391,20.7007,21.994,18
GOPR5845_004,train,meadow,1920x1080,none,391,21.994,23.3681,30
GOPR5845_004,train,meadow,1920x1080,none,391,23.3681,24.8281,21
GOPR5845_004,train,meadow,1920x1080,none,391,24.8281,26.3793,28
GOPR5845_004,train,meadow,1920x1080,none,391,26.3793,28.0274,30
GOPR5845_004,train,meadow,1920x1080,none,391,28.0274,29.7785,16
GOPR5845_004,train,meadow,1920x1080,none,391,29.7785,31.639,33
GOPR5845_004,train,meadow,1920x1080,none,391,31.639,33.6157,28
GOPR5845_004,train,meadow,1920x1080,none,391,33.6157,35.7159,15
GOPR5845_004,train,meadow,1920x1080,none,391,35.7159,37.9473,10
GOPR5845_004,train,meadow,1920x1080,none,391,37.9473,40.3182,22
GOPR5845_004,train,meadow,1920x1080,none,391,40.3182,42.8372,12
GOPR5845_004,train,meadow,1920x1080,none,391,42.8372,45.5135,40
GOPR5845_004,train,meadow,1920x1080,none,391,45.5135,48.3571,37
GOPR5845_004,train,meadow,1920x1080,none,391,48.3571,51.3783,43
GOPR5845_004,train,meadow,1920x1080,none,391,51.3783,54.5883,33
GOPR5845_004,train,meadow,1920x1080,none,391,54.5883,57.9988,42
GOPR5845_004,train,meadow,1920x1080,none,391,57.9988,61.6224,35
GOPR5845_004,train,meadow,1920x1080,none,391,61.6224,65.4724,23
GOPR5845_004,train,meadow,1920x1080,none,391,65.4724,69.563,14
GOPR5845_004,train,meadow,1920x1080,none,391,69.563,73.9091,12
GOPR5845_004,train,meadow,1920x1080,none,391,73.9091,78.5267,12
GOPR5845_004,train,meadow,1920x1080,none,391,78.5267,83.4329,14
GOPR5845_004,train,meadow,1920x1080,none,391,83.4329,88.6455,15
GOPR5845_004,train,meadow,1920x1080,none,391,88.6455,94.1839,14
GOPR5845_004,train,meadow,1920x1080,none,391,94.1839,100.0682,16
GOPR5845_004,train,meadow,1920x1080,none,391,100.0682,106.3202,16
GOPR5845_004,train,meadow,1920x1080,none,391,106.3202,112.9628,9
GOPR5845_004,train,meadow,1920x1080,none,391,112.9628,120.0205,22
GOPR5845_004,train,meadow,1920x1080,none,391,120.0205,127.519,13
GOPR5845_004,train,meadow,1920x1080,none,391,127.519,135.4861,3
GOPR5845_004,train,meadow,1920x1080,none,391,135.4861,143.9509,9
GOPR5845_004,train,meadow,1920x1080,none,391,143.9509,152.9446,8
GOPR5845_004,train,meadow,1920x1080,none,391,152.9446,162.5001,7
GOPR5845_004,train,meadow,1920x1080,none,391,162.5001,172.6527,8
GOPR5845_004,train,meadow,1920x1080,none,391,172.6527,183.4396,8
GOPR5845_004,train,meadow,1920x1080,none,391,183.4396,194.9004,8
GOPR5845_004,train,meadow,1920x1080,none,391,194.9004,207.0773,9
GOPR5845_004,train,meadow,1920x1080,none,391,207.0773,220.0149,6
GOPR5845_004,train,meadow,1920x1080,none,391,220.0149,233.7609,9
GOPR5845_004,train,meadow,1920x1080,none,391,233.7609,248.3657,3
GOPR5845_004,train,meadow,1920x1080,none,391,248.3657,263.8829,1
GOPR5845_004,train,meadow,1920x1080,none,391,263.8829,280.3696,3
GOPR5845_004,train,meadow,1920x1080,none,391,280.3696,297.8864,4
GOPR5845_004,train,meadow,1920x1080,none,391,297.8864,316.4975,3
GOPR5845_004,train,meadow,1920x1080,none,391,316.4975,336.2714,4
GOPR5845_004,train,meadow,1920x1080,none,391,357.2808,379.6028,2
GOPR5845_004,train,meadow,1920x1080,none,391,379.6028,403.3193,2
GOPR5845_004,train,meadow,1920x1080,none,391,403.3193,428.5177,2
GOPR5845_004,train,meadow,1920x1080,none,391,428.5177,455.2903,2
GOPR5845_004,train,meadow,1920x1080,none,391,455.2903,483.7357,1
GOPR5845_004,train,meadow,1920x1080,none,391,580.1859,616.4344,1
GOPR5845_004,train,meadow,1920x1080,none,391,654.9476,695.867,2
GOPR5845_004,train,meadow,1920x1080,none,391,695.867,739.3429,2
GOPR5845_004,train,meadow,1920x1080,none,391,739.3429,785.5351,1
GOPR5845_004,train,meadow,1920x1080,none,391,785.5351,834.6133,1
GOPR5846_002,val,meadow,1920x1080,none,686,1.0,1.0625,121081
GOPR5846_002,val,meadow,1920x1080,none,686,1.9477,2.0694,18750
GOPR5846_002,val,meadow,1920x1080,none,686,2.9768,3.1628,6122
GOPR5846_002,val,meadow,1920x1080,none,686,3.7934,4.0304,3055
GOPR5846_002,val,meadow,1920x1080,none,686,4.8341,5.1361,1871
GOPR5846_002,val,meadow,1920x1080,none,686,5.7979,6.1601,1259
GOPR5846_002,val,meadow,1920x1080,none,686,6.9539,7.3884,1028
GOPR5846_002,val,meadow,1920x1080,none,686,7.85,8.3404,792
GOPR5846_002,val,meadow,1920x1080,none,686,8.8615,9.4152,596
GOPR5846_002,val,meadow,1920x1080,none,686,9.4152,10.0034,481
GOPR5846_002,val,meadow,1920x1080,none,686,10.6284,11.2924,436
GOPR5846_002,val,meadow,1920x1080,none,686,11.998,12.7476,355
GOPR5846_002,val,meadow,1920x1080,none,686,12.7476,13.544,333
GOPR5846_002,val,meadow,1920x1080,none,686,13.544,14.3902,284
GOPR5846_002,val,meadow,1920x1080,none,686,14.3902,15.2892,250
GOPR5846_002,val,meadow,1920x1080,none,686,15.2892,16.2445,224
GOPR5846_002,val,meadow,1920x1080,none,686,16.2445,17.2594,245
GOPR5846_002,val,meadow,1920x1080,none,686,17.2594,18.3377,221
GOPR5846_002,val,meadow,1920x1080,none,686,18.3377,19.4834,165
GOPR5846_002,val,meadow,1920x1080,none,686,19.4834,20.7007,157
GOPR5846_002,val,meadow,1920x1080,none,686,20.7007,21.994,134
GOPR5846_002,val,meadow,1920x1080,none,686,21.994,23.3681,271
GOPR5846_002,val,meadow,1920x1080,none,686,23.3681,24.8281,94
GOPR5846_002,val,meadow,1920x1080,none,686,24.8281,26.3793,188
GOPR5846_002,val,meadow,1920x1080,none,686,26.3793,28.0274,149
GOPR5846_002,val,meadow,1920x1080,none,686,28.0274,29.7785,66
GOPR5846_002,val,meadow,1920x1080,none,686,29.7785,31.639,118
GOPR5846_002,val,meadow,1920x1080,none,686,31.639,33.6157,113
GOPR5846_002,val,meadow,1920x1080,none,686,33.6157,35.7159,87
GOPR5846_002,val,meadow,1920x1080,none,686,35.7159,37.9473,63
GOPR5846_002,val,meadow,1920x1080,none,686,37.9473,40.3182,108
GOPR5846_002,val,meadow,1920x1080,none,686,40.3182,42.8372,79
GOPR5846_002,val,meadow,1920x1080,none,686,42.8372,45.5135,111
GOPR5846_002,val,meadow,1920x1080,none,686,45.5135,48.3571,85
GOPR5846_002,val,meadow,1920x1080,none,686,48.3571,51.3783,72
GOPR5846_002,val,meadow,1920x1080,none,686,51.3783,54.5883,54
GOPR5846_002,val,meadow,1920x1080,none,686,54.5883,57.9988,54
GOPR5846_002,val,meadow,1920x1080,none,686,57.9988,61.6224,58
GOPR5846_002,val,meadow,1920x1080,none,686,61.6224,65.4724,34
GOPR5846_002,val,meadow,1920x1080,none,686,65.4724,69.563,31
GOPR5846_002,val,meadow,1920x1080,none,686,69.563,73.9091,25
GOPR5846_002,val,meadow,1920x1080,none,686,73.9091,78.5267,19
GOPR5846_002,val,meadow,1920x1080,none,686,78.5267,83.4329,20
GOPR5846_002,val,meadow,1920x1080,none,686,83.4329,88.6455,23
GOPR5846_002,val,meadow,1920x1080,none,686,88.6455,94.1839,22
GOPR5846_002,val,meadow,1920x1080,none,686,94.1839,100.0682,20
GOPR5846_002,val,meadow,1920x1080,none,686,100.0682,106.3202,18
GOPR5846_002,val,meadow,1920x1080,none,686,106.3202,112.9628,9
GOPR5846_002,val,meadow,1920x1080,none,686,112.9628,120.0205,21
GOPR5846_002,val,meadow,1920x1080,none,686,120.0205,127.519,24
GOPR5846_002,val,meadow,1920x1080,none,686,127.519,135.4861,15
GOPR5846_002,val,meadow,1920x1080,none,686,135.4861,143.9509,12
GOPR5846_002,val,meadow,1920x1080,none,686,143.9509,152.9446,18
GOPR5846_002,val,meadow,1920x1080,none,686,152.9446,162.5001,13
GOPR5846_002,val,meadow,1920x1080,none,686,162.5001,172.6527,5
GOPR5846_002,val,meadow,1920x1080,none,686,172.6527,183.4396,13
GOPR5846_002,val,meadow,1920x1080,none,686,183.4396,194.9004,6
GOPR5846_002,val,meadow,1920x1080,none,686,194.9004,207.0773,6
GOPR5846_002,val,meadow,1920x1080,none,686,207.0773,220.0149,7
GOPR5846_002,val,meadow,1920x1080,none,686,220.0149,233.7609,11
GOPR5846_002,val,meadow,1920x1080,none,686,233.7609,248.3657,5
GOPR5846_002,val,meadow,1920x1080,none,686,248.3657,263.8829,7
GOPR5846_002,val,meadow,1920x1080,none,686,263.8829,280.3696,8
GOPR5846_002,val,meadow,1920x1080,none,686,280.3696,297.8864,6
GOPR5846_002,val,meadow,1920x1080,none,686,297.8864,316.4975,5
GOPR5846_002,val,meadow,1920x1080,none,686,316.4975,336.2714,5
GOPR5846_002,val,meadow,1920x1080,none,686,336.2714,357.2808,4
GOPR5846_002,val,meadow,1920x1080,none,686,357.2808,379.6028,2
GOPR5846_002,val,meadow,1920x1080,none,686,379.6028,403.3193,5
GOPR5846_002,val,meadow,1920x1080,none,686,403.3193,428.5177,2
GOPR5846_002,val,meadow,1920x1080,none,686,428.5177,455.2903,4
GOPR5846_002,val,meadow,1920x1080,none,686,455.2903,483.7357,4
GOPR5846_002,val,meadow,1920x1080,none,686,483.7357,513.9582,4
GOPR5846_002,val,meadow,1920x1080,none,686,513.9582,546.069,4
GOPR5846_002,val,meadow,1920x1080,none,686,546.069,580.1859,4
GOPR5846_002,val,meadow,1920x1080,none,686,580.1859,616.4344,8
GOPR5846_002,val,meadow,1920x1080,none,686,616.4344,654.9476,2
GOPR5846_002,val,meadow,1920x1080,none,686,654.9476,695.867,5
GOPR5846_002,val,meadow,1920x1080,none,686,695.867,739.3429,2
GOPR5846_002,val,meadow,1920x1080,none,686,739.3429,785.5351,3
GOPR5846_002,val,meadow,1920x1080,none,686,785.5351,834.6133,5
GOPR5846_002,val,meadow,1920x1080,none,686,834.6133,886.7577,3
GOPR5846_002,val,meadow,1920x1080,none,686,886.7577,942.16,1
GOPR5846_002,val,meadow,1920x1080,none,686,942.16,1001.0237,2
GOPR5846_002,val,meadow,1920x1080,none,686,1063.565,1130.0138,5
GOPR5846_002,val,meadow,1920x1080,none,686,1130.0138,1200.6141,1
GOPR5846_002,val,meadow,1920x1080,none,686,1200.6141,1275.6253,4
GOPR5846_002,val,meadow,1920x1080,none,686,1275.6253,1355.323,3
GOPR5846_002,val,meadow,1920x1080,none,686,1355.323,1440.0,3
GOPR5846_002,val,meadow,1920x1080,none,686,1440.0,1529.9674,2
GOPR5846_002,val,meadow,1920x1080,none,686,1529.9674,1625.5557,3
GOPR5846_002,val,meadow,1920x1080,none,686,1625.5557,1727.1162,1
GOPR5846_002,val,meadow,1920x1080,none,686,1727.1162,1835.0219,2
GOPR5846_002,val,meadow,1920x1080,none,686,1835.0219,1949.6692,4
GOPR5846_002,val,meadow,1920x1080,none,686,1949.6692,2071.4794,8
GOPR5846_005,val,meadow,1920x1080,none,450,1.0,1.0625,98461
GOPR5846_005,val,meadow,1920x1080,none,450,1.9477,2.0694,11976
GOPR5846_005,val,meadow,1920x1080,none,450,2.9768,3.1628,4199
GOPR5846_005,val,meadow,1920x1080,none,450,3.7934,4.0304,1874
GOPR5846_005,val,meadow,1920x1080,none,450,4.8341,5.1361,1210
GOPR5846_005,val,meadow,1920x1080,none,450,5.7979,6.1601,909
GOPR5846_005,val,meadow,1920x1080,none,450,6.9539,7.3884,697
GOPR5846_005,val,meadow,1920x1080,none,450,7.85,8.3404,517
GOPR5846_005,val,meadow,1920x1080,none,450,8.8615,9.4152,355
GOPR5846_005,val,meadow,1920x1080,none,450,9.4152,10.0034,242
GOPR5846_005,val,meadow,1920x1080,none,450,10.6284,11.2924,205
GOPR5846_005,val,meadow,1920x1080,none,450,11.998,12.7476,170
GOPR5846_005,val,meadow,1920x1080,none,450,12.7476,13.544,150
GOPR5846_005,val,meadow,1920x1080,none,450,13.544,14.3902,145
GOPR5846_005,val,meadow,1920x1080,none,450,14.3902,15.2892,103
GOPR5846_005,val,meadow,1920x1080,none,450,15.2892,16.2445,118
GOPR5846_005,val,meadow,1920x1080,none,450,16.2445,17.2594,124
GOPR5846_005,val,meadow,1920x1080,none,450,17.2594,18.3377,104
GOPR5846_005,val,meadow,1920x1080,none,450,18.3377,19.4834,86
GOPR5846_005,val,meadow,1920x1080,none,450,19.4834,20.7007,66
GOPR5846_005,val,meadow,1920x1080,none,450,20.7007,21.994,73
GOPR5846_005,val,meadow,1920x1080,none,450,21.994,23.3681,100
GOPR5846_005,val,meadow,1920x1080,none,450,23.3681,24.8281,50
GOPR5846_005,val,meadow,1920x1080,none,450,24.8281,26.3793,73
GOPR5846_005,val,meadow,1920x1080,none,450,26.3793,28.0274,69
GOPR5846_005,val,meadow,1920x1080,none,450,28.0274,29.7785,37
GOPR5846_005,val,meadow,1920x1080,none,450,29.7785,31.639,69
GOPR5846_005,val,meadow,1920x1080,none,450,31.639,33.6157,37
GOPR5846_005,val,meadow,1920x1080,none,450,33.6157,35.7159,53
GOPR5846_005,val,meadow,1920x1080,none,450,35.7159,37.9473,36
GOPR5846_005,val,meadow,1920x1080,none,450,37.9473,40.3182,41
GOPR5846_005,val,meadow,1920x1080,none,450,40.3182,42.8372,25
GOPR5846_005,val,meadow,1920x1080,none,450,42.8372,45.5135,37
GOPR5846_005,val,meadow,1920x1080,none,450,45.5135,48.3571,31
GOPR5846_005,val,meadow,1920x1080,none,450,48.3571,51.3783,35
GOPR5846_005,val,meadow,1920x1080,none,450,51.3783,54.5883,30
GOPR5846_005,val,meadow,1920x1080,none,450,54.5883,57.9988,24
GOPR5846_005,val,meadow,1920x1080,none,450,57.9988,61.6224,18
GOPR5846_005,val,meadow,1920x1080,none,450,61.6224,65.4724,24
GOPR5846_005,val,meadow,1920x1080,none,450,65.4724,69.563,25
GOPR5846_005,val,meadow,1920x1080,none,450,69.563,73.9091,36
GOPR5846_005,val,meadow,1920x1080,none,450,73.9091,78.5267,29
GOPR5846_005,val,meadow,1920x1080,none,450,78.5267,83.4329,21
GOPR5846_005,val,meadow,1920x1080,none,450,83.4329,88.6455,14
GOPR5846_005,val,meadow,1920x1080,none,450,88.6455,94.1839,12
GOPR5846_005,val,meadow,1920x1080,none,450,94.1839,100.0682,4
GOPR5846_005,val,meadow,1920x1080,none,450,100.0682,106.3202,2
GOPR5846_005,val,meadow,1920x1080,none,450,106.3202,112.9628,3
GOPR5846_005,val,meadow,1920x1080,none,450,127.519,135.4861,3
GOPR5846_005,val,meadow,1920x1080,none,450,135.4861,143.9509,2
GOPR5846_005,val,meadow,1920x1080,none,450,143.9509,152.9446,3
GOPR5846_005,val,meadow,1920x1080,none,450,152.9446,162.5001,4
GOPR5847_003,train,lake,1920x1080,none,496,1.0,1.0625,252213
GOPR5847_003,train,lake,1920x1080,none,496,1.9477,2.0694,61764
GOPR5847_003,train,lake,1920x1080,none,496,2.9768,3.1628,25808
GOPR5847_003,train,lake,1920x1080,none,496,3.7934,4.0304,13986
GOPR5847_003,train,lake,1920x1080,none,496,4.8341,5.1361,8434
GOPR5847_003,train,lake,1920x1080,none,496,5.7979,6.1601,5606
GOPR5847_003,train,lake,1920x1080,none,496,6.9539,7.3884,3961
GOPR5847_003,train,lake,1920x1080,none,496,7.85,8.3404,2773
GOPR5847_003,train,lake,1920x1080,none,496,8.8615,9.4152,2190
GOPR5847_003,train,lake,1920x1080,none,496,9.4152,10.0034,1629
GOPR5847_003,train,lake,1920x1080,none,496,10.6284,11.2924,1335
GOPR5847_003,train,lake,1920x1080,none,496,11.998,12.7476,1060
GOPR5847_003,train,lake,1920x1080,none,496,12.7476,13.544,893
GOPR5847_003,train,lake,1920x1080,none,496,13.544,14.3902,714
GOPR5847_003,train,lake,1920x1080,none,496,14.3902,15.2892,649
GOPR5847_003,train,lake,1920x1080,none,496,15.2892,16.2445,551
GOPR5847_003,train,lake,1920x1080,none,496,16.2445,17.2594,465
GOPR5847_003,train,lake,1920x1080,none,496,17.2594,18.3377,426
GOPR5847_003,train,lake,1920x1080,none,496,18.3377,19.4834,375
GOPR5847_003,train,lake,1920x1080,none,496,19.4834,20.7007,322
GOPR5847_003,train,lake,1920x1080,none,496,20.7007,21.994,305
GOPR5847_003,train,lake,1920x1080,none,496,21.994,23.3681,523
GOPR5847_003,train,lake,1920x1080,none,496,23.3681,24.8281,203
GOPR5847_003,train,lake,1920x1080,none,496,24.8281,26.3793,375
GOPR5847_003,train,lake,1920x1080,none,496,26.3793,28.0274,287
GOPR5847_003,train,lake,1920x1080,none,496,28.0274,29.7785,123
GOPR5847_003,train,lake,1920x1080,none,496,29.7785,31.639,227
GOPR5847_003,train,lake,1920x1080,none,496,31.639,33.6157,198
GOPR5847_003,train,lake,1920x1080,none,496,33.6157,35.7159,115
GOPR5847_003,train,lake,1920x1080,none,496,35.7159,37.9473,111
GOPR5847_003,train,lake,1920x1080,none,496,37.9473,40.3182,159
GOPR5847_003,train,lake,1920x1080,none,496,40.3182,42.8372,62
GOPR5847_003,train,lake,1920x1080,none,496,42.8372,45.5135,108
GOPR5847_003,train,lake,1920x1080,none,496,45.5135,48.3571,96
GOPR5847_003,train,lake,1920x1080,none,496,48.3571,51.3783,62
GOPR5847_003,train,lake,1920x1080,none,496,51.3783,54.5883,70
GOPR5847_003,train,lake,1920x1080,none,496,54.5883,57.9988,53
GOPR5847_003,train,lake,1920x1080,none,496,57.9988,61.6224,43
GOPR5847_003,train,lake,1920x1080,none,496,61.6224,65.4724,44
GOPR5847_003,train,lake,1920x1080,none,496,65.4724,69.563,33
GOPR5847_003,train,lake,1920x1080,none,496,69.563,73.9091,34
GOPR5847_003,train,lake,1920x1080,none,496,73.9091,78.5267,45
GOPR5847_003,train,lake,1920x1080,none,496,78.5267,83.4329,35
GOPR5847_003,train,lake,1920x1080,none,496,83.4329,88.6455,31
GOPR5847_003,train,lake,1920x1080,none,496,88.6455,94.1839,24
GOPR5847_003,train,lake,1920x1080,none,496,94.1839,100.0682,19
GOPR5847_003,train,lake,1920x1080,none,496,100.0682,106.3202,19
GOPR5847_003,train,lake,1920x1080,none,496,106.3202,112.9628,11
GOPR5847_003,train,lake,1920x1080,none,496,112.9628,120.0205,14
GOPR5847_003,train,lake,1920x1080,none,496,120.0205,127.519,8
GOPR5847_003,train,lake,1920x1080,none,496,127.519,135.4861,11
GOPR5847_003,train,lake,1920x1080,none,496,135.4861,143.9509,4
GOPR5847_003,train,lake,1920x1080,none,496,143.9509,152.9446,7
GOPR5847_003,train,lake,1920x1080,none,496,152.9446,162.5001,6
GOPR5847_003,train,lake,1920x1080,none,496,162.5001,172.6527,8
GOPR5847_003,train,lake,1920x1080,none,496,172.6527,183.4396,3
GOPR5847_003,train,lake,1920x1080,none,496,183.4396,194.9004,11
GOPR5847_003,train,lake,1920x1080,none,496,194.9004,207.0773,22
GOPR5847_003,train,lake,1920x1080,none,496,207.0773,220.0149,20
GOPR5847_003,train,lake,1920x1080,none,496,220.0149,233.7609,3
GOPR5847_003,train,lake,1920x1080,none,496,248.3657,263.8829,2
GOPR5847_003,train,lake,1920x1080,none,496,263.8829,280.3696,3
GOPR5847_003,train,lake,1920x1080,none,496,280.3696,297.8864,2
GOPR5847_003,train,lake,1920x1080,none,496,297.8864,316.4975,1
GOPR5847_003,train,lake,1920x1080,none,496,316.4975,336.2714,2
GOPR5847_003,train,lake,1920x1080,none,496,357.2808,379.6028,1
GOPR5847_003,train,lake,1920x1080,none,496,379.6028,403.3193,2
GOPR5847_003,train,lake,1920x1080,none,496,403.3193,428.5177,2
GOPR5847_003,train,lake,1920x1080,none,496,428.5177,455.2903,4
GOPR5847_003,train,lake,1920x1080,none,496,455.2903,483.7357,1
GOPR5847_003,train,lake,1920x1080,none,496,483.7357,513.9582,3
GOPR5847_004,train,lake,1920x1080,none,721,1.0,1.0625,260928
GOPR5847_004,train,lake,1920x1080,none,721,1.9477,2.0694,65100
GOPR5847_004,train,lake,1920x1080,none,721,2.9768,3.1628,26658
GOPR5847_004,train,lake,1920x1080,none,721,3.7934,4.0304,14037
GOPR5847_004,train,lake,1920x1080,none,721,4.8341,5.1361,9059
GOPR5847_004,train,lake,1920x1080,none,721,5.7979,6.1601,6319
GOPR5847_004,train,lake,1920x1080,none,721,6.9539,7.3884,4626
GOPR5847_004,train,lake,1920x1080,none,721,7.85,8.3404,3498
GOPR5847_004,train,lake,1920x1080,none,721,8.8615,9.4152,2721
GOPR5847_004,train,lake,1920x1080,none,721,9.4152,10.0034,2206
GOPR5847_004,train,lake,1920x1080,none,721,10.6284,11.2924,1864
GOPR5847_004,train,lake,1920x1080,none,721,11.998,12.7476,1584
GOPR5847_004,train,lake,1920x1080,none,721,12.7476,13.544,1373
GOPR5847_004,train,lake,1920x1080,none,721,13.544,14.3902,1132
GOPR5847_004,train,lake,1920x1080,none,721,14.3902,15.2892,993
GOPR5847_004,train,lake,1920x1080,none,721,15.2892,16.2445,845
GOPR5847_004,train,lake,1920x1080,none,721,16.2445,17.2594,694
GOPR5847_004,train,lake,1920x1080,none,721,17.2594,18.3377,609
GOPR5847_004,train,lake,1920x1080,none,721,18.3377,19.4834,531
GOPR5847_004,train,lake,1920x1080,none,721,19.4834,20.7007,457
GOPR5847_004,train,lake,1920x1080,none,721,20.7007,21.994,400
GOPR5847_004,train,lake,1920x1080,none,721,21.994,23.3681,673
GOPR5847_004,train,lake,1920x1080,none,721,23.3681,24.8281,314
GOPR5847_004,train,lake,1920x1080,none,721,24.8281,26.3793,459
GOPR5847_004,train,lake,1920x1080,none,721,26.3793,28.0274,372
GOPR5847_004,train,lake,1920x1080,none,721,28.0274,29.7785,173
GOPR5847_004,train,lake,1920x1080,none,721,29.7785,31.639,322
GOPR5847_004,train,lake,1920x1080,none,721,31.639,33.6157,257
GOPR5847_004,train,lake,1920x1080,none,721,33.6157,35.7159,215
GOPR5847_004,train,lake,1920x1080,none,721,35.7159,37.9473,178
GOPR5847_004,train,lake,1920x1080,none,721,37.9473,40.3182,239
GOPR5847_004,train,lake,1920x1080,none,721,40.3182,42.8372,137
GOPR5847_004,train,lake,1920x1080,none,721,42.8372,45.5135,161
GOPR5847_004,train,lake,1920x1080,none,721,45.5135,48.3571,134
GOPR5847_004,train,lake,1920x1080,none,721,48.3571,51.3783,107
GOPR5847_004,train,lake,1920x1080,none,721,51.3783,54.5883,79
GOPR5847_004,train,lake,1920x1080,none,721,54.5883,57.9988,73
GOPR5847_004,train,lake,1920x1080,none,721,57.9988,61.6224,81
GOPR5847_004,train,lake,1920x1080,none,721,61.6224,65.4724,88
GOPR5847_004,train,lake,1920x1080,none,721,65.4724,69.563,54
GOPR5847_004,train,lake,1920x1080,none,721,69.563,73.9091,68
GOPR5847_004,train,lake,1920x1080,none,721,73.9091,78.5267,59
GOPR5847_004,train,lake,1920x1080,none,721,78.5267,83.4329,36
GOPR5847_004,train,lake,1920x1080,none,721,83.4329,88.6455,37
GOPR5847_004,train,lake,1920x1080,none,721,88.6455,94.1839,37
GOPR5847_004,train,lake,1920x1080,none,721,94.1839,100.0682,37
GOPR5847_004,train,lake,1920x1080,none,721,100.0682,106.3202,25
GOPR5847_004,train,lake,1920x1080,none,721,106.3202,112.9628,21
GOPR5847_004,train,lake,1920x1080,none,721,112.9628,120.0205,20
GOPR5847_004,train,lake,1920x1080,none,721,120.0205,127.519,15
GOPR5847_004,train,lake,1920x1080,none,721,127.519,135.4861,19
GOPR5847_004,train,lake,1920x1080,none,721,135.4861,143.9509,12
GOPR5847_004,train,lake,1920x1080,none,721,143.9509,152.9446,16
GOPR5847_004,train,lake,1920x1080,none,721,152.9446,162.5001,16
GOPR5847_004,train,lake,1920x1080,none,721,162.5001,172.6527,16
GOPR5847_004,train,lake,1920x1080,none,721,172.6527,183.4396,14
GOPR5847_004,train,lake,1920x1080,none,721,183.4396,194.9004,26
GOPR5847_004,train,lake,1920x1080,none,721,194.9004,207.0773,34
GOPR5847_004,train,lake,1920x1080,none,721,207.0773,220.0149,21
GOPR5847_004,train,lake,1920x1080,none,721,220.0149,233.7609,12
GOPR5847_004,train,lake,1920x1080,none,721,233.7609,248.3657,6
GOPR5847_004,train,lake,1920x1080,none,721,248.3657,263.8829,12
GOPR5847_004,train,lake,1920x1080,none,721,263.8829,280.3696,4
GOPR5847_004,train,lake,1920x1080,none,721,280.3696,297.8864,11
GOPR5847_004,train,lake,1920x1080,none,721,297.8864,316.4975,12
GOPR5847_004,train,lake,1920x1080,none,721,316.4975,336.2714,16
GOPR5847_004,train,lake,1920x1080,none,721,336.2714,357.2808,15
GOPR5847_004,train,lake,1920x1080,none,721,357.2808,379.6028,18
GOPR5847_004,train,lake,1920x1080,none,721,379.6028,403.3193,15
GOPR5847_004,train,lake,1920x1080,none,721,403.3193,428.5177,10
GOPR5847_004,train,lake,1920x1080,none,721,428.5177,455.2903,5
GOPR5847_004,train,lake,1920x1080,none,721,455.2903,483.7357,2
GOPR5847_004,train,lake,1920x1080,none,721,483.7357,513.9582,3
GOPR5847_004,train,lake,1920x1080,none,721,513.9582,546.069,8
GOPR5847_004,train,lake,1920x1080,none,721,546.069,580.1859,7
GOPR5847_004,train,lake,1920x1080,none,721,580.1859,616.4344,8
GOPR5847_004,train,lake,1920x1080,none,721,616.4344,654.9476,5
GOPR5847_004,train,lake,1920x1080,none,721,654.9476,695.867,8
GOPR5847_004,train,lake,1920x1080,none,721,695.867,739.3429,5
GOPR5847_004,train,lake,1920x1080,none,721,739.3429,785.5351,1
GOPR5847_004,train,lake,1920x1080,none,721,785.5351,834.6133,1
GOPR5848_002,train,meadow,1920x1080,none,511,1.0,1.0625,75191
GOPR5848_002,train,meadow,1920x1080,none,511,1.9477,2.0694,14811
GOPR5848_002,train,meadow,1920x1080,none,511,2.9768,3.1628,5637
GOPR5848_002,train,meadow,1920x1080,none,511,3.7934,4.0304,3033
GOPR5848_002,train,meadow,1920x1080,none,511,4.8341,5.1361,1907
GOPR5848_002,train,meadow,1920x1080,none,511,5.7979,6.1601,1344
GOPR5848_002,train,meadow,1920x1080,none,511,6.9539,7.3884,1012
GOPR5848_002,train,meadow,1920x1080,none,511,7.85,8.3404,645
GOPR5848_002,train,meadow,1920x1080,none,511,8.8615,9.4152,493
GOPR5848_002,train,meadow,1920x1080,none,511,9.4152,10.0034,357
GOPR5848_002,train,meadow,1920x1080,none,511,10.6284,11.2924,332
GOPR5848_002,train,meadow,1920x1080,none,511,11.998,12.7476,277
GOPR5848_002,train,meadow,1920x1080,none,511,12.7476,13.544,319
GOPR5848_002,train,meadow,1920x1080,none,511,13.544,14.3902,244
GOPR5848_002,train,meadow,1920x1080,none,511,14.3902,15.2892,232
GOPR5848_002,train,meadow,1920x1080,none,511,15.2892,16.2445,221
GOPR5848_002,train,meadow,1920x1080,none,511,16.2445,17.2594,182
GOPR5848_002,train,meadow,1920x1080,none,511,17.2594,18.3377,120
GOPR5848_002,train,meadow,1920x1080,none,511,18.3377,19.4834,117
GOPR5848_002,train,meadow,1920x1080,none,511,19.4834,20.7007,126
GOPR5848_002,train,meadow,1920x1080,none,511,20.7007,21.994,90
GOPR5848_002,train,meadow,1920x1080,none,511,21.994,23.3681,130
GOPR5848_002,train,meadow,1920x1080,none,511,23.3681,24.8281,83
GOPR5848_002,train,meadow,1920x1080,none,511,24.8281,26.3793,121
GOPR5848_002,train,meadow,1920x1080,none,511,26.3793,28.0274,100
GOPR5848_002,train,meadow,1920x1080,none,511,28.0274,29.7785,41
GOPR5848_002,train,meadow,1920x1080,none,511,29.7785,31.639,67
GOPR5848_002,train,meadow,1920x1080,none,511,31.639,33.6157,60
GOPR5848_002,train,meadow,1920x1080,none,511,33.6157,35.7159,42
GOPR5848_002,train,meadow,1920x1080,none,511,35.7159,37.9473,26
GOPR5848_002,train,meadow,1920x1080,none,511,37.9473,40.3182,23
GOPR5848_002,train,meadow,1920x1080,none,511,40.3182,42.8372,32
GOPR5848_002,train,meadow,1920x1080,none,511,42.8372,45.5135,28
GOPR5848_002,train,meadow,1920x1080,none,511,45.5135,48.3571,18
GOPR5848_002,train,meadow,1920x1080,none,511,48.3571,51.3783,11
GOPR5848_002,train,meadow,1920x1080,none,511,51.3783,54.5883,27
GOPR5848_002,train,meadow,1920x1080,none,511,54.5883,57.9988,21
GOPR5848_002,train,meadow,1920x1080,none,511,57.9988,61.6224,62
GOPR5848_002,train,meadow,1920x1080,none,511,61.6224,65.4724,25
GOPR5848_002,train,meadow,1920x1080,none,511,65.4724,69.563,5
GOPR5848_002,train,meadow,1920x1080,none,511,69.563,73.9091,17
GOPR5848_002,train,meadow,1920x1080,none,511,73.9091,78.5267,16
GOPR5848_002,train,meadow,1920x1080,none,511,78.5267,83.4329,1
GOPR5848_002,train,meadow,1920x1080,none,511,83.4329,88.6455,3
GOPR5848_002,train,meadow,1920x1080,none,511,88.6455,94.1839,5
GOPR5848_002,train,meadow,1920x1080,none,511,94.1839,100.0682,3
GOPR5848_002,train,meadow,1920x1080,none,511,100.0682,106.3202,5
GOPR5848_002,train,meadow,1920x1080,none,511,106.3202,112.9628,3
GOPR5848_002,train,meadow,1920x1080,none,511,112.9628,120.0205,8
GOPR5848_002,train,meadow,1920x1080,none,511,120.0205,127.519,3
GOPR5848_002,train,meadow,1920x1080,none,511,127.519,135.4861,3
GOPR5848_002,train,meadow,1920x1080,none,511,135.4861,143.9509,3
GOPR5848_002,train,meadow,1920x1080,none,511,143.9509,152.9446,3
GOPR5848_002,train,meadow,1920x1080,none,511,172.6527,183.4396,2
GOPR5848_002,train,meadow,1920x1080,none,511,183.4396,194.9004,1
GOPR5848_002,train,meadow,1920x1080,none,511,194.9004,207.0773,2
GOPR5848_002,train,meadow,1920x1080,none,511,207.0773,220.0149,3
GOPR5848_002,train,meadow,1920x1080,none,511,233.7609,248.3657,1
GOPR5848_002,train,meadow,1920x1080,none,511,248.3657,263.8829,7
GOPR5848_002,train,meadow,1920x1080,none,511,263.8829,280.3696,3
GOPR5848_002,train,meadow,1920x1080,none,511,280.3696,297.8864,2
GOPR5848_002,train,meadow,1920x1080,none,511,297.8864,316.4975,16
GOPR5848_002,train,meadow,1920x1080,none,511,316.4975,336.2714,9
GOPR5848_002,train,meadow,1920x1080,none,511,336.2714,357.2808,9
GOPR5848_002,train,meadow,1920x1080,none,511,357.2808,379.6028,10
GOPR5848_002,train,meadow,1920x1080,none,511,379.6028,403.3193,1
GOPR5848_004,train,meadow,1920x1080,none,691,1.0,1.0625,94838
GOPR5848_004,train,meadow,1920x1080,none,691,1.9477,2.0694,15939
GOPR5848_004,train,meadow,1920x1080,none,691,2.9768,3.1628,5746
GOPR5848_004,train,meadow,1920x1080,none,691,3.7934,4.0304,2791
GOPR5848_004,train,meadow,1920x1080,none,691,4.8341,5.1361,1781
GOPR5848_004,train,meadow,1920x1080,none,691,5.7979,6.1601,1145
GOPR5848_004,train,meadow,1920x1080,none,691,6.9539,7.3884,816
GOPR5848_004,train,meadow,1920x1080,none,691,7.85,8.3404,635
GOPR5848_004,train,meadow,1920x1080,none,691,8.8615,9.4152,471
GOPR5848_004,train,meadow,1920x1080,none,691,9.4152,10.0034,348
GOPR5848_004,train,meadow,1920x1080,none,691,10.6284,11.2924,275
GOPR5848_004,train,meadow,1920x1080,none,691,11.998,12.7476,226
GOPR5848_004,train,meadow,1920x1080,none,691,12.7476,13.544,186
GOPR5848_004,train,meadow,1920x1080,none,691,13.544,14.3902,183
GOPR5848_004,train,meadow,1920x1080,none,691,14.3902,15.2892,149
GOPR5848_004,train,meadow,1920x1080,none,691,15.2892,16.2445,135
GOPR5848_004,train,meadow,1920x1080,none,691,16.2445,17.2594,132
GOPR5848_004,train,meadow,1920x1080,none,691,17.2594,18.3377,103
GOPR5848_004,train,meadow,1920x1080,none,691,18.3377,19.4834,123
GOPR5848_004,train,meadow,1920x1080,none,691,19.4834,20.7007,114
GOPR5848_004,train,meadow,1920x1080,none,691,20.7007,21.994,90
GOPR5848_004,train,meadow,1920x1080,none,691,21.994,23.3681,192
GOPR5848_004,train,meadow,1920x1080,none,691,23.3681,24.8281,75
GOPR5848_004,train,meadow,1920x1080,none,691,24.8281,26.3793,92
GOPR5848_004,train,meadow,1920x1080,none,691,26.3793,28.0274,70
GOPR5848_004,train,meadow,1920x1080,none,691,28.0274,29.7785,26
GOPR5848_004,train,meadow,1920x1080,none,691,29.7785,31.639,47
GOPR5848_004,train,meadow,1920x1080,none,691,31.639,33.6157,27
GOPR5848_004,train,meadow,1920x1080,none,691,33.6157,35.7159,15
GOPR5848_004,train,meadow,1920x1080,none,691,35.7159,37.9473,12
GOPR5848_004,train,meadow,1920x1080,none,691,37.9473,40.3182,21
GOPR5848_004,train,meadow,1920x1080,none,691,40.3182,42.8372,19
GOPR5848_004,train,meadow,1920x1080,none,691,42.8372,45.5135,19
GOPR5848_004,train,meadow,1920x1080,none,691,45.5135,48.3571,22
GOPR5848_004,train,meadow,1920x1080,none,691,48.3571,51.3783,22
GOPR5848_004,train,meadow,1920x1080,none,691,51.3783,54.5883,39
GOPR5848_004,train,meadow,1920x1080,none,691,54.5883,57.9988,34
GOPR5848_004,train,meadow,1920x1080,none,691,57.9988,61.6224,53
GOPR5848_004,train,meadow,1920x1080,none,691,61.6224,65.4724,30
GOPR5848_004,train,meadow,1920x1080,none,691,65.4724,69.563,56
GOPR5848_004,train,meadow,1920x1080,none,691,69.563,73.9091,43
GOPR5848_004,train,meadow,1920x1080,none,691,73.9091,78.5267,43
GOPR5848_004,train,meadow,1920x1080,none,691,78.5267,83.4329,24
GOPR5848_004,train,meadow,1920x1080,none,691,83.4329,88.6455,16
GOPR5848_004,train,meadow,1920x1080,none,691,88.6455,94.1839,18
GOPR5848_004,train,meadow,1920x1080,none,691,94.1839,100.0682,18
GOPR5848_004,train,meadow,1920x1080,none,691,100.0682,106.3202,11
GOPR5848_004,train,meadow,1920x1080,none,691,106.3202,112.9628,11
GOPR5848_004,train,meadow,1920x1080,none,691,112.9628,120.0205,10
GOPR5848_004,train,meadow,1920x1080,none,691,120.0205,127.519,13
GOPR5848_004,train,meadow,1920x1080,none,691,127.519,135.4861,11
GOPR5848_004,train,meadow,1920x1080,none,691,135.4861,143.9509,9
GOPR5848_004,train,meadow,1920x1080,none,691,143.9509,152.9446,4
GOPR5848_004,train,meadow,1920x1080,none,691,152.9446,162.5001,6
GOPR5848_004,train,meadow,1920x1080,none,691,162.5001,172.6527,9
GOPR5848_004,train,meadow,1920x1080,none,691,172.6527,183.4396,10
GOPR5848_004,train,meadow,1920x1080,none,691,183.4396,194.9004,6
GOPR5848_004,train,meadow,1920x1080,none,691,194.9004,207.0773,3
GOPR5848_004,train,meadow,1920x1080,none,691,207.0773,220.0149,9
GOPR5848_004,train,meadow,1920x1080,none,691,220.0149,233.7609,6
GOPR5848_004,train,meadow,1920x1080,none,691,233.7609,248.3657,9
GOPR5848_004,train,meadow,1920x1080,none,691,248.3657,263.8829,10
GOPR5848_004,train,meadow,1920x1080,none,691,263.8829,280.3696,12
GOPR5848_004,train,meadow,1920x1080,none,691,280.3696,297.8864,11
GOPR5848_004,train,meadow,1920x1080,none,691,297.8864,316.4975,3
GOPR5848_004,train,meadow,1920x1080,none,691,316.4975,336.2714,5
GOPR5848_004,train,meadow,1920x1080,none,691,336.2714,357.2808,6
GOPR5848_004,train,meadow,1920x1080,none,691,357.2808,379.6028,6
GOPR5848_004,train,meadow,1920x1080,none,691,379.6028,403.3193,3
GOPR5848_004,train,meadow,1920x1080,none,691,403.3193,428.5177,15
GOPR5848_004,train,meadow,1920x1080,none,691,428.5177,455.2903,13
GOPR5848_004,train,meadow,1920x1080,none,691,455.2903,483.7357,8
GOPR5848_004,train,meadow,1920x1080,none,691,483.7357,513.9582,10
GOPR5848_004,train,meadow,1920x1080,none,691,513.9582,546.069,9
GOPR5848_004,train,meadow,1920x1080,none,691,546.069,580.1859,5
GOPR5848_004,train,meadow,1920x1080,none,691,580.1859,616.4344,1
GOPR5848_004,train,meadow,1920x1080,none,691,616.4344,654.9476,3
GOPR5848_004,train,meadow,1920x1080,none,691,654.9476,695.867,2
GOPR5848_004,train,meadow,1920x1080,none,691,695.867,739.3429,3
GOPR5848_004,train,meadow,1920x1080,none,691,739.3429,785.5351,2
GOPR5848_004,train,meadow,1920x1080,none,691,785.5351,834.6133,1
GOPR5848_004,train,meadow,1920x1080,none,691,834.6133,886.7577,2
GOPR5848_004,train,meadow,1920x1080,none,691,886.7577,942.16,2
GOPR5848_004,train,meadow,1920x1080,none,691,942.16,1001.0237,4
GOPR5848_004,train,meadow,1920x1080,none,691,1001.0237,1063.565,1
GOPR5848_004,train,meadow,1920x1080,none,691,1063.565,1130.0138,1
GOPR5848_004,train,meadow,1920x1080,none,691,1130.0138,1200.6141,3
GOPR5848_004,train,meadow,1920x1080,none,691,1200.6141,1275.6253,1
GOPR5848_004,train,meadow,1920x1080,none,691,1355.323,1440.0,3
GOPR5848_004,train,meadow,1920x1080,none,691,1529.9674,1625.5557,1
GOPR5848_004,train,meadow,1920x1080,none,691,1727.1162,1835.0219,2
gopro_000,train,gopro_fisheye,1920x1080,none,481,1.0,1.0625,2254003
gopro_000,train,gopro_fisheye,1920x1080,none,481,1.9477,2.0694,669109
gopro_000,train,gopro_fisheye,1920x1080,none,481,2.9768,3.1628,339182
gopro_000,train,gopro_fisheye,1920x1080,none,481,3.7934,4.0304,217291
gopro_000,train,gopro_fisheye,1920x1080,none,481,4.8341,5.1361,149709
gopro_000,train,gopro_fisheye,1920x1080,none,481,5.7979,6.1601,111543
gopro_000,train,gopro_fisheye,1920x1080,none,481,6.9539,7.3884,84762
gopro_000,train,gopro_fisheye,1920x1080,none,481,7.85,8.3404,67138
gopro_000,train,gopro_fisheye,1920x1080,none,481,8.8615,9.4152,54198
gopro_000,train,gopro_fisheye,1920x1080,none,481,9.4152,10.0034,44234
gopro_000,train,gopro_fisheye,1920x1080,none,481,10.6284,11.2924,35689
gopro_000,train,gopro_fisheye,1920x1080,none,481,11.998,12.7476,30085
gopro_000,train,gopro_fisheye,1920x1080,none,481,12.7476,13.544,25741
gopro_000,train,gopro_fisheye,1920x1080,none,481,13.544,14.3902,22000
gopro_000,train,gopro_fisheye,1920x1080,none,481,14.3902,15.2892,19000
gopro_000,train,gopro_fisheye,1920x1080,none,481,15.2892,16.2445,16694
gopro_000,train,gopro_fisheye,1920x1080,none,481,16.2445,17.2594,14530
gopro_000,train,gopro_fisheye,1920x1080,none,481,17.2594,18.3377,12820
gopro_000,train,gopro_fisheye,1920x1080,none,481,18.3377,19.4834,11169
gopro_000,train,gopro_fisheye,1920x1080,none,481,19.4834,20.7007,9917
gopro_000,train,gopro_fisheye,1920x1080,none,481,20.7007,21.994,8882
gopro_000,train,gopro_fisheye,1920x1080,none,481,21.994,23.3681,15188
gopro_000,train,gopro_fisheye,1920x1080,none,481,23.3681,24.8281,6566
gopro_000,train,gopro_fisheye,1920x1080,none,481,24.8281,26.3793,11199
gopro_000,train,gopro_fisheye,1920x1080,none,481,26.3793,28.0274,9317
gopro_000,train,gopro_fisheye,1920x1080,none,481,28.0274,29.7785,4175
gopro_000,train,gopro_fisheye,1920x1080,none,481,29.7785,31.639,7283
gopro_000,train,gopro_fisheye,1920x1080,none,481,31.639,33.6157,6369
gopro_000,train,gopro_fisheye,1920x1080,none,481,33.6157,35.7159,5762
gopro_000,train,gopro_fisheye,1920x1080,none,481,35.7159,37.9473,4923
gopro_000,train,gopro_fisheye,1920x1080,none,481,37.9473,40.3182,6358
gopro_000,train,gopro_fisheye,1920x1080,none,481,40.3182,42.8372,3597
gopro_000,train,gopro_fisheye,1920x1080,none,481,42.8372,45.5135,4479
gopro_000,train,gopro_fisheye,1920x1080,none,481,45.5135,48.3571,3892
gopro_000,train,gopro_fisheye,1920x1080,none,481,48.3571,51.3783,3458
gopro_000,train,gopro_fisheye,1920x1080,none,481,51.3783,54.5883,2936
gopro_000,train,gopro_fisheye,1920x1080,none,481,54.5883,57.9988,2627
gopro_000,train,gopro_fisheye,1920x1080,none,481,57.9988,61.6224,3054
gopro_000,train,gopro_fisheye,1920x1080,none,481,61.6224,65.4724,2461
gopro_000,train,gopro_fisheye,1920x1080,none,481,65.4724,69.563,2216
gopro_000,train,gopro_fisheye,1920x1080,none,481,69.563,73.9091,1913
gopro_000,train,gopro_fisheye,1920x1080,none,481,73.9091,78.5267,1965
gopro_000,train,gopro_fisheye,1920x1080,none,481,78.5267,83.4329,1598
gopro_000,train,gopro_fisheye,1920x1080,none,481,83.4329,88.6455,1362
gopro_000,train,gopro_fisheye,1920x1080,none,481,88.6455,94.1839,1441
gopro_000,train,gopro_fisheye,1920x1080,none,481,94.1839,100.0682,1343
gopro_000,train,gopro_fisheye,1920x1080,none,481,100.0682,106.3202,1202
gopro_000,train,gopro_fisheye,1920x1080,none,481,106.3202,112.9628,982
gopro_000,train,gopro_fisheye,1920x1080,none,481,112.9628,120.0205,1074
gopro_000,train,gopro_fisheye,1920x1080,none,481,120.0205,127.519,820
gopro_000,train,gopro_fisheye,1920x1080,none,481,127.519,135.4861,898
gopro_000,train,gopro_fisheye,1920x1080,none,481,135.4861,143.9509,709
gopro_000,train,gopro_fisheye,1920x1080,none,481,143.9509,152.9446,734
gopro_000,train,gopro_fisheye,1920x1080,none,481,152.9446,162.5001,624
gopro_000,train,gopro_fisheye,1920x1080,none,481,162.5001,172.6527,509
gopro_000,train,gopro_fisheye,1920x1080,none,481,172.6527,183.4396,465
gopro_000,train,gopro_fisheye,1920x1080,none,481,183.4396,194.9004,447
gopro_000,train,gopro_fisheye,1920x1080,none,481,194.9004,207.0773,432
gopro_000,train,gopro_fisheye,1920x1080,none,481,207.0773,220.0149,341
gopro_000,train,gopro_fisheye,1920x1080,none,481,220.0149,233.7609,305
gopro_000,train,gopro_fisheye,1920x1080,none,481,233.7609,248.3657,271
gopro_000,train,gopro_fisheye,1920x1080,none,481,248.3657,263.8829,211
gopro_000,train,gopro_fisheye,1920x1080,none,481,263.8829,280.3696,217
gopro_000,train,gopro_fisheye,1920x1080,none,481,280.3696,297.8864,217
gopro_000,train,gopro_fisheye,1920x1080,none,481,297.8864,316.4975,206
gopro_000,train,gopro_fisheye,1920x1080,none,481,316.4975,336.2714,119
gopro_000,train,gopro_fisheye,1920x1080,none,481,336.2714,357.2808,135
gopro_000,train,gopro_fisheye,1920x1080,none,481,357.2808,379.6028,122
gopro_000,train,gopro_fisheye,1920x1080,none,481,379.6028,403.3193,126
gopro_000,train,gopro_fisheye,1920x1080,none,481,403.3193,428.5177,138
gopro_000,train,gopro_fisheye,1920x1080,none,481,428.5177,455.2903,124
gopro_000,train,gopro_fisheye,1920x1080,none,481,455.2903,483.7357,124
gopro_000,train,gopro_fisheye,1920x1080,none,481,483.7357,513.9582,85
gopro_000,train,gopro_fisheye,1920x1080,none,481,513.9582,546.069,109
gopro_000,train,gopro_fisheye,1920x1080,none,481,546.069,580.1859,78
gopro_000,train,gopro_fisheye,1920x1080,none,481,580.1859,616.4344,70
gopro_000,train,gopro_fisheye,1920x1080,none,481,616.4344,654.9476,50
gopro_000,train,gopro_fisheye,1920x1080,none,481,654.9476,695.867,48
gopro_000,train,gopro_fisheye,1920x1080,none,481,695.867,739.3429,50
gopro_000,train,gopro_fisheye,1920x1080,none,481,739.3429,785.5351,49
gopro_000,train,gopro_fisheye,1920x1080,none,481,785.5351,834.6133,28
gopro_000,train,gopro_fisheye,1920x1080,none,481,834.6133,886.7577,16
gopro_000,train,gopro_fisheye,1920x1080,none,481,886.7577,942.16,28
gopro_000,train,gopro_fisheye,1920x1080,none,481,942.16,1001.0237,15
gopro_000,train,gopro_fisheye,1920x1080,none,481,1001.0237,1063.565,20
gopro_000,train,gopro_fisheye,1920x1080,none,481,1063.565,1130.0138,12
gopro_000,train,gopro_fisheye,1920x1080,none,481,1130.0138,1200.6141,8
gopro_000,train,gopro_fisheye,1920x1080,none,481,1200.6141,1275.6253,4
gopro_000,train,gopro_fisheye,1920x1080,none,481,1275.6253,1355.323,8
gopro_000,train,gopro_fisheye,1920x1080,none,481,1355.323,1440.0,10
gopro_000,train,gopro_fisheye,1920x1080,none,481,1440.0,1529.9674,4
gopro_000,train,gopro_fisheye,1920x1080,none,481,1529.9674,1625.5557,3
gopro_000,train,gopro_fisheye,1920x1080,none,481,1625.5557,1727.1162,6
gopro_000,train,gopro_fisheye,1920x1080,none,481,1727.1162,1835.0219,5
gopro_001,train,gopro_fisheye,1920x1080,none,481,1.0,1.0625,2266629
gopro_001,train,gopro_fisheye,1920x1080,none,481,1.9477,2.0694,694222
gopro_001,train,gopro_fisheye,1920x1080,none,481,2.9768,3.1628,350253
gopro_001,train,gopro_fisheye,1920x1080,none,481,3.7934,4.0304,223497
gopro_001,train,gopro_fisheye,1920x1080,none,481,4.8341,5.1361,153720
gopro_001,train,gopro_fisheye,1920x1080,none,481,5.7979,6.1601,113110
gopro_001,train,gopro_fisheye,1920x1080,none,481,6.9539,7.3884,85232
gopro_001,train,gopro_fisheye,1920x1080,none,481,7.85,8.3404,66725
gopro_001,train,gopro_fisheye,1920x1080,none,481,8.8615,9.4152,52030
gopro_001,train,gopro_fisheye,1920x1080,none,481,9.4152,10.0034,42328
gopro_001,train,gopro_fisheye,1920x1080,none,481,10.6284,11.2924,34737
gopro_001,train,gopro_fisheye,1920x1080,none,481,11.998,12.7476,28398
gopro_001,train,gopro_fisheye,1920x1080,none,481,12.7476,13.544,24070
gopro_001,train,gopro_fisheye,1920x1080,none,481,13.544,14.3902,20389
gopro_001,train,gopro_fisheye,1920x1080,none,481,14.3902,15.2892,17489
gopro_001,train,gopro_fisheye,1920x1080,none,481,15.2892,16.2445,15175
gopro_001,train,gopro_fisheye,1920x1080,none,481,16.2445,17.2594,12861
gopro_001,train,gopro_fisheye,1920x1080,none,481,17.2594,18.3377,11404
gopro_001,train,gopro_fisheye,1920x1080,none,481,18.3377,19.4834,10062
gopro_001,train,gopro_fisheye,1920x1080,none,481,19.4834,20.7007,9055
gopro_001,train,gopro_fisheye,1920x1080,none,481,20.7007,21.994,7810
gopro_001,train,gopro_fisheye,1920x1080,none,481,21.994,23.3681,13304
gopro_001,train,gopro_fisheye,1920x1080,none,481,23.3681,24.8281,5694
gopro_001,train,gopro_fisheye,1920x1080,none,481,24.8281,26.3793,9806
gopro_001,train,gopro_fisheye,1920x1080,none,481,26.3793,28.0274,8124
gopro_001,train,gopro_fisheye,1920x1080,none,481,28.0274,29.7785,3592
gopro_001,train,gopro_fisheye,1920x1080,none,481,29.7785,31.639,6205
gopro_001,train,gopro_fisheye,1920x1080,none,481,31.639,33.6157,5374
gopro_001,train,gopro_fisheye,1920x1080,none,481,33.6157,35.7159,4540
gopro_001,train,gopro_fisheye,1920x1080,none,481,35.7159,37.9473,3840
gopro_001,train,gopro_fisheye,1920x1080,none,481,37.9473,40.3182,4736
gopro_001,train,gopro_fisheye,1920x1080,none,481,40.3182,42.8372,2674
gopro_001,train,gopro_fisheye,1920x1080,none,481,42.8372,45.5135,3494
gopro_001,train,gopro_fisheye,1920x1080,none,481,45.5135,48.3571,3054
gopro_001,train,gopro_fisheye,1920x1080,none,481,48.3571,51.3783,2474
gopro_001,train,gopro_fisheye,1920x1080,none,481,51.3783,54.5883,2104
gopro_001,train,gopro_fisheye,1920x1080,none,481,54.5883,57.9988,1643
gopro_001,train,gopro_fisheye,1920x1080,none,481,57.9988,61.6224,1993
gopro_001,train,gopro_fisheye,1920x1080,none,481,61.6224,65.4724,1611
gopro_001,train,gopro_fisheye,1920x1080,none,481,65.4724,69.563,1373
gopro_001,train,gopro_fisheye,1920x1080,none,481,69.563,73.9091,1170
gopro_001,train,gopro_fisheye,1920x1080,none,481,73.9091,78.5267,1226
gopro_001,train,gopro_fisheye,1920x1080,none,481,78.5267,83.4329,1021
gopro_001,train,gopro_fisheye,1920x1080,none,481,83.4329,88.6455,816
gopro_001,train,gopro_fisheye,1920x1080,none,481,88.6455,94.1839,904
gopro_001,train,gopro_fisheye,1920x1080,none,481,94.1839,100.0682,814
gopro_001,train,gopro_fisheye,1920x1080,none,481,100.0682,106.3202,673
gopro_001,train,gopro_fisheye,1920x1080,none,481,106.3202,112.9628,489
gopro_001,train,gopro_fisheye,1920x1080,none,481,112.9628,120.0205,660
gopro_001,train,gopro_fisheye,1920x1080,none,481,120.0205,127.519,525
gopro_001,train,gopro_fisheye,1920x1080,none,481,127.519,135.4861,518
gopro_001,train,gopro_fisheye,1920x1080,none,481,135.4861,143.9509,496
gopro_001,train,gopro_fisheye,1920x1080,none,481,143.9509,152.9446,435
gopro_001,train,gopro_fisheye,1920x1080,none,481,152.9446,162.5001,388
gopro_001,train,gopro_fisheye,1920x1080,none,481,162.5001,172.6527,281
gopro_001,train,gopro_fisheye,1920x1080,none,481,172.6527,183.4396,261
gopro_001,train,gopro_fisheye,1920x1080,none,481,183.4396,194.9004,225
gopro_001,train,gopro_fisheye,1920x1080,none,481,194.9004,207.0773,212
gopro_001,train,gopro_fisheye,1920x1080,none,481,207.0773,220.0149,180
gopro_001,train,gopro_fisheye,1920x1080,none,481,220.0149,233.7609,129
gopro_001,train,gopro_fisheye,1920x1080,none,481,233.7609,248.3657,149
gopro_001,train,gopro_fisheye,1920x1080,none,481,248.3657,263.8829,136
gopro_001,train,gopro_fisheye,1920x1080,none,481,263.8829,280.3696,127
gopro_001,train,gopro_fisheye,1920x1080,none,481,280.3696,297.8864,154
gopro_001,train,gopro_fisheye,1920x1080,none,481,297.8864,316.4975,144
gopro_001,train,gopro_fisheye,1920x1080,none,481,316.4975,336.2714,99
gopro_001,train,gopro_fisheye,1920x1080,none,481,336.2714,357.2808,85
gopro_001,train,gopro_fisheye,1920x1080,none,481,357.2808,379.6028,79
gopro_001,train,gopro_fisheye,1920x1080,none,481,379.6028,403.3193,81
gopro_001,train,gopro_fisheye,1920x1080,none,481,403.3193,428.5177,89
gopro_001,train,gopro_fisheye,1920x1080,none,481,428.5177,455.2903,57
gopro_001,train,gopro_fisheye,1920x1080,none,481,455.2903,483.7357,56
gopro_001,train,gopro_fisheye,1920x1080,none,481,483.7357,513.9582,39
gopro_001,train,gopro_fisheye,1920x1080,none,481,513.9582,546.069,40
gopro_001,train,gopro_fisheye,1920x1080,none,481,546.069,580.1859,40
gopro_001,train,gopro_fisheye,1920x1080,none,481,580.1859,616.4344,32
gopro_001,train,gopro_fisheye,1920x1080,none,481,616.4344,654.9476,40
gopro_001,train,gopro_fisheye,1920x1080,none,481,654.9476,695.867,27
gopro_001,train,gopro_fisheye,1920x1080,none,481,695.867,739.3429,22
gopro_001,train,gopro_fisheye,1920x1080,none,481,739.3429,785.5351,27
gopro_001,train,gopro_fisheye,1920x1080,none,481,785.5351,834.6133,18
gopro_001,train,gopro_fisheye,1920x1080,none,481,834.6133,886.7577,16
gopro_001,train,gopro_fisheye,1920x1080,none,481,886.7577,942.16,14
gopro_001,train,gopro_fisheye,1920x1080,none,481,942.16,1001.0237,4
gopro_001,train,gopro_fisheye,1920x1080,none,481,1001.0237,1063.565,1
gopro_001,train,gopro_fisheye,1920x1080,none,481,1440.0,1529.9674,2
gopro_002,train,gopro_fisheye,1920x1080,none,319,1.0,1.0625,128813
gopro_002,train,gopro_fisheye,1920x1080,none,319,1.9477,2.0694,21862
gopro_002,train,gopro_fisheye,1920x1080,none,319,2.9768,3.1628,6587
gopro_002,train,gopro_fisheye,1920x1080,none,319,3.7934,4.0304,2635
gopro_002,train,gopro_fisheye,1920x1080,none,319,4.8341,5.1361,1685
gopro_002,train,gopro_fisheye,1920x1080,none,319,5.7979,6.1601,1395
gopro_002,train,gopro_fisheye,1920x1080,none,319,6.9539,7.3884,532
gopro_002,train,gopro_fisheye,1920x1080,none,319,7.85,8.3404,582
gopro_002,train,gopro_fisheye,1920x1080,none,319,8.8615,9.4152,424
gopro_002,train,gopro_fisheye,1920x1080,none,319,9.4152,10.0034,420
gopro_002,train,gopro_fisheye,1920x1080,none,319,10.6284,11.2924,279
gopro_002,train,gopro_fisheye,1920x1080,none,319,11.998,12.7476,262
gopro_002,train,gopro_fisheye,1920x1080,none,319,12.7476,13.544,171
gopro_002,train,gopro_fisheye,1920x1080,none,319,13.544,14.3902,155
gopro_002,train,gopro_fisheye,1920x1080,none,319,14.3902,15.2892,157
gopro_002,train,gopro_fisheye,1920x1080,none,319,15.2892,16.2445,145
gopro_002,train,gopro_fisheye,1920x1080,none,319,16.2445,17.2594,102
gopro_002,train,gopro_fisheye,1920x1080,none,319,17.2594,18.3377,75
gopro_002,train,gopro_fisheye,1920x1080,none,319,18.3377,19.4834,60
gopro_002,train,gopro_fisheye,1920x1080,none,319,19.4834,20.7007,47
gopro_002,train,gopro_fisheye,1920x1080,none,319,20.7007,21.994,51
gopro_002,train,gopro_fisheye,1920x1080,none,319,21.994,23.3681,83
gopro_002,train,gopro_fisheye,1920x1080,none,319,23.3681,24.8281,35
gopro_002,train,gopro_fisheye,1920x1080,none,319,24.8281,26.3793,78
gopro_002,train,gopro_fisheye,1920x1080,none,319,26.3793,28.0274,56
gopro_002,train,gopro_fisheye,1920x1080,none,319,28.0274,29.7785,35
gopro_002,train,gopro_fisheye,1920x1080,none,319,29.7785,31.639,45
gopro_002,train,gopro_fisheye,1920x1080,none,319,31.639,33.6157,41
gopro_002,train,gopro_fisheye,1920x1080,none,319,33.6157,35.7159,49
gopro_002,train,gopro_fisheye,1920x1080,none,319,35.7159,37.9473,43
gopro_002,train,gopro_fisheye,1920x1080,none,319,37.9473,40.3182,55
gopro_002,train,gopro_fisheye,1920x1080,none,319,40.3182,42.8372,38
gopro_002,train,gopro_fisheye,1920x1080,none,319,42.8372,45.5135,32
gopro_002,train,gopro_fisheye,1920x1080,none,319,45.5135,48.3571,12
gopro_002,train,gopro_fisheye,1920x1080,none,319,48.3571,51.3783,11
gopro_002,train,gopro_fisheye,1920x1080,none,319,51.3783,54.5883,37
gopro_002,train,gopro_fisheye,1920x1080,none,319,54.5883,57.9988,24
gopro_002,train,gopro_fisheye,1920x1080,none,319,57.9988,61.6224,17
gopro_002,train,gopro_fisheye,1920x1080,none,319,61.6224,65.4724,12
gopro_002,train,gopro_fisheye,1920x1080,none,319,65.4724,69.563,3
gopro_002,train,gopro_fisheye,1920x1080,none,319,69.563,73.9091,3
gopro_002,train,gopro_fisheye,1920x1080,none,319,73.9091,78.5267,3
gopro_002,train,gopro_fisheye,1920x1080,none,319,78.5267,83.4329,6
gopro_002,train,gopro_fisheye,1920x1080,none,319,83.4329,88.6455,7
gopro_002,train,gopro_fisheye,1920x1080,none,319,88.6455,94.1839,5
gopro_002,train,gopro_fisheye,1920x1080,none,319,94.1839,100.0682,9
gopro_002,train,gopro_fisheye,1920x1080,none,319,100.0682,106.3202,22
gopro_002,train,gopro_fisheye,1920x1080,none,319,106.3202,112.9628,3
gopro_002,train,gopro_fisheye,1920x1080,none,319,112.9628,120.0205,1
gopro_002,train,gopro_fisheye,1920x1080,none,319,120.0205,127.519,1
gopro_002,train,gopro_fisheye,1920x1080,none,319,127.519,135.4861,5
gopro_002,train,gopro_fisheye,1920x1080,none,319,135.4861,143.9509,1
gopro_003,train,gopro_fisheye,1920x1080,none,555,1.0,1.0625,206808
gopro_003,train,gopro_fisheye,1920x1080,none,555,1.9477,2.0694,36581
gopro_003,train,gopro_fisheye,1920x1080,none,555,2.9768,3.1628,11319
gopro_003,train,gopro_fisheye,1920x1080,none,555,3.7934,4.0304,6660
gopro_003,train,gopro_fisheye,1920x1080,none,555,4.8341,5.1361,3343
gopro_003,train,gopro_fisheye,1920x1080,none,555,5.7979,6.1601,2878
gopro_003,train,gopro_fisheye,1920x1080,none,555,6.9539,7.3884,1303
gopro_003,train,gopro_fisheye,1920x1080,none,555,7.85,8.3404,1348
gopro_003,train,gopro_fisheye,1920x1080,none,555,8.8615,9.4152,664
gopro_003,train,gopro_fisheye,1920x1080,none,555,9.4152,10.0034,552
gopro_003,train,gopro_fisheye,1920x1080,none,555,10.6284,11.2924,442
gopro_003,train,gopro_fisheye,1920x1080,none,555,11.998,12.7476,350
gopro_003,train,gopro_fisheye,1920x1080,none,555,12.7476,13.544,271
gopro_003,train,gopro_fisheye,1920x1080,none,555,13.544,14.3902,241
gopro_003,train,gopro_fisheye,1920x1080,none,555,14.3902,15.2892,303
gopro_003,train,gopro_fisheye,1920x1080,none,555,15.2892,16.2445,190
gopro_003,train,gopro_fisheye,1920x1080,none,555,16.2445,17.2594,226
gopro_003,train,gopro_fisheye,1920x1080,none,555,17.2594,18.3377,186
gopro_003,train,gopro_fisheye,1920x1080,none,555,18.3377,19.4834,142
gopro_003,train,gopro_fisheye,1920x1080,none,555,19.4834,20.7007,106
gopro_003,train,gopro_fisheye,1920x1080,none,555,20.7007,21.994,97
gopro_003,train,gopro_fisheye,1920x1080,none,555,21.994,23.3681,208
gopro_003,train,gopro_fisheye,1920x1080,none,555,23.3681,24.8281,95
gopro_003,train,gopro_fisheye,1920x1080,none,555,24.8281,26.3793,264
gopro_003,train,gopro_fisheye,1920x1080,none,555,26.3793,28.0274,123
gopro_003,train,gopro_fisheye,1920x1080,none,555,28.0274,29.7785,72
gopro_003,train,gopro_fisheye,1920x1080,none,555,29.7785,31.639,154
gopro_003,train,gopro_fisheye,1920x1080,none,555,31.639,33.6157,116
gopro_003,train,gopro_fisheye,1920x1080,none,555,33.6157,35.7159,87
gopro_003,train,gopro_fisheye,1920x1080,none,555,35.7159,37.9473,62
gopro_003,train,gopro_fisheye,1920x1080,none,555,37.9473,40.3182,68
gopro_003,train,gopro_fisheye,1920x1080,none,555,40.3182,42.8372,18
gopro_003,train,gopro_fisheye,1920x1080,none,555,42.8372,45.5135,55
gopro_003,train,gopro_fisheye,1920x1080,none,555,45.5135,48.3571,17
gopro_003,train,gopro_fisheye,1920x1080,none,555,48.3571,51.3783,10
gopro_003,train,gopro_fisheye,1920x1080,none,555,51.3783,54.5883,14
gopro_003,train,gopro_fisheye,1920x1080,none,555,54.5883,57.9988,23
gopro_003,train,gopro_fisheye,1920x1080,none,555,57.9988,61.6224,13
gopro_003,train,gopro_fisheye,1920x1080,none,555,61.6224,65.4724,9
gopro_003,train,gopro_fisheye,1920x1080,none,555,65.4724,69.563,4
gopro_003,train,gopro_fisheye,1920x1080,none,555,69.563,73.9091,1
gopro_003,train,gopro_fisheye,1920x1080,none,555,73.9091,78.5267,4
gopro_003,train,gopro_fisheye,1920x1080,none,555,78.5267,83.4329,6
gopro_003,train,gopro_fisheye,1920x1080,none,555,83.4329,88.6455,2
gopro_003,train,gopro_fisheye,1920x1080,none,555,88.6455,94.1839,8
gopro_003,train,gopro_fisheye,1920x1080,none,555,94.1839,100.0682,9
gopro_003,train,gopro_fisheye,1920x1080,none,555,100.0682,106.3202,4
gopro_003,train,gopro_fisheye,1920x1080,none,555,106.3202,112.9628,6
gopro_003,train,gopro_fisheye,1920x1080,none,555,112.9628,120.0205,4
gopro_003,train,gopro_fisheye,1920x1080,none,555,120.0205,127.519,3
gopro_003,train,gopro_fisheye,1920x1080,none,555,127.519,135.4861,2
gopro_003,train,gopro_fisheye,1920x1080,none,555,135.4861,143.9509,1
gopro_003,train,gopro_fisheye,1920x1080,none,555,143.9509,152.9446,3
gopro_003,train,gopro_fisheye,1920x1080,none,555,152.9446,162.5001,5
gopro_003,train,gopro_fisheye,1920x1080,none,555,162.5001,172.6527,11
gopro_003,train,gopro_fisheye,1920x1080,none,555,172.6527,183.4396,9
gopro_003,train,gopro_fisheye,1920x1080,none,555,183.4396,194.9004,8
gopro_003,train,gopro_fisheye,1920x1080,none,555,194.9004,207.0773,11
gopro_003,train,gopro_fisheye,1920x1080,none,555,280.3696,297.8864,3
gopro_003,train,gopro_fisheye,1920x1080,none,555,297.8864,316.4975,1
gopro_003,train,gopro_fisheye,1920x1080,none,555,357.2808,379.6028,2
gopro_003,train,gopro_fisheye,1920x1080,none,555,379.6028,403.3193,1
gopro_005,val,gopro_fisheye,1920x1080,none,811,1.0,1.0625,309703
gopro_005,val,gopro_fisheye,1920x1080,none,811,1.9477,2.0694,34375
gopro_005,val,gopro_fisheye,1920x1080,none,811,2.9768,3.1628,8604
gopro_005,val,gopro_fisheye,1920x1080,none,811,3.7934,4.0304,3378
gopro_005,val,gopro_fisheye,1920x1080,none,811,4.8341,5.1361,1686
gopro_005,val,gopro_fisheye,1920x1080,none,811,5.7979,6.1601,1055
gopro_005,val,gopro_fisheye,1920x1080,none,811,6.9539,7.3884,468
gopro_005,val,gopro_fisheye,1920x1080,none,811,7.85,8.3404,309
gopro_005,val,gopro_fisheye,1920x1080,none,811,8.8615,9.4152,255
gopro_005,val,gopro_fisheye,1920x1080,none,811,9.4152,10.0034,190
gopro_005,val,gopro_fisheye,1920x1080,none,811,10.6284,11.2924,157
gopro_005,val,gopro_fisheye,1920x1080,none,811,11.998,12.7476,101
gopro_005,val,gopro_fisheye,1920x1080,none,811,12.7476,13.544,70
gopro_005,val,gopro_fisheye,1920x1080,none,811,13.544,14.3902,71
gopro_005,val,gopro_fisheye,1920x1080,none,811,14.3902,15.2892,70
gopro_005,val,gopro_fisheye,1920x1080,none,811,15.2892,16.2445,60
gopro_005,val,gopro_fisheye,1920x1080,none,811,16.2445,17.2594,50
gopro_005,val,gopro_fisheye,1920x1080,none,811,17.2594,18.3377,55
gopro_005,val,gopro_fisheye,1920x1080,none,811,18.3377,19.4834,58
gopro_005,val,gopro_fisheye,1920x1080,none,811,19.4834,20.7007,32
gopro_005,val,gopro_fisheye,1920x1080,none,811,20.7007,21.994,39
gopro_005,val,gopro_fisheye,1920x1080,none,811,21.994,23.3681,64
gopro_005,val,gopro_fisheye,1920x1080,none,811,23.3681,24.8281,24
gopro_005,val,gopro_fisheye,1920x1080,none,811,24.8281,26.3793,33
gopro_005,val,gopro_fisheye,1920x1080,none,811,26.3793,28.0274,38
gopro_005,val,gopro_fisheye,1920x1080,none,811,28.0274,29.7785,19
gopro_005,val,gopro_fisheye,1920x1080,none,811,29.7785,31.639,33
gopro_005,val,gopro_fisheye,1920x1080,none,811,31.639,33.6157,46
gopro_005,val,gopro_fisheye,1920x1080,none,811,33.6157,35.7159,45
gopro_005,val,gopro_fisheye,1920x1080,none,811,35.7159,37.9473,36
gopro_005,val,gopro_fisheye,1920x1080,none,811,37.9473,40.3182,47
gopro_005,val,gopro_fisheye,1920x1080,none,811,40.3182,42.8372,28
gopro_005,val,gopro_fisheye,1920x1080,none,811,42.8372,45.5135,34
gopro_005,val,gopro_fisheye,1920x1080,none,811,45.5135,48.3571,26
gopro_005,val,gopro_fisheye,1920x1080,none,811,48.3571,51.3783,50
gopro_005,val,gopro_fisheye,1920x1080,none,811,51.3783,54.5883,80
gopro_005,val,gopro_fisheye,1920x1080,none,811,54.5883,57.9988,33
gopro_005,val,gopro_fisheye,1920x1080,none,811,57.9988,61.6224,5
gopro_005,val,gopro_fisheye,1920x1080,none,811,61.6224,65.4724,1
gopro_005,val,gopro_fisheye,1920x1080,none,811,65.4724,69.563,1
gopro_005,val,gopro_fisheye,1920x1080,none,811,69.563,73.9091,3
gopro_005,val,gopro_fisheye,1920x1080,none,811,73.9091,78.5267,1
gopro_005,val,gopro_fisheye,1920x1080,none,811,78.5267,83.4329,2
gopro_005,val,gopro_fisheye,1920x1080,none,811,83.4329,88.6455,1
gopro_005,val,gopro_fisheye,1920x1080,none,811,88.6455,94.1839,3
gopro_005,val,gopro_fisheye,1920x1080,none,811,94.1839,100.0682,4
gopro_005,val,gopro_fisheye,1920x1080,none,811,100.0682,106.3202,2
gopro_005,val,gopro_fisheye,1920x1080,none,811,106.3202,112.9628,3
gopro_005,val,gopro_fisheye,1920x1080,none,811,112.9628,120.0205,6
gopro_005,val,gopro_fisheye,1920x1080,none,811,120.0205,127.519,4
gopro_005,val,gopro_fisheye,1920x1080,none,811,127.519,135.4861,6
gopro_005,val,gopro_fisheye,1920x1080,none,811,135.4861,143.9509,3
gopro_005,val,gopro_fisheye,1920x1080,none,811,143.9509,152.9446,2
gopro_005,val,gopro_fisheye,1920x1080,none,811,152.9446,162.5001,9
gopro_005,val,gopro_fisheye,1920x1080,none,811,162.5001,172.6527,9
gopro_005,val,gopro_fisheye,1920x1080,none,811,172.6527,183.4396,9
gopro_005,val,gopro_fisheye,1920x1080,none,811,183.4396,194.9004,9
gopro_005,val,gopro_fisheye,1920x1080,none,811,194.9004,207.0773,8
gopro_005,val,gopro_fisheye,1920x1080,none,811,207.0773,220.0149,1
gopro_005,val,gopro_fisheye,1920x1080,none,811,220.0149,233.7609,1
gopro_005,val,gopro_fisheye,1920x1080,none,811,233.7609,248.3657,1
gopro_005,val,gopro_fisheye,1920x1080,none,811,248.3657,263.8829,1
gopro_006,train,gopro_fisheye,1920x1080,none,1351,1.0,1.0625,2399375
gopro_006,train,gopro_fisheye,1920x1080,none,1351,1.9477,2.0694,706562
gopro_006,train,gopro_fisheye,1920x1080,none,1351,2.9768,3.1628,346427
gopro_006,train,gopro_fisheye,1920x1080,none,1351,3.7934,4.0304,215180
gopro_006,train,gopro_fisheye,1920x1080,none,1351,4.8341,5.1361,147268
gopro_006,train,gopro_fisheye,1920x1080,none,1351,5.7979,6.1601,104200
gopro_006,train,gopro_fisheye,1920x1080,none,1351,6.9539,7.3884,78067
gopro_006,train,gopro_fisheye,1920x1080,none,1351,7.85,8.3404,59670
gopro_006,train,gopro_fisheye,1920x1080,none,1351,8.8615,9.4152,47096
gopro_006,train,gopro_fisheye,1920x1080,none,1351,9.4152,10.0034,37464
gopro_006,train,gopro_fisheye,1920x1080,none,1351,10.6284,11.2924,30623
gopro_006,train,gopro_fisheye,1920x1080,none,1351,11.998,12.7476,25737
gopro_006,train,gopro_fisheye,1920x1080,none,1351,12.7476,13.544,21100
gopro_006,train,gopro_fisheye,1920x1080,none,1351,13.544,14.3902,17769
gopro_006,train,gopro_fisheye,1920x1080,none,1351,14.3902,15.2892,15365
gopro_006,train,gopro_fisheye,1920x1080,none,1351,15.2892,16.2445,13416
gopro_006,train,gopro_fisheye,1920x1080,none,1351,16.2445,17.2594,11520
gopro_006,train,gopro_fisheye,1920x1080,none,1351,17.2594,18.3377,10231
gopro_006,train,gopro_fisheye,1920x1080,none,1351,18.3377,19.4834,9170
gopro_006,train,gopro_fisheye,1920x1080,none,1351,19.4834,20.7007,8173
gopro_006,train,gopro_fisheye,1920x1080,none,1351,20.7007,21.994,7290
gopro_006,train,gopro_fisheye,1920x1080,none,1351,21.994,23.3681,12824
gopro_006,train,gopro_fisheye,1920x1080,none,1351,23.3681,24.8281,5488
gopro_006,train,gopro_fisheye,1920x1080,none,1351,24.8281,26.3793,9478
gopro_006,train,gopro_fisheye,1920x1080,none,1351,26.3793,28.0274,8356
gopro_006,train,gopro_fisheye,1920x1080,none,1351,28.0274,29.7785,3711
gopro_006,train,gopro_fisheye,1920x1080,none,1351,29.7785,31.639,6761
gopro_006,train,gopro_fisheye,1920x1080,none,1351,31.639,33.6157,6011
gopro_006,train,gopro_fisheye,1920x1080,none,1351,33.6157,35.7159,5389
gopro_006,train,gopro_fisheye,1920x1080,none,1351,35.7159,37.9473,4663
gopro_006,train,gopro_fisheye,1920x1080,none,1351,37.9473,40.3182,6026
gopro_006,train,gopro_fisheye,1920x1080,none,1351,40.3182,42.8372,3348
gopro_006,train,gopro_fisheye,1920x1080,none,1351,42.8372,45.5135,4655
gopro_006,train,gopro_fisheye,1920x1080,none,1351,45.5135,48.3571,4134
gopro_006,train,gopro_fisheye,1920x1080,none,1351,48.3571,51.3783,3637
gopro_006,train,gopro_fisheye,1920x1080,none,1351,51.3783,54.5883,3210
gopro_006,train,gopro_fisheye,1920x1080,none,1351,54.5883,57.9988,2908
gopro_006,train,gopro_fisheye,1920x1080,none,1351,57.9988,61.6224,3229
gopro_006,train,gopro_fisheye,1920x1080,none,1351,61.6224,65.4724,2781
gopro_006,train,gopro_fisheye,1920x1080,none,1351,65.4724,69.563,2406
gopro_006,train,gopro_fisheye,1920x1080,none,1351,69.563,73.9091,2237
gopro_006,train,gopro_fisheye,1920x1080,none,1351,73.9091,78.5267,2271
gopro_006,train,gopro_fisheye,1920x1080,none,1351,78.5267,83.4329,1917
gopro_006,train,gopro_fisheye,1920x1080,none,1351,83.4329,88.6455,1719
gopro_006,train,gopro_fisheye,1920x1080,none,1351,88.6455,94.1839,1721
gopro_006,train,gopro_fisheye,1920x1080,none,1351,94.1839,100.0682,1535
gopro_006,train,gopro_fisheye,1920x1080,none,1351,100.0682,106.3202,1353
gopro_006,train,gopro_fisheye,1920x1080,none,1351,106.3202,112.9628,1251
gopro_006,train,gopro_fisheye,1920x1080,none,1351,112.9628,120.0205,1522
gopro_006,train,gopro_fisheye,1920x1080,none,1351,120.0205,127.519,1053
gopro_006,train,gopro_fisheye,1920x1080,none,1351,127.519,135.4861,1118
gopro_006,train,gopro_fisheye,1920x1080,none,1351,135.4861,143.9509,995
gopro_006,train,gopro_fisheye,1920x1080,none,1351,143.9509,152.9446,934
gopro_006,train,gopro_fisheye,1920x1080,none,1351,152.9446,162.5001,902
gopro_006,train,gopro_fisheye,1920x1080,none,1351,162.5001,172.6527,834
gopro_006,train,gopro_fisheye,1920x1080,none,1351,172.6527,183.4396,703
gopro_006,train,gopro_fisheye,1920x1080,none,1351,183.4396,194.9004,525
gopro_006,train,gopro_fisheye,1920x1080,none,1351,194.9004,207.0773,470
gopro_006,train,gopro_fisheye,1920x1080,none,1351,207.0773,220.0149,343
gopro_006,train,gopro_fisheye,1920x1080,none,1351,220.0149,233.7609,271
gopro_006,train,gopro_fisheye,1920x1080,none,1351,233.7609,248.3657,294
gopro_006,train,gopro_fisheye,1920x1080,none,1351,248.3657,263.8829,237
gopro_006,train,gopro_fisheye,1920x1080,none,1351,263.8829,280.3696,203
gopro_006,train,gopro_fisheye,1920x1080,none,1351,280.3696,297.8864,257
gopro_006,train,gopro_fisheye,1920x1080,none,1351,297.8864,316.4975,251
gopro_006,train,gopro_fisheye,1920x1080,none,1351,316.4975,336.2714,225
gopro_006,train,gopro_fisheye,1920x1080,none,1351,336.2714,357.2808,241
gopro_006,train,gopro_fisheye,1920x1080,none,1351,357.2808,379.6028,145
gopro_006,train,gopro_fisheye,1920x1080,none,1351,379.6028,403.3193,178
gopro_006,train,gopro_fisheye,1920x1080,none,1351,403.3193,428.5177,130
gopro_006,train,gopro_fisheye,1920x1080,none,1351,428.5177,455.2903,133
gopro_006,train,gopro_fisheye,1920x1080,none,1351,455.2903,483.7357,105
gopro_006,train,gopro_fisheye,1920x1080,none,1351,483.7357,513.9582,86
gopro_006,train,gopro_fisheye,1920x1080,none,1351,513.9582,546.069,67
gopro_006,train,gopro_fisheye,1920x1080,none,1351,546.069,580.1859,77
gopro_006,train,gopro_fisheye,1920x1080,none,1351,580.1859,616.4344,73
gopro_006,train,gopro_fisheye,1920x1080,none,1351,616.4344,654.9476,44
gopro_006,train,gopro_fisheye,1920x1080,none,1351,654.9476,695.867,41
gopro_006,train,gopro_fisheye,1920x1080,none,1351,695.867,739.3429,34
gopro_006,train,gopro_fisheye,1920x1080,none,1351,739.3429,785.5351,19
gopro_006,train,gopro_fisheye,1920x1080,none,1351,785.5351,834.6133,26
gopro_006,train,gopro_fisheye,1920x1080,none,1351,834.6133,886.7577,18
gopro_006,train,gopro_fisheye,1920x1080,none,1351,886.7577,942.16,5
gopro_006,train,gopro_fisheye,1920x1080,none,1351,942.16,1001.0237,6
gopro_006,train,gopro_fisheye,1920x1080,none,1351,1001.0237,1063.565,8
gopro_006,train,gopro_fisheye,1920x1080,none,1351,1063.565,1130.0138,16
gopro_006,train,gopro_fisheye,1920x1080,none,1351,1130.0138,1200.6141,8
gopro_006,train,gopro_fisheye,1920x1080,none,1351,1200.6141,1275.6253,10
gopro_006,train,gopro_fisheye,1920x1080,none,1351,1275.6253,1355.323,8
gopro_006,train,gopro_fisheye,1920x1080,none,1351,1355.323,1440.0,2
gopro_006,train,gopro_fisheye,1920x1080,none,1351,1440.0,1529.9674,1
gopro_006,train,gopro_fisheye,1920x1080,none,1351,1529.9674,1625.5557,3
gopro_006,train,gopro_fisheye,1920x1080,none,1351,1625.5557,1727.1162,2
gopro_006,train,gopro_fisheye,1920x1080,none,1351,1727.1162,1835.0219,4
gopro_006,train,gopro_fisheye,1920x1080,none,1351,1835.0219,1949.6692,3
gopro_006,train,gopro_fisheye,1920x1080,none,1351,1949.6692,2071.4794,4
gopro_006,train,gopro_fisheye,1920x1080,none,1351,2071.4794,2200.9,1
gopro_006,train,gopro_fisheye,1920x1080,none,1351,2200.9,2338.4064,1
gopro_006,train,gopro_fisheye,1920x1080,none,1351,2338.4064,2484.5039,5
gopro_006,train,gopro_fisheye,1920x1080,none,1351,2484.5039,2639.7291,8
gopro_006,train,gopro_fisheye,1920x1080,none,1351,2639.7291,2804.6525,3
gopro_006,train,gopro_fisheye,1920x1080,none,1351,2804.6525,2979.8798,1
gopro_007,train,gopro_fisheye,1920x1080,none,3481,1.0,1.0625,3704911
gopro_007,train,gopro_fisheye,1920x1080,none,3481,1.9477,2.0694,1074610
gopro_007,train,gopro_fisheye,1920x1080,none,3481,2.9768,3.1628,527806
gopro_007,train,gopro_fisheye,1920x1080,none,3481,3.7934,4.0304,327382
gopro_007,train,gopro_fisheye,1920x1080,none,3481,4.8341,5.1361,221186
gopro_007,train,gopro_fisheye,1920x1080,none,3481,5.7979,6.1601,161310
gopro_007,train,gopro_fisheye,1920x1080,none,3481,6.9539,7.3884,119115
gopro_007,train,gopro_fisheye,1920x1080,none,3481,7.85,8.3404,91264
gopro_007,train,gopro_fisheye,1920x1080,none,3481,8.8615,9.4152,71744
gopro_007,train,gopro_fisheye,1920x1080,none,3481,9.4152,10.0034,57742
gopro_007,train,gopro_fisheye,1920x1080,none,3481,10.6284,11.2924,46958
gopro_007,train,gopro_fisheye,1920x1080,none,3481,11.998,12.7476,38628
gopro_007,train,gopro_fisheye,1920x1080,none,3481,12.7476,13.544,33242
gopro_007,train,gopro_fisheye,1920x1080,none,3481,13.544,14.3902,28249
gopro_007,train,gopro_fisheye,1920x1080,none,3481,14.3902,15.2892,23993
gopro_007,train,gopro_fisheye,1920x1080,none,3481,15.2892,16.2445,20883
gopro_007,train,gopro_fisheye,1920x1080,none,3481,16.2445,17.2594,18193
gopro_007,train,gopro_fisheye,1920x1080,none,3481,17.2594,18.3377,16150
gopro_007,train,gopro_fisheye,1920x1080,none,3481,18.3377,19.4834,14765
gopro_007,train,gopro_fisheye,1920x1080,none,3481,19.4834,20.7007,12975
gopro_007,train,gopro_fisheye,1920x1080,none,3481,20.7007,21.994,11643
gopro_007,train,gopro_fisheye,1920x1080,none,3481,21.994,23.3681,20047
gopro_007,train,gopro_fisheye,1920x1080,none,3481,23.3681,24.8281,8667
gopro_007,train,gopro_fisheye,1920x1080,none,3481,24.8281,26.3793,15064
gopro_007,train,gopro_fisheye,1920x1080,none,3481,26.3793,28.0274,12970
gopro_007,train,gopro_fisheye,1920x1080,none,3481,28.0274,29.7785,5681
gopro_007,train,gopro_fisheye,1920x1080,none,3481,29.7785,31.639,10085
gopro_007,train,gopro_fisheye,1920x1080,none,3481,31.639,33.6157,9016
gopro_007,train,gopro_fisheye,1920x1080,none,3481,33.6157,35.7159,7885
gopro_007,train,gopro_fisheye,1920x1080,none,3481,35.7159,37.9473,7152
gopro_007,train,gopro_fisheye,1920x1080,none,3481,37.9473,40.3182,9191
gopro_007,train,gopro_fisheye,1920x1080,none,3481,40.3182,42.8372,5400
gopro_007,train,gopro_fisheye,1920x1080,none,3481,42.8372,45.5135,6893
gopro_007,train,gopro_fisheye,1920x1080,none,3481,45.5135,48.3571,5745
gopro_007,train,gopro_fisheye,1920x1080,none,3481,48.3571,51.3783,4926
gopro_007,train,gopro_fisheye,1920x1080,none,3481,51.3783,54.5883,4361
gopro_007,train,gopro_fisheye,1920x1080,none,3481,54.5883,57.9988,4056
gopro_007,train,gopro_fisheye,1920x1080,none,3481,57.9988,61.6224,4801
gopro_007,train,gopro_fisheye,1920x1080,none,3481,61.6224,65.4724,3972
gopro_007,train,gopro_fisheye,1920x1080,none,3481,65.4724,69.563,3576
gopro_007,train,gopro_fisheye,1920x1080,none,3481,69.563,73.9091,3125
gopro_007,train,gopro_fisheye,1920x1080,none,3481,73.9091,78.5267,3459
gopro_007,train,gopro_fisheye,1920x1080,none,3481,78.5267,83.4329,2787
gopro_007,train,gopro_fisheye,1920x1080,none,3481,83.4329,88.6455,2389
gopro_007,train,gopro_fisheye,1920x1080,none,3481,88.6455,94.1839,2513
gopro_007,train,gopro_fisheye,1920x1080,none,3481,94.1839,100.0682,1988
gopro_007,train,gopro_fisheye,1920x1080,none,3481,100.0682,106.3202,1741
gopro_007,train,gopro_fisheye,1920x1080,none,3481,106.3202,112.9628,1492
gopro_007,train,gopro_fisheye,1920x1080,none,3481,112.9628,120.0205,1758
gopro_007,train,gopro_fisheye,1920x1080,none,3481,120.0205,127.519,1405
gopro_007,train,gopro_fisheye,1920x1080,none,3481,127.519,135.4861,1415
gopro_007,train,gopro_fisheye,1920x1080,none,3481,135.4861,143.9509,1045
gopro_007,train,gopro_fisheye,1920x1080,none,3481,143.9509,152.9446,964
gopro_007,train,gopro_fisheye,1920x1080,none,3481,152.9446,162.5001,864
gopro_007,train,gopro_fisheye,1920x1080,none,3481,162.5001,172.6527,753
gopro_007,train,gopro_fisheye,1920x1080,none,3481,172.6527,183.4396,691
gopro_007,train,gopro_fisheye,1920x1080,none,3481,183.4396,194.9004,606
gopro_007,train,gopro_fisheye,1920x1080,none,3481,194.9004,207.0773,641
gopro_007,train,gopro_fisheye,1920x1080,none,3481,207.0773,220.0149,564
gopro_007,train,gopro_fisheye,1920x1080,none,3481,220.0149,233.7609,529
gopro_007,train,gopro_fisheye,1920x1080,none,3481,233.7609,248.3657,453
gopro_007,train,gopro_fisheye,1920x1080,none,3481,248.3657,263.8829,336
gopro_007,train,gopro_fisheye,1920x1080,none,3481,263.8829,280.3696,416
gopro_007,train,gopro_fisheye,1920x1080,none,3481,280.3696,297.8864,380
gopro_007,train,gopro_fisheye,1920x1080,none,3481,297.8864,316.4975,352
gopro_007,train,gopro_fisheye,1920x1080,none,3481,316.4975,336.2714,269
gopro_007,train,gopro_fisheye,1920x1080,none,3481,336.2714,357.2808,253
gopro_007,train,gopro_fisheye,1920x1080,none,3481,357.2808,379.6028,181
gopro_007,train,gopro_fisheye,1920x1080,none,3481,379.6028,403.3193,163
gopro_007,train,gopro_fisheye,1920x1080,none,3481,403.3193,428.5177,121
gopro_007,train,gopro_fisheye,1920x1080,none,3481,428.5177,455.2903,101
gopro_007,train,gopro_fisheye,1920x1080,none,3481,455.2903,483.7357,78
gopro_007,train,gopro_fisheye,1920x1080,none,3481,483.7357,513.9582,47
gopro_007,train,gopro_fisheye,1920x1080,none,3481,513.9582,546.069,37
gopro_007,train,gopro_fisheye,1920x1080,none,3481,546.069,580.1859,27
gopro_007,train,gopro_fisheye,1920x1080,none,3481,580.1859,616.4344,29
gopro_007,train,gopro_fisheye,1920x1080,none,3481,616.4344,654.9476,30
gopro_007,train,gopro_fisheye,1920x1080,none,3481,654.9476,695.867,31
gopro_007,train,gopro_fisheye,1920x1080,none,3481,695.867,739.3429,32
gopro_007,train,gopro_fisheye,1920x1080,none,3481,739.3429,785.5351,24
gopro_007,train,gopro_fisheye,1920x1080,none,3481,785.5351,834.6133,21
gopro_007,train,gopro_fisheye,1920x1080,none,3481,834.6133,886.7577,8
gopro_007,train,gopro_fisheye,1920x1080,none,3481,886.7577,942.16,13
gopro_007,train,gopro_fisheye,1920x1080,none,3481,942.16,1001.0237,5
gopro_007,train,gopro_fisheye,1920x1080,none,3481,1001.0237,1063.565,3
gopro_008,train,gopro_fisheye,1920x1080,none,991,1.0,1.0625,1231620
gopro_008,train,gopro_fisheye,1920x1080,none,991,1.9477,2.0694,358992
gopro_008,train,gopro_fisheye,1920x1080,none,991,2.9768,3.1628,178448
gopro_008,train,gopro_fisheye,1920x1080,none,991,3.7934,4.0304,112098
gopro_008,train,gopro_fisheye,1920x1080,none,991,4.8341,5.1361,76081
gopro_008,train,gopro_fisheye,1920x1080,none,991,5.7979,6.1601,54485
gopro_008,train,gopro_fisheye,1920x1080,none,991,6.9539,7.3884,40375
gopro_008,train,gopro_fisheye,1920x1080,none,991,7.85,8.3404,31129
gopro_008,train,gopro_fisheye,1920x1080,none,991,8.8615,9.4152,24623
gopro_008,train,gopro_fisheye,1920x1080,none,991,9.4152,10.0034,19916
gopro_008,train,gopro_fisheye,1920x1080,none,991,10.6284,11.2924,16344
gopro_008,train,gopro_fisheye,1920x1080,none,991,11.998,12.7476,13531
gopro_008,train,gopro_fisheye,1920x1080,none,991,12.7476,13.544,11646
gopro_008,train,gopro_fisheye,1920x1080,none,991,13.544,14.3902,9746
gopro_008,train,gopro_fisheye,1920x1080,none,991,14.3902,15.2892,8516
gopro_008,train,gopro_fisheye,1920x1080,none,991,15.2892,16.2445,7338
gopro_008,train,gopro_fisheye,1920x1080,none,991,16.2445,17.2594,6354
gopro_008,train,gopro_fisheye,1920x1080,none,991,17.2594,18.3377,5663
gopro_008,train,gopro_fisheye,1920x1080,none,991,18.3377,19.4834,4883
gopro_008,train,gopro_fisheye,1920x1080,none,991,19.4834,20.7007,4290
gopro_008,train,gopro_fisheye,1920x1080,none,991,20.7007,21.994,3888
gopro_008,train,gopro_fisheye,1920x1080,none,991,21.994,23.3681,6930
gopro_008,train,gopro_fisheye,1920x1080,none,991,23.3681,24.8281,3019
gopro_008,train,gopro_fisheye,1920x1080,none,991,24.8281,26.3793,5263
gopro_008,train,gopro_fisheye,1920x1080,none,991,26.3793,28.0274,4489
gopro_008,train,gopro_fisheye,1920x1080,none,991,28.0274,29.7785,1933
gopro_008,train,gopro_fisheye,1920x1080,none,991,29.7785,31.639,3514
gopro_008,train,gopro_fisheye,1920x1080,none,991,31.639,33.6157,2991
gopro_008,train,gopro_fisheye,1920x1080,none,991,33.6157,35.7159,2674
gopro_008,train,gopro_fisheye,1920x1080,none,991,35.7159,37.9473,2284
gopro_008,train,gopro_fisheye,1920x1080,none,991,37.9473,40.3182,2907
gopro_008,train,gopro_fisheye,1920x1080,none,991,40.3182,42.8372,1632
gopro_008,train,gopro_fisheye,1920x1080,none,991,42.8372,45.5135,2189
gopro_008,train,gopro_fisheye,1920x1080,none,991,45.5135,48.3571,1882
gopro_008,train,gopro_fisheye,1920x1080,none,991,48.3571,51.3783,1481
gopro_008,train,gopro_fisheye,1920x1080,none,991,51.3783,54.5883,1460
gopro_008,train,gopro_fisheye,1920x1080,none,991,54.5883,57.9988,1198
gopro_008,train,gopro_fisheye,1920x1080,none,991,57.9988,61.6224,1411
gopro_008,train,gopro_fisheye,1920x1080,none,991,61.6224,65.4724,1101
gopro_008,train,gopro_fisheye,1920x1080,none,991,65.4724,69.563,1045
gopro_008,train,gopro_fisheye,1920x1080,none,991,69.563,73.9091,923
gopro_008,train,gopro_fisheye,1920x1080,none,991,73.9091,78.5267,979
gopro_008,train,gopro_fisheye,1920x1080,none,991,78.5267,83.4329,837
gopro_008,train,gopro_fisheye,1920x1080,none,991,83.4329,88.6455,735
gopro_008,train,gopro_fisheye,1920x1080,none,991,88.6455,94.1839,678
gopro_008,train,gopro_fisheye,1920x1080,none,991,94.1839,100.0682,579
gopro_008,train,gopro_fisheye,1920x1080,none,991,100.0682,106.3202,554
gopro_008,train,gopro_fisheye,1920x1080,none,991,106.3202,112.9628,426
gopro_008,train,gopro_fisheye,1920x1080,none,991,112.9628,120.0205,470
gopro_008,train,gopro_fisheye,1920x1080,none,991,120.0205,127.519,384
gopro_008,train,gopro_fisheye,1920x1080,none,991,127.519,135.4861,314
gopro_008,train,gopro_fisheye,1920x1080,none,991,135.4861,143.9509,311
gopro_008,train,gopro_fisheye,1920x1080,none,991,143.9509,152.9446,319
gopro_008,train,gopro_fisheye,1920x1080,none,991,152.9446,162.5001,296
gopro_008,train,gopro_fisheye,1920x1080,none,991,162.5001,172.6527,255
gopro_008,train,gopro_fisheye,1920x1080,none,991,172.6527,183.4396,257
gopro_008,train,gopro_fisheye,1920x1080,none,991,183.4396,194.9004,192
gopro_008,train,gopro_fisheye,1920x1080,none,991,194.9004,207.0773,148
gopro_008,train,gopro_fisheye,1920x1080,none,991,207.0773,220.0149,133
gopro_008,train,gopro_fisheye,1920x1080,none,991,220.0149,233.7609,104
gopro_008,train,gopro_fisheye,1920x1080,none,991,233.7609,248.3657,127
gopro_008,train,gopro_fisheye,1920x1080,none,991,248.3657,263.8829,103
gopro_008,train,gopro_fisheye,1920x1080,none,991,263.8829,280.3696,87
gopro_008,train,gopro_fisheye,1920x1080,none,991,280.3696,297.8864,98
gopro_008,train,gopro_fisheye,1920x1080,none,991,297.8864,316.4975,82
gopro_008,train,gopro_fisheye,1920x1080,none,991,316.4975,336.2714,81
gopro_008,train,gopro_fisheye,1920x1080,none,991,336.2714,357.2808,71
gopro_008,train,gopro_fisheye,1920x1080,none,991,357.2808,379.6028,57
gopro_008,train,gopro_fisheye,1920x1080,none,991,379.6028,403.3193,70
gopro_008,train,gopro_fisheye,1920x1080,none,991,403.3193,428.5177,75
gopro_008,train,gopro_fisheye,1920x1080,none,991,428.5177,455.2903,53
gopro_008,train,gopro_fisheye,1920x1080,none,991,455.2903,483.7357,67
gopro_008,train,gopro_fisheye,1920x1080,none,991,483.7357,513.9582,76
gopro_008,train,gopro_fisheye,1920x1080,none,991,513.9582,546.069,51
gopro_008,train,gopro_fisheye,1920x1080,none,991,546.069,580.1859,23
gopro_008,train,gopro_fisheye,1920x1080,none,991,580.1859,616.4344,19
gopro_008,train,gopro_fisheye,1920x1080,none,991,616.4344,654.9476,22
gopro_008,train,gopro_fisheye,1920x1080,none,991,654.9476,695.867,18
gopro_008,train,gopro_fisheye,1920x1080,none,991,695.867,739.3429,12
gopro_008,train,gopro_fisheye,1920x1080,none,991,739.3429,785.5351,30
gopro_008,train,gopro_fisheye,1920x1080,none,991,785.5351,834.6133,24
gopro_008,train,gopro_fisheye,1920x1080,none,991,834.6133,886.7577,12
gopro_008,train,gopro_fisheye,1920x1080,none,991,886.7577,942.16,17
gopro_008,train,gopro_fisheye,1920x1080,none,991,942.16,1001.0237,20
gopro_008,train,gopro_fisheye,1920x1080,none,991,1001.0237,1063.565,21
gopro_008,train,gopro_fisheye,1920x1080,none,991,1063.565,1130.0138,25
gopro_008,train,gopro_fisheye,1920x1080,none,991,1130.0138,1200.6141,23
gopro_008,train,gopro_fisheye,1920x1080,none,991,1200.6141,1275.6253,22
gopro_008,train,gopro_fisheye,1920x1080,none,991,1275.6253,1355.323,15
gopro_008,train,gopro_fisheye,1920x1080,none,991,1355.323,1440.0,13
gopro_008,train,gopro_fisheye,1920x1080,none,991,1440.0,1529.9674,6
gopro_008,train,gopro_fisheye,1920x1080,none,991,1529.9674,1625.5557,3
gopro_008,train,gopro_fisheye,1920x1080,none,991,1625.5557,1727.1162,12
gopro_008,train,gopro_fisheye,1920x1080,none,991,1727.1162,1835.0219,2
