video,split,scene,resolution,variant,frames_processed,bin_lo,bin_hi,count
00_01_52_to_00_01_58,train,seaside,1920x1080,none,175,1.0,1.0625,146168
00_01_52_to_00_01_58,train,seaside,1920x1080,none,175,1.9477,2.0694,30974
00_01_52_to_00_01_58,train,seaside,1920x1080,none,175,2.9768,3.1628,7416
00_01_52_to_00_01_58,train,seaside,1920x1080,none,175,3.7934,4.0304,3332
00_01_52_to_00_01_58,train,seaside,1920x1080,none,175,4.8341,5.1361,1622
00_01_52_to_00_01_58,train,seaside,1920x1080,none,175,5.7979,6.1601,1051
00_01_52_to_00_01_58,train,seaside,1920x1080,none,175,6.9539,7.3884,730
00_01_52_to_00_01_58,train,seaside,1920x1080,none,175,7.85,8.3404,536
00_01_52_to_00_01_58,train,seaside,1920x1080,none,175,8.8615,9.4152,425
00_01_52_to_00_01_58,train,seaside,1920x1080,none,175,9.4152,10.0034,350
00_01_52_to_00_01_58,train,seaside,1920x1080,none,175,10.6284,11.2924,278
00_01_52_to_00_01_58,train,seaside,1920x1080,none,175,11.998,12.7476,214
00_01_52_to_00_01_58,train,seaside,1920x1080,none,175,12.7476,13.544,197
00_01_52_to_00_01_58,train,seaside,1920x1080,none,175,13.544,14.3902,136
00_01_52_to_00_01_58,train,seaside,1920x1080,none,175,14.3902,15.2892,140
00_01_52_to_00_01_58,train,seaside,1920x1080,none,175,15.2892,16.2445,132
00_01_52_to_00_01_58,train,seaside,1920x1080,none,175,16.2445,17.2594,97
00_01_52_to_00_01_58,train,seaside,1920x1080,none,175,17.2594,18.3377,77
00_01_52_to_00_01_58,train,seaside,1920x1080,none,175,18.3377,19.4834,76
00_01_52_to_00_01_58,train,seaside,1920x1080,none,175,19.4834,20.7007,54
00_01_52_to_00_01_58,train,seaside,1920x1080,none,175,20.7007,21.994,75
00_01_52_to_00_01_58,train,seaside,1920x1080,none,175,21.994,23.3681,116
00_01_52_to_00_01_58,train,seaside,1920x1080,none,175,23.3681,24.8281,49
00_01_52_to_00_01_58,train,seaside,1920x1080,none,175,24.8281,26.3793,88
00_01_52_to_00_01_58,train,seaside,1920x1080,none,175,26.3793,28.0274,45
00_01_52_to_00_01_58,train,seaside,1920x1080,none,175,28.0274,29.7785,30
00_01_52_to_00_01_58,train,seaside,1920x1080,none,175,29.7785,31.639,42
00_01_52_to_00_01_58,train,seaside,1920x1080,none,175,31.639,33.6157,48
00_01_52_to_00_01_58,train,seaside,1920x1080,none,175,33.6157,35.7159,35
00_01_52_to_00_01_58,train,seaside,1920x1080,none,175,35.7159,37.9473,35
00_01_52_to_00_01_58,train,seaside,1920x1080,none,175,37.9473,40.3182,47
00_01_52_to_00_01_58,train,seaside,1920x1080,none,175,40.3182,42.8372,31
00_01_52_to_00_01_58,train,seaside,1920x1080,none,175,42.8372,45.5135,32
00_01_52_to_00_01_58,train,seaside,1920x1080,none,175,45.5135,48.3571,34
00_01_52_to_00_01_58,train,seaside,1920x1080,none,175,48.3571,51.3783,21
00_01_52_to_00_01_58,train,seaside,1920x1080,none,175,51.3783,54.5883,24
00_01_52_to_00_01_58,train,seaside,1920x1080,none,175,54.5883,57.9988,17
00_01_52_to_00_01_58,train,seaside,1920x1080,none,175,57.9988,61.6224,21
00_01_52_to_00_01_58,train,seaside,1920x1080,none,175,61.6224,65.4724,18
00_01_52_to_00_01_58,train,seaside,1920x1080,none,175,65.4724,69.563,26
00_01_52_to_00_01_58,train,seaside,1920x1080,none,175,69.563,73.9091,18
00_01_52_to_00_01_58,train,seaside,1920x1080,none,175,73.9091,78.5267,19
00_01_52_to_00_01_58,train,seaside,1920x1080,none,175,78.5267,83.4329,15
00_01_52_to_00_01_58,train,seaside,1920x1080,none,175,83.4329,88.6455,18
00_01_52_to_00_01_58,train,seaside,1920x1080,none,175,88.6455,94.1839,18
00_01_52_to_00_01_58,train,seaside,1920x1080,none,175,94.1839,100.0682,13
00_01_52_to_00_01_58,train,seaside,1920x1080,none,175,100.0682,106.3202,18
00_01_52_to_00_01_58,train,seaside,1920x1080,none,175,106.3202,112.9628,6
00_01_52_to_00_01_58,train,seaside,1920x1080,none,175,112.9628,120.0205,7
00_01_52_to_00_01_58,train,seaside,1920x1080,none,175,120.0205,127.519,6
00_01_52_to_00_01_58,train,seaside,1920x1080,none,175,127.519,135.4861,5
00_01_52_to_00_01_58,train,seaside,1920x1080,none,175,135.4861,143.9509,6
00_01_52_to_00_01_58,train,seaside,1920x1080,none,175,143.9509,152.9446,5
00_01_52_to_00_01_58,train,seaside,1920x1080,none,175,152.9446,162.5001,4
00_01_52_to_00_01_58,train,seaside,1920x1080,none,175,162.5001,172.6527,2
00_01_52_to_00_01_58,train,seaside,1920x1080,none,175,172.6527,183.4396,4
00_01_52_to_00_01_58,train,seaside,1920x1080,none,175,183.4396,194.9004,3
00_01_52_to_00_01_58,train,seaside,1920x1080,none,175,194.9004,207.0773,4
00_01_52_to_00_01_58,train,seaside,1920x1080,none,175,207.0773,220.0149,1
00_01_52_to_00_01_58,train,seaside,1920x1080,none,175,220.0149,233.7609,3
00_01_52_to_00_01_58,train,seaside,1920x1080,none,175,233.7609,248.3657,2
00_01_52_to_00_01_58,train,seaside,1920x1080,none,175,248.3657,263.8829,2
00_01_52_to_00_01_58,train,seaside,1920x1080,none,175,263.8829,280.3696,1
00_01_52_to_00_01_58,train,seaside,1920x1080,none,175,280.3696,297.8864,2
00_01_52_to_00_01_58,train,seaside,1920x1080,none,175,297.8864,316.4975,2
00_01_52_to_00_01_58,train,seaside,1920x1080,none,175,316.4975,336.2714,2
00_01_52_to_00_01_58,train,seaside,1920x1080,none,175,379.6028,403.3193,1
00_01_52_to_00_01_58,train,seaside,1920x1080,none,175,428.5177,455.2903,1
00_01_52_to_00_01_58,train,seaside,1920x1080,none,175,455.2903,483.7357,1
00_01_52_to_00_01_58,train,seaside,1920x1080,none,175,483.7357,513.9582,2
00_01_52_to_00_01_58,train,seaside,1920x1080,none,175,513.9582,546.069,2
00_01_52_to_00_01_58,train,seaside,1920x1080,none,175,616.4344,654.9476,2
00_01_52_to_00_01_58,train,seaside,1920x1080,none,175,654.9476,695.867,1
00_01_52_to_00_01_58,train,seaside,1920x1080,none,175,695.867,739.3429,1
00_01_52_to_00_01_58,train,seaside,1920x1080,none,175,739.3429,785.5351,1
00_01_52_to_00_01_58,train,seaside,1920x1080,none,175,834.6133,886.7577,1
00_01_52_to_00_01_58,train,seaside,1920x1080,none,175,942.16,1001.0237,1
00_01_52_to_00_01_58,train,seaside,1920x1080,none,175,1130.0138,1200.6141,1
00_01_52_to_00_01_58,train,seaside,1920x1080,none,175,1275.6253,1355.323,4
00_01_52_to_00_01_58,train,seaside,1920x1080,none,175,1355.323,1440.0,2
00_01_52_to_00_01_58,train,seaside,1920x1080,none,175,1440.0,1529.9674,15
00_01_52_to_00_01_58,train,seaside,1920x1080,none,175,1529.9674,1625.5557,47
00_01_52_to_00_01_58,train,seaside,1920x1080,none,175,1625.5557,1727.1162,26
00_01_52_to_00_01_58,train,seaside,1920x1080,none,175,1727.1162,1835.0219,21
00_01_52_to_00_01_58,train,seaside,1920x1080,none,175,1835.0219,1949.6692,6
00_01_52_to_00_01_58,train,seaside,1920x1080,none,175,1951665.1031,2073600.0,1
00_01_52_to_00_01_58,train,seaside,1920x1080,open3,175,5.7979,6.1601,3
00_01_52_to_00_01_58,train,seaside,1920x1080,open3,175,7.85,8.3404,1
00_01_52_to_00_01_58,train,seaside,1920x1080,open3,175,8.8615,9.4152,235
00_01_52_to_00_01_58,train,seaside,1920x1080,open3,175,11.998,12.7476,139
00_01_52_to_00_01_58,train,seaside,1920x1080,open3,175,13.544,14.3902,1
00_01_52_to_00_01_58,train,seaside,1920x1080,open3,175,14.3902,15.2892,62
00_01_52_to_00_01_58,train,seaside,1920x1080,open3,175,15.2892,16.2445,10
00_01_52_to_00_01_58,train,seaside,1920x1080,open3,175,16.2445,17.2594,3
00_01_52_to_00_01_58,train,seaside,1920x1080,open3,175,17.2594,18.3377,36
00_01_52_to_00_01_58,train,seaside,1920x1080,open3,175,18.3377,19.4834,4
00_01_52_to_00_01_58,train,seaside,1920x1080,open3,175,19.4834,20.7007,4
00_01_52_to_00_01_58,train,seaside,1920x1080,open3,175,20.7007,21.994,30
00_01_52_to_00_01_58,train,seaside,1920x1080,open3,175,21.994,23.3681,2
00_01_52_to_00_01_58,train,seaside,1920x1080,open3,175,23.3681,24.8281,21
00_01_52_to_00_01_58,train,seaside,1920x1080,open3,175,24.8281,26.3793,3
00_01_52_to_00_01_58,train,seaside,1920x1080,open3,175,26.3793,28.0274,11
00_01_52_to_00_01_58,train,seaside,1920x1080,open3,175,28.0274,29.7785,1
00_01_52_to_00_01_58,train,seaside,1920x1080,open3,175,29.7785,31.639,15
00_01_52_to_00_01_58,train,seaside,1920x1080,open3,175,31.639,33.6157,4
00_01_52_to_00_01_58,train,seaside,1920x1080,open3,175,33.6157,35.7159,6
00_01_52_to_00_01_58,train,seaside,1920x1080,open3,175,35.7159,37.9473,6
00_01_52_to_00_01_58,train,seaside,1920x1080,open3,175,37.9473,40.3182,3
00_01_52_to_00_01_58,train,seaside,1920x1080,open3,175,40.3182,42.8372,6
00_01_52_to_00_01_58,train,seaside,1920x1080,open3,175,42.8372,45.5135,5
00_01_52_to_00_01_58,train,seaside,1920x1080,open3,175,45.5135,48.3571,1
00_01_52_to_00_01_58,train,seaside,1920x1080,open3,175,48.3571,51.3783,3
00_01_52_to_00_01_58,train,seaside,1920x1080,open3,175,51.3783,54.5883,3
00_01_52_to_00_01_58,train,seaside,1920x1080,open3,175,57.9988,61.6224,3
00_01_52_to_00_01_58,train,seaside,1920x1080,open3,175,61.6224,65.4724,2
00_01_52_to_00_01_58,train,seaside,1920x1080,open3,175,65.4724,69.563,1
00_01_52_to_00_01_58,train,seaside,1920x1080,open3,175,73.9091,78.5267,2
00_01_52_to_00_01_58,train,seaside,1920x1080,open3,175,78.5267,83.4329,1
00_01_52_to_00_01_58,train,seaside,1920x1080,open3,175,106.3202,112.9628,1
00_01_52_to_00_01_58,train,seaside,1920x1080,open3,175,112.9628,120.0205,2
00_01_52_to_00_01_58,train,seaside,1920x1080,open3,175,127.519,135.4861,1
00_01_52_to_00_01_58,train,seaside,1920x1080,open3,175,379.6028,403.3193,1
00_01_52_to_00_01_58,train,seaside,1920x1080,open3,175,428.5177,455.2903,1
00_01_52_to_00_01_58,train,seaside,1920x1080,open3,175,785.5351,834.6133,1
00_01_52_to_00_01_58,train,seaside,1920x1080,open3,175,942.16,1001.0237,1
00_01_52_to_00_01_58,train,seaside,1920x1080,open3,175,1063.565,1130.0138,1
00_01_52_to_00_01_58,train,seaside,1920x1080,open3,175,1130.0138,1200.6141,2
00_01_52_to_00_01_58,train,seaside,1920x1080,open3,175,1200.6141,1275.6253,2
00_01_52_to_00_01_58,train,seaside,1920x1080,open3,175,1275.6253,1355.323,2
00_01_52_to_00_01_58,train,seaside,1920x1080,open3,175,1355.323,1440.0,36
00_01_52_to_00_01_58,train,seaside,1920x1080,open3,175,1440.0,1529.9674,27
00_01_52_to_00_01_58,train,seaside,1920x1080,open3,175,1529.9674,1625.5557,21
00_01_52_to_00_01_58,train,seaside,1920x1080,open3,175,1625.5557,1727.1162,19
00_01_52_to_00_01_58,train,seaside,1920x1080,open3,175,1727.1162,1835.0219,10
00_01_52_to_00_01_58,train,seaside,1920x1080,open3,175,1951665.1031,2073600.0,1
00_02_45_to_00_03_10_cut,train,seaside,1920x1080,none,400,1.0,1.0625,445736
00_02_45_to_00_03_10_cut,train,seaside,1920x1080,none,400,1.9477,2.0694,174865
00_02_45_to_00_03_10_cut,train,seaside,1920x1080,none,400,2.9768,3.1628,89844
00_02_45_to_00_03_10_cut,train,seaside,1920x1080,none,400,3.7934,4.0304,53835
00_02_45_to_00_03_10_cut,train,seaside,1920x1080,none,400,4.8341,5.1361,35163
00_02_45_to_00_03_10_cut,train,seaside,1920x1080,none,400,5.7979,6.1601,23851
00_02_45_to_00_03_10_cut,train,seaside,1920x1080,none,400,6.9539,7.3884,17620
00_02_45_to_00_03_10_cut,train,seaside,1920x1080,none,400,7.85,8.3404,12698
00_02_45_to_00_03_10_cut,train,seaside,1920x1080,none,400,8.8615,9.4152,9130
00_02_45_to_00_03_10_cut,train,seaside,1920x1080,none,400,9.4152,10.0034,6647
00_02_45_to_00_03_10_cut,train,seaside,1920x1080,none,400,10.6284,11.2924,5177
00_02_45_to_00_03_10_cut,train,seaside,1920x1080,none,400,11.998,12.7476,3821
00_02_45_to_00_03_10_cut,train,seaside,1920x1080,none,400,12.7476,13.544,3329
00_02_45_to_00_03_10_cut,train,seaside,1920x1080,none,400,13.544,14.3902,2515
00_02_45_to_00_03_10_cut,train,seaside,1920x1080,none,400,14.3902,15.2892,2111
00_02_45_to_00_03_10_cut,train,seaside,1920x1080,none,400,15.2892,16.2445,1685
00_02_45_to_00_03_10_cut,train,seaside,1920x1080,none,400,16.2445,17.2594,1321
00_02_45_to_00_03_10_cut,train,seaside,1920x1080,none,400,17.2594,18.3377,1077
00_02_45_to_00_03_10_cut,train,seaside,1920x1080,none,400,18.3377,19.4834,941
00_02_45_to_00_03_10_cut,train,seaside,1920x1080,none,400,19.4834,20.7007,926
00_02_45_to_00_03_10_cut,train,seaside,1920x1080,none,400,20.7007,21.994,708
00_02_45_to_00_03_10_cut,train,seaside,1920x1080,none,400,21.994,23.3681,1186
00_02_45_to_00_03_10_cut,train,seaside,1920x1080,none,400,23.3681,24.8281,520
00_02_45_to_00_03_10_cut,train,seaside,1920x1080,none,400,24.8281,26.3793,680
00_02_45_to_00_03_10_cut,train,seaside,1920x1080,none,400,26.3793,28.0274,496
00_02_45_to_00_03_10_cut,train,seaside,1920x1080,none,400,28.0274,29.7785,214
00_02_45_to_00_03_10_cut,train,seaside,1920x1080,none,400,29.7785,31.639,380
00_02_45_to_00_03_10_cut,train,seaside,1920x1080,none,400,31.639,33.6157,329
00_02_45_to_00_03_10_cut,train,seaside,1920x1080,none,400,33.6157,35.7159,225
00_02_45_to_00_03_10_cut,train,seaside,1920x1080,none,400,35.7159,37.9473,199
00_02_45_to_00_03_10_cut,train,seaside,1920x1080,none,400,37.9473,40.3182,231
00_02_45_to_00_03_10_cut,train,seaside,1920x1080,none,400,40.3182,42.8372,127
00_02_45_to_00_03_10_cut,train,seaside,1920x1080,none,400,42.8372,45.5135,133
00_02_45_to_00_03_10_cut,train,seaside,1920x1080,none,400,45.5135,48.3571,109
00_02_45_to_00_03_10_cut,train,seaside,1920x1080,none,400,48.3571,51.3783,72
00_02_45_to_00_03_10_cut,train,seaside,1920x1080,none,400,51.3783,54.5883,51
00_02_45_to_00_03_10_cut,train,seaside,1920x1080,none,400,54.5883,57.9988,26
00_02_45_to_00_03_10_cut,train,seaside,1920x1080,none,400,57.9988,61.6224,52
00_02_45_to_00_03_10_cut,train,seaside,1920x1080,none,400,61.6224,65.4724,49
00_02_45_to_00_03_10_cut,train,seaside,1920x1080,none,400,65.4724,69.563,47
00_02_45_to_00_03_10_cut,train,seaside,1920x1080,none,400,69.563,73.9091,37
00_02_45_to_00_03_10_cut,train,seaside,1920x1080,none,400,73.9091,78.5267,43
00_02_45_to_00_03_10_cut,train,seaside,1920x1080,none,400,78.5267,83.4329,36
00_02_45_to_00_03_10_cut,train,seaside,1920x1080,none,400,83.4329,88.6455,33
00_02_45_to_00_03_10_cut,train,seaside,1920x1080,none,400,88.6455,94.1839,32
00_02_45_to_00_03_10_cut,train,seaside,1920x1080,none,400,94.1839,100.0682,32
00_02_45_to_00_03_10_cut,train,seaside,1920x1080,none,400,100.0682,106.3202,25
00_02_45_to_00_03_10_cut,train,seaside,1920x1080,none,400,106.3202,112.9628,8
00_02_45_to_00_03_10_cut,train,seaside,1920x1080,none,400,112.9628,120.0205,26
00_02_45_to_00_03_10_cut,train,seaside,1920x1080,none,400,120.0205,127.519,22
00_02_45_to_00_03_10_cut,train,seaside,1920x1080,none,400,127.519,135.4861,31
00_02_45_to_00_03_10_cut,train,seaside,1920x1080,none,400,135.4861,143.9509,11
00_02_45_to_00_03_10_cut,train,seaside,1920x1080,none,400,143.9509,152.9446,21
00_02_45_to_00_03_10_cut,train,seaside,1920x1080,none,400,152.9446,162.5001,30
00_02_45_to_00_03_10_cut,train,seaside,1920x1080,none,400,162.5001,172.6527,15
00_02_45_to_00_03_10_cut,train,seaside,1920x1080,none,400,172.6527,183.4396,23
00_02_45_to_00_03_10_cut,train,seaside,1920x1080,none,400,183.4396,194.9004,9
00_02_45_to_00_03_10_cut,train,seaside,1920x1080,none,400,194.9004,207.0773,17
00_02_45_to_00_03_10_cut,train,seaside,1920x1080,none,400,207.0773,220.0149,14
00_02_45_to_00_03_10_cut,train,seaside,1920x1080,none,400,220.0149,233.7609,16
00_02_45_to_00_03_10_cut,train,seaside,1920x1080,none,400,233.7609,248.3657,18
00_02_45_to_00_03_10_cut,train,seaside,1920x1080,none,400,248.3657,263.8829,12
00_02_45_to_00_03_10_cut,train,seaside,1920x1080,none,400,263.8829,280.3696,4
00_02_45_to_00_03_10_cut,train,seaside,1920x1080,none,400,280.3696,297.8864,8
00_02_45_to_00_03_10_cut,train,seaside,1920x1080,none,400,297.8864,316.4975,11
00_02_45_to_00_03_10_cut,train,seaside,1920x1080,none,400,316.4975,336.2714,13
00_02_45_to_00_03_10_cut,train,seaside,1920x1080,none,400,336.2714,357.2808,20
00_02_45_to_00_03_10_cut,train,seaside,1920x1080,none,400,357.2808,379.6028,10
00_02_45_to_00_03_10_cut,train,seaside,1920x1080,none,400,379.6028,403.3193,3
00_02_45_to_00_03_10_cut,train,seaside,1920x1080,none,400,403.3193,428.5177,5
00_02_45_to_00_03_10_cut,train,seaside,1920x1080,none,400,428.5177,455.2903,21
00_02_45_to_00_03_10_cut,train,seaside,1920x1080,none,400,455.2903,483.7357,6
00_02_45_to_00_03_10_cut,train,seaside,1920x1080,none,400,483.7357,513.9582,10
00_02_45_to_00_03_10_cut,train,seaside,1920x1080,none,400,513.9582,546.069,19
00_02_45_to_00_03_10_cut,train,seaside,1920x1080,none,400,546.069,580.1859,14
00_02_45_to_00_03_10_cut,train,seaside,1920x1080,none,400,580.1859,616.4344,21
00_02_45_to_00_03_10_cut,train,seaside,1920x1080,none,400,616.4344,654.9476,4
00_02_45_to_00_03_10_cut,train,seaside,1920x1080,none,400,654.9476,695.867,9
00_02_45_to_00_03_10_cut,train,seaside,1920x1080,none,400,695.867,739.3429,7
00_02_45_to_00_03_10_cut,train,seaside,1920x1080,none,400,1951665.1031,2073600.0,1
00_02_45_to_00_03_10_cut,train,seaside,1920x1080,open3,400,5.7979,6.1601,211
00_02_45_to_00_03_10_cut,train,seaside,1920x1080,open3,400,7.85,8.3404,74
00_02_45_to_00_03_10_cut,train,seaside,1920x1080,open3,400,8.8615,9.4152,3168
00_02_45_to_00_03_10_cut,train,seaside,1920x1080,open3,400,9.4152,10.0034,14
00_02_45_to_00_03_10_cut,train,seaside,1920x1080,open3,400,10.6284,11.2924,6
00_02_45_to_00_03_10_cut,train,seaside,1920x1080,open3,400,11.998,12.7476,1137
00_02_45_to_00_03_10_cut,train,seaside,1920x1080,open3,400,12.7476,13.544,3
00_02_45_to_00_03_10_cut,train,seaside,1920x1080,open3,400,13.544,14.3902,47
00_02_45_to_00_03_10_cut,train,seaside,1920x1080,open3,400,14.3902,15.2892,552
00_02_45_to_00_03_10_cut,train,seaside,1920x1080,open3,400,15.2892,16.2445,67
00_02_45_to_00_03_10_cut,train,seaside,1920x1080,open3,400,16.2445,17.2594,29
00_02_45_to_00_03_10_cut,train,seaside,1920x1080,open3,400,17.2594,18.3377,245
00_02_45_to_00_03_10_cut,train,seaside,1920x1080,open3,400,18.3377,19.4834,54
00_02_45_to_00_03_10_cut,train,seaside,1920x1080,open3,400,19.4834,20.7007,31
00_02_45_to_00_03_10_cut,train,seaside,1920x1080,open3,400,20.7007,21.994,88
00_02_45_to_00_03_10_cut,train,seaside,1920x1080,open3,400,21.994,23.3681,59
00_02_45_to_00_03_10_cut,train,seaside,1920x1080,open3,400,23.3681,24.8281,72
00_02_45_to_00_03_10_cut,train,seaside,1920x1080,open3,400,24.8281,26.3793,34
00_02_45_to_00_03_10_cut,train,seaside,1920x1080,open3,400,26.3793,28.0274,48
00_02_45_to_00_03_10_cut,train,seaside,1920x1080,open3,400,28.0274,29.7785,12
00_02_45_to_00_03_10_cut,train,seaside,1920x1080,open3,400,29.7785,31.639,11
00_02_45_to_00_03_10_cut,train,seaside,1920x1080,open3,400,31.639,33.6157,9
00_02_45_to_00_03_10_cut,train,seaside,1920x1080,open3,400,33.6157,35.7159,20
00_02_45_to_00_03_10_cut,train,seaside,1920x1080,open3,400,35.7159,37.9473,10
00_02_45_to_00_03_10_cut,train,seaside,1920x1080,open3,400,37.9473,40.3182,20
00_02_45_to_00_03_10_cut,train,seaside,1920x1080,open3,400,40.3182,42.8372,15
00_02_45_to_00_03_10_cut,train,seaside,1920x1080,open3,400,42.8372,45.5135,13
00_02_45_to_00_03_10_cut,train,seaside,1920x1080,open3,400,45.5135,48.3571,9
00_02_45_to_00_03_10_cut,train,seaside,1920x1080,open3,400,48.3571,51.3783,21
00_02_45_to_00_03_10_cut,train,seaside,1920x1080,open3,400,51.3783,54.5883,16
00_02_45_to_00_03_10_cut,train,seaside,1920x1080,open3,400,54.5883,57.9988,13
00_02_45_to_00_03_10_cut,train,seaside,1920x1080,open3,400,57.9988,61.6224,19
00_02_45_to_00_03_10_cut,train,seaside,1920x1080,open3,400,61.6224,65.4724,14
00_02_45_to_00_03_10_cut,train,seaside,1920x1080,open3,400,65.4724,69.563,23
00_02_45_to_00_03_10_cut,train,seaside,1920x1080,open3,400,69.563,73.9091,13
00_02_45_to_00_03_10_cut,train,seaside,1920x1080,open3,400,73.9091,78.5267,20
00_02_45_to_00_03_10_cut,train,seaside,1920x1080,open3,400,78.5267,83.4329,16
00_02_45_to_00_03_10_cut,train,seaside,1920x1080,open3,400,83.4329,88.6455,12
00_02_45_to_00_03_10_cut,train,seaside,1920x1080,open3,400,88.6455,94.1839,20
00_02_45_to_00_03_10_cut,train,seaside,1920x1080,open3,400,94.1839,100.0682,18
00_02_45_to_00_03_10_cut,train,seaside,1920x1080,open3,400,100.0682,106.3202,14
00_02_45_to_00_03_10_cut,train,seaside,1920x1080,open3,400,106.3202,112.9628,20
00_02_45_to_00_03_10_cut,train,seaside,1920x1080,open3,400,112.9628,120.0205,21
00_02_45_to_00_03_10_cut,train,seaside,1920x1080,open3,400,120.0205,127.519,23
00_02_45_to_00_03_10_cut,train,seaside,1920x1080,open3,400,127.519,135.4861,14
00_02_45_to_00_03_10_cut,train,seaside,1920x1080,open3,400,135.4861,143.9509,22
00_02_45_to_00_03_10_cut,train,seaside,1920x1080,open3,400,143.9509,152.9446,17
00_02_45_to_00_03_10_cut,train,seaside,1920x1080,open3,400,152.9446,162.5001,19
00_02_45_to_00_03_10_cut,train,seaside,1920x1080,open3,400,162.5001,172.6527,18
00_02_45_to_00_03_10_cut,train,seaside,1920x1080,open3,400,172.6527,183.4396,8
00_02_45_to_00_03_10_cut,train,seaside,1920x1080,open3,400,183.4396,194.9004,12
00_02_45_to_00_03_10_cut,train,seaside,1920x1080,open3,400,194.9004,207.0773,18
00_02_45_to_00_03_10_cut,train,seaside,1920x1080,open3,400,207.0773,220.0149,17
00_02_45_to_00_03_10_cut,train,seaside,1920x1080,open3,400,220.0149,233.7609,15
00_02_45_to_00_03_10_cut,train,seaside,1920x1080,open3,400,233.7609,248.3657,10
00_02_45_to_00_03_10_cut,train,seaside,1920x1080,open3,400,248.3657,263.8829,3
00_02_45_to_00_03_10_cut,train,seaside,1920x1080,open3,400,263.8829,280.3696,8
00_02_45_to_00_03_10_cut,train,seaside,1920x1080,open3,400,280.3696,297.8864,7
00_02_45_to_00_03_10_cut,train,seaside,1920x1080,open3,400,297.8864,316.4975,15
00_02_45_to_00_03_10_cut,train,seaside,1920x1080,open3,400,316.4975,336.2714,18
00_02_45_to_00_03_10_cut,train,seaside,1920x1080,open3,400,336.2714,357.2808,11
00_02_45_to_00_03_10_cut,train,seaside,1920x1080,open3,400,357.2808,379.6028,3
00_02_45_to_00_03_10_cut,train,seaside,1920x1080,open3,400,379.6028,403.3193,13
00_02_45_to_00_03_10_cut,train,seaside,1920x1080,open3,400,403.3193,428.5177,18
00_02_45_to_00_03_10_cut,train,seaside,1920x1080,open3,400,428.5177,455.2903,7
00_02_45_to_00_03_10_cut,train,seaside,1920x1080,open3,400,455.2903,483.7357,20
00_02_45_to_00_03_10_cut,train,seaside,1920x1080,open3,400,483.7357,513.9582,23
00_02_45_to_00_03_10_cut,train,seaside,1920x1080,open3,400,513.9582,546.069,15
00_02_45_to_00_03_10_cut,train,seaside,1920x1080,open3,400,546.069,580.1859,8
00_02_45_to_00_03_10_cut,train,seaside,1920x1080,open3,400,580.1859,616.4344,7
00_02_45_to_00_03_10_cut,train,seaside,1920x1080,open3,400,616.4344,654.9476,7
00_02_45_to_00_03_10_cut,train,seaside,1920x1080,open3,400,1951665.1031,2073600.0,1
00_06_10_to_00_06_27,train,seaside,1920x1080,none,497,1.0,1.0625,723479
00_06_10_to_00_06_27,train,seaside,1920x1080,none,497,1.9477,2.0694,147150
00_06_10_to_00_06_27,train,seaside,1920x1080,none,497,2.9768,3.1628,36144
00_06_10_to_00_06_27,train,seaside,1920x1080,none,497,3.7934,4.0304,14781
00_06_10_to_00_06_27,train,seaside,1920x1080,none,497,4.8341,5.1361,6563
00_06_10_to_00_06_27,train,seaside,1920x1080,none,497,5.7979,6.1601,3617
00_06_10_to_00_06_27,train,seaside,1920x1080,none,497,6.9539,7.3884,2401
00_06_10_to_00_06_27,train,seaside,1920x1080,none,497,7.85,8.3404,1633
00_06_10_to_00_06_27,train,seaside,1920x1080,none,497,8.8615,9.4152,1199
00_06_10_to_00_06_27,train,seaside,1920x1080,none,497,9.4152,10.0034,908
00_06_10_to_00_06_27,train,seaside,1920x1080,none,497,10.6284,11.2924,806
00_06_10_to_00_06_27,train,seaside,1920x1080,none,497,11.998,12.7476,658
00_06_10_to_00_06_27,train,seaside,1920x1080,none,497,12.7476,13.544,477
00_06_10_to_00_06_27,train,seaside,1920x1080,none,497,13.544,14.3902,437
00_06_10_to_00_06_27,train,seaside,1920x1080,none,497,14.3902,15.2892,407
00_06_10_to_00_06_27,train,seaside,1920x1080,none,497,15.2892,16.2445,327
00_06_10_to_00_06_27,train,seaside,1920x1080,none,497,16.2445,17.2594,285
00_06_10_to_00_06_27,train,seaside,1920x1080,none,497,17.2594,18.3377,226
00_06_10_to_00_06_27,train,seaside,1920x1080,none,497,18.3377,19.4834,228
00_06_10_to_00_06_27,train,seaside,1920x1080,none,497,19.4834,20.7007,181
00_06_10_to_00_06_27,train,seaside,1920x1080,none,497,20.7007,21.994,177
00_06_10_to_00_06_27,train,seaside,1920x1080,none,497,21.994,23.3681,256
00_06_10_to_00_06_27,train,seaside,1920x1080,none,497,23.3681,24.8281,132
00_06_10_to_00_06_27,train,seaside,1920x1080,none,497,24.8281,26.3793,230
00_06_10_to_00_06_27,train,seaside,1920x1080,none,497,26.3793,28.0274,195
00_06_10_to_00_06_27,train,seaside,1920x1080,none,497,28.0274,29.7785,93
00_06_10_to_00_06_27,train,seaside,1920x1080,none,497,29.7785,31.639,174
00_06_10_to_00_06_27,train,seaside,1920x1080,none,497,31.639,33.6157,130
00_06_10_to_00_06_27,train,seaside,1920x1080,none,497,33.6157,35.7159,162
00_06_10_to_00_06_27,train,seaside,1920x1080,none,497,35.7159,37.9473,123
00_06_10_to_00_06_27,train,seaside,1920x1080,none,497,37.9473,40.3182,181
00_06_10_to_00_06_27,train,seaside,1920x1080,none,497,40.3182,42.8372,106
00_06_10_to_00_06_27,train,seaside,1920x1080,none,497,42.8372,45.5135,115
00_06_10_to_00_06_27,train,seaside,1920x1080,none,497,45.5135,48.3571,115
00_06_10_to_00_06_27,train,seaside,1920x1080,none,497,48.3571,51.3783,110
00_06_10_to_00_06_27,train,seaside,1920x1080,none,497,51.3783,54.5883,98
00_06_10_to_00_06_27,train,seaside,1920x1080,none,497,54.5883,57.9988,95
00_06_10_to_00_06_27,train,seaside,1920x1080,none,497,57.9988,61.6224,101
00_06_10_to_00_06_27,train,seaside,1920x1080,none,497,61.6224,65.4724,100
00_06_10_to_00_06_27,train,seaside,1920x1080,none,497,65.4724,69.563,60
00_06_10_to_00_06_27,train,seaside,1920x1080,none,497,69.563,73.9091,70
00_06_10_to_00_06_27,train,seaside,1920x1080,none,497,73.9091,78.5267,66
00_06_10_to_00_06_27,train,seaside,1920x1080,none,497,78.5267,83.4329,52
00_06_10_to_00_06_27,train,seaside,1920x1080,none,497,83.4329,88.6455,67
00_06_10_to_00_06_27,train,seaside,1920x1080,none,497,88.6455,94.1839,71
00_06_10_to_00_06_27,train,seaside,1920x1080,none,497,94.1839,100.0682,89
00_06_10_to_00_06_27,train,seaside,1920x1080,none,497,100.0682,106.3202,58
00_06_10_to_00_06_27,train,seaside,1920x1080,none,497,106.3202,112.9628,50
00_06_10_to_00_06_27,train,seaside,1920x1080,none,497,112.9628,120.0205,49
00_06_10_to_00_06_27,train,seaside,1920x1080,none,497,120.0205,127.519,38
00_06_10_to_00_06_27,train,seaside,1920x1080,none,497,127.519,135.4861,54
00_06_10_to_00_06_27,train,seaside,1920x1080,none,497,135.4861,143.9509,54
00_06_10_to_00_06_27,train,seaside,1920x1080,none,497,143.9509,152.9446,54
00_06_10_to_00_06_27,train,seaside,1920x1080,none,497,152.9446,162.5001,42
00_06_10_to_00_06_27,train,seaside,1920x1080,none,497,162.5001,172.6527,33
00_06_10_to_00_06_27,train,seaside,1920x1080,none,497,172.6527,183.4396,26
00_06_10_to_00_06_27,train,seaside,1920x1080,none,497,183.4396,194.9004,19
00_06_10_to_00_06_27,train,seaside,1920x1080,none,497,194.9004,207.0773,28
00_06_10_to_00_06_27,train,seaside,1920x1080,none,497,207.0773,220.0149,27
00_06_10_to_00_06_27,train,seaside,1920x1080,none,497,220.0149,233.7609,18
00_06_10_to_00_06_27,train,seaside,1920x1080,none,497,233.7609,248.3657,18
00_06_10_to_00_06_27,train,seaside,1920x1080,none,497,248.3657,263.8829,20
00_06_10_to_00_06_27,train,seaside,1920x1080,none,497,263.8829,280.3696,17
00_06_10_to_00_06_27,train,seaside,1920x1080,none,497,280.3696,297.8864,13
00_06_10_to_00_06_27,train,seaside,1920x1080,none,497,297.8864,316.4975,13
00_06_10_to_00_06_27,train,seaside,1920x1080,none,497,316.4975,336.2714,3
00_06_10_to_00_06_27,train,seaside,1920x1080,none,497,336.2714,357.2808,13
00_06_10_to_00_06_27,train,seaside,1920x1080,none,497,357.2808,379.6028,8
00_06_10_to_00_06_27,train,seaside,1920x1080,none,497,379.6028,403.3193,11
00_06_10_to_00_06_27,train,seaside,1920x1080,none,497,403.3193,428.5177,9
00_06_10_to_00_06_27,train,seaside,1920x1080,none,497,428.5177,455.2903,16
00_06_10_to_00_06_27,train,seaside,1920x1080,none,497,455.2903,483.7357,10
00_06_10_to_00_06_27,train,seaside,1920x1080,none,497,483.7357,513.9582,13
00_06_10_to_00_06_27,train,seaside,1920x1080,none,497,513.9582,546.069,17
00_06_10_to_00_06_27,train,seaside,1920x1080,none,497,546.069,580.1859,7
00_06_10_to_00_06_27,train,seaside,1920x1080,none,497,580.1859,616.4344,7
00_06_10_to_00_06_27,train,seaside,1920x1080,none,497,616.4344,654.9476,2
00_06_10_to_00_06_27,train,seaside,1920x1080,none,497,654.9476,695.867,6
00_06_10_to_00_06_27,train,seaside,1920x1080,none,497,695.867,739.3429,4
00_06_10_to_00_06_27,train,seaside,1920x1080,none,497,739.3429,785.5351,2
00_06_10_to_00_06_27,train,seaside,1920x1080,none,497,834.6133,886.7577,2
00_06_10_to_00_06_27,train,seaside,1920x1080,none,497,886.7577,942.16,1
00_06_10_to_00_06_27,train,seaside,1920x1080,none,497,942.16,1001.0237,2
00_06_10_to_00_06_27,train,seaside,1920x1080,none,497,1001.0237,1063.565,1
00_06_10_to_00_06_27,train,seaside,1920x1080,none,497,1063.565,1130.0138,2
00_06_10_to_00_06_27,train,seaside,1920x1080,none,497,1130.0138,1200.6141,1
00_06_10_to_00_06_27,train,seaside,1920x1080,none,497,1200.6141,1275.6253,1
00_06_10_to_00_06_27,train,seaside,1920x1080,none,497,1275.6253,1355.323,1
00_06_10_to_00_06_27,train,seaside,1920x1080,none,497,1355.323,1440.0,2
00_06_10_to_00_06_27,train,seaside,1920x1080,none,497,1440.0,1529.9674,1
00_06_10_to_00_06_27,train,seaside,1920x1080,none,497,1529.9674,1625.5557,1
00_06_10_to_00_06_27,train,seaside,1920x1080,none,497,1625.5557,1727.1162,2
00_06_10_to_00_06_27,train,seaside,1920x1080,none,497,1727.1162,1835.0219,1
00_06_10_to_00_06_27,train,seaside,1920x1080,none,497,1835.0219,1949.6692,2
00_06_10_to_00_06_27,train,seaside,1920x1080,none,497,1949.6692,2071.4794,2
00_06_10_to_00_06_27,train,seaside,1920x1080,none,497,2071.4794,2200.9,1
00_06_10_to_00_06_27,train,seaside,1920x1080,none,497,2338.4064,2484.5039,1
00_06_10_to_00_06_27,train,seaside,1920x1080,none,497,2484.5039,2639.7291,1
00_06_10_to_00_06_27,train,seaside,1920x1080,none,497,2639.7291,2804.6525,1
00_06_10_to_00_06_27,train,seaside,1920x1080,none,497,1951665.1031,2073600.0,1
00_06_10_to_00_06_27,train,seaside,1920x1080,open3,497,8.8615,9.4152,864
00_06_10_to_00_06_27,train,seaside,1920x1080,open3,497,11.998,12.7476,493
00_06_10_to_00_06_27,train,seaside,1920x1080,open3,497,13.544,14.3902,7
00_06_10_to_00_06_27,train,seaside,1920x1080,open3,497,14.3902,15.2892,293
00_06_10_to_00_06_27,train,seaside,1920x1080,open3,497,15.2892,16.2445,15
00_06_10_to_00_06_27,train,seaside,1920x1080,open3,497,16.2445,17.2594,3
00_06_10_to_00_06_27,train,seaside,1920x1080,open3,497,17.2594,18.3377,119
00_06_10_to_00_06_27,train,seaside,1920x1080,open3,497,18.3377,19.4834,20
00_06_10_to_00_06_27,train,seaside,1920x1080,open3,497,19.4834,20.7007,8
00_06_10_to_00_06_27,train,seaside,1920x1080,open3,497,20.7007,21.994,79
00_06_10_to_00_06_27,train,seaside,1920x1080,open3,497,21.994,23.3681,13
00_06_10_to_00_06_27,train,seaside,1920x1080,open3,497,23.3681,24.8281,57
00_06_10_to_00_06_27,train,seaside,1920x1080,open3,497,24.8281,26.3793,13
00_06_10_to_00_06_27,train,seaside,1920x1080,open3,497,26.3793,28.0274,44
00_06_10_to_00_06_27,train,seaside,1920x1080,open3,497,28.0274,29.7785,3
00_06_10_to_00_06_27,train,seaside,1920x1080,open3,497,29.7785,31.639,39
00_06_10_to_00_06_27,train,seaside,1920x1080,open3,497,31.639,33.6157,49
00_06_10_to_00_06_27,train,seaside,1920x1080,open3,497,33.6157,35.7159,11
00_06_10_to_00_06_27,train,seaside,1920x1080,open3,497,35.7159,37.9473,25
00_06_10_to_00_06_27,train,seaside,1920x1080,open3,497,37.9473,40.3182,45
00_06_10_to_00_06_27,train,seaside,1920x1080,open3,497,40.3182,42.8372,43
00_06_10_to_00_06_27,train,seaside,1920x1080,open3,497,42.8372,45.5135,21
00_06_10_to_00_06_27,train,seaside,1920x1080,open3,497,45.5135,48.3571,19
00_06_10_to_00_06_27,train,seaside,1920x1080,open3,497,48.3571,51.3783,13
00_06_10_to_00_06_27,train,seaside,1920x1080,open3,497,51.3783,54.5883,10
00_06_10_to_00_06_27,train,seaside,1920x1080,open3,497,54.5883,57.9988,8
00_06_10_to_00_06_27,train,seaside,1920x1080,open3,497,57.9988,61.6224,5
00_06_10_to_00_06_27,train,seaside,1920x1080,open3,497,61.6224,65.4724,8
00_06_10_to_00_06_27,train,seaside,1920x1080,open3,497,65.4724,69.563,11
00_06_10_to_00_06_27,train,seaside,1920x1080,open3,497,69.563,73.9091,11
00_06_10_to_00_06_27,train,seaside,1920x1080,open3,497,73.9091,78.5267,10
00_06_10_to_00_06_27,train,seaside,1920x1080,open3,497,78.5267,83.4329,9
00_06_10_to_00_06_27,train,seaside,1920x1080,open3,497,83.4329,88.6455,9
00_06_10_to_00_06_27,train,seaside,1920x1080,open3,497,88.6455,94.1839,8
00_06_10_to_00_06_27,train,seaside,1920x1080,open3,497,94.1839,100.0682,2
00_06_10_to_00_06_27,train,seaside,1920x1080,open3,497,100.0682,106.3202,4
00_06_10_to_00_06_27,train,seaside,1920x1080,open3,497,106.3202,112.9628,3
00_06_10_to_00_06_27,train,seaside,1920x1080,open3,497,112.9628,120.0205,5
00_06_10_to_00_06_27,train,seaside,1920x1080,open3,497,120.0205,127.519,3
00_06_10_to_00_06_27,train,seaside,1920x1080,open3,497,127.519,135.4861,11
00_06_10_to_00_06_27,train,seaside,1920x1080,open3,497,135.4861,143.9509,8
00_06_10_to_00_06_27,train,seaside,1920x1080,open3,497,143.9509,152.9446,6
00_06_10_to_00_06_27,train,seaside,1920x1080,open3,497,152.9446,162.5001,7
00_06_10_to_00_06_27,train,seaside,1920x1080,open3,497,162.5001,172.6527,11
00_06_10_to_00_06_27,train,seaside,1920x1080,open3,497,172.6527,183.4396,10
00_06_10_to_00_06_27,train,seaside,1920x1080,open3,497,183.4396,194.9004,15
00_06_10_to_00_06_27,train,seaside,1920x1080,open3,497,194.9004,207.0773,6
00_06_10_to_00_06_27,train,seaside,1920x1080,open3,497,207.0773,220.0149,11
00_06_10_to_00_06_27,train,seaside,1920x1080,open3,497,220.0149,233.7609,10
00_06_10_to_00_06_27,train,seaside,1920x1080,open3,497,233.7609,248.3657,12
00_06_10_to_00_06_27,train,seaside,1920x1080,open3,497,248.3657,263.8829,9
00_06_10_to_00_06_27,train,seaside,1920x1080,open3,497,263.8829,280.3696,6
00_06_10_to_00_06_27,train,seaside,1920x1080,open3,497,280.3696,297.8864,4
00_06_10_to_00_06_27,train,seaside,1920x1080,open3,497,316.4975,336.2714,7
00_06_10_to_00_06_27,train,seaside,1920x1080,open3,497,336.2714,357.2808,2
00_06_10_to_00_06_27,train,seaside,1920x1080,open3,497,357.2808,379.6028,1
00_06_10_to_00_06_27,train,seaside,1920x1080,open3,497,379.6028,403.3193,6
00_06_10_to_00_06_27,train,seaside,1920x1080,open3,497,403.3193,428.5177,3
00_06_10_to_00_06_27,train,seaside,1920x1080,open3,497,428.5177,455.2903,1
00_06_10_to_00_06_27,train,seaside,1920x1080,open3,497,455.2903,483.7357,2
00_06_10_to_00_06_27,train,seaside,1920x1080,open3,497,483.7357,513.9582,4
00_06_10_to_00_06_27,train,seaside,1920x1080,open3,497,513.9582,546.069,1
00_06_10_to_00_06_27,train,seaside,1920x1080,open3,497,546.069,580.1859,2
00_06_10_to_00_06_27,train,seaside,1920x1080,open3,497,616.4344,654.9476,3
00_06_10_to_00_06_27,train,seaside,1920x1080,open3,497,654.9476,695.867,2
00_06_10_to_00_06_27,train,seaside,1920x1080,open3,497,695.867,739.3429,2
00_06_10_to_00_06_27,train,seaside,1920x1080,open3,497,785.5351,834.6133,1
00_06_10_to_00_06_27,train,seaside,1920x1080,open3,497,834.6133,886.7577,1
00_06_10_to_00_06_27,train,seaside,1920x1080,open3,497,886.7577,942.16,2
00_06_10_to_00_06_27,train,seaside,1920x1080,open3,497,942.16,1001.0237,2
00_06_10_to_00_06_27,train,seaside,1920x1080,open3,497,1001.0237,1063.565,2
00_06_10_to_00_06_27,train,seaside,1920x1080,open3,497,1130.0138,1200.6141,1
00_06_10_to_00_06_27,train,seaside,1920x1080,open3,497,1200.6141,1275.6253,2
00_06_10_to_00_06_27,train,seaside,1920x1080,open3,497,1275.6253,1355.323,1
00_06_10_to_00_06_27,train,seaside,1920x1080,open3,497,1355.323,1440.0,1
00_06_10_to_00_06_27,train,seaside,1920x1080,open3,497,1440.0,1529.9674,1
00_06_10_to_00_06_27,train,seaside,1920x1080,open3,497,1529.9674,1625.5557,2
00_06_10_to_00_06_27,train,seaside,1920x1080,open3,497,1625.5557,1727.1162,1
00_06_10_to_00_06_27,train,seaside,1920x1080,open3,497,1727.1162,1835.0219,2
00_06_10_to_00_06_27,train,seaside,1920x1080,open3,497,1835.0219,1949.6692,2
00_06_10_to_00_06_27,train,seaside,1920x1080,open3,497,1949.6692,2071.4794,1
00_06_10_to_00_06_27,train,seaside,1920x1080,open3,497,2071.4794,2200.9,1
00_06_10_to_00_06_27,train,seaside,1920x1080,open3,497,2338.4064,2484.5039,2
00_06_10_to_00_06_27,train,seaside,1920x1080,open3,497,2484.5039,2639.7291,1
00_06_10_to_00_06_27,train,seaside,1920x1080,open3,497,1951665.1031,2073600.0,1
00_09_30_to_00_10_09,train,seaside,1920x1080,none,1165,1.0,1.0625,1962353
00_09_30_to_00_10_09,train,seaside,1920x1080,none,1165,1.9477,2.0694,577013
00_09_30_to_00_10_09,train,seaside,1920x1080,none,1165,2.9768,3.1628,227435
00_09_30_to_00_10_09,train,seaside,1920x1080,none,1165,3.7934,4.0304,126657
00_09_30_to_00_10_09,train,seaside,1920x1080,none,1165,4.8341,5.1361,78530
00_09_30_to_00_10_09,train,seaside,1920x1080,none,1165,5.7979,6.1601,54669
00_09_30_to_00_10_09,train,seaside,1920x1080,none,1165,6.9539,7.3884,39028
00_09_30_to_00_10_09,train,seaside,1920x1080,none,1165,7.85,8.3404,29648
00_09_30_to_00_10_09,train,seaside,1920x1080,none,1165,8.8615,9.4152,22709
00_09_30_to_00_10_09,train,seaside,1920x1080,none,1165,9.4152,10.0034,18122
00_09_30_to_00_10_09,train,seaside,1920x1080,none,1165,10.6284,11.2924,14477
00_09_30_to_00_10_09,train,seaside,1920x1080,none,1165,11.998,12.7476,11994
00_09_30_to_00_10_09,train,seaside,1920x1080,none,1165,12.7476,13.544,9690
00_09_30_to_00_10_09,train,seaside,1920x1080,none,1165,13.544,14.3902,8256
00_09_30_to_00_10_09,train,seaside,1920x1080,none,1165,14.3902,15.2892,6906
00_09_30_to_00_10_09,train,seaside,1920x1080,none,1165,15.2892,16.2445,5870
00_09_30_to_00_10_09,train,seaside,1920x1080,none,1165,16.2445,17.2594,4979
00_09_30_to_00_10_09,train,seaside,1920x1080,none,1165,17.2594,18.3377,4246
00_09_30_to_00_10_09,train,seaside,1920x1080,none,1165,18.3377,19.4834,3780
00_09_30_to_00_10_09,train,seaside,1920x1080,none,1165,19.4834,20.7007,3274
00_09_30_to_00_10_09,train,seaside,1920x1080,none,1165,20.7007,21.994,2851
00_09_30_to_00_10_09,train,seaside,1920x1080,none,1165,21.994,23.3681,4630
00_09_30_to_00_10_09,train,seaside,1920x1080,none,1165,23.3681,24.8281,1999
00_09_30_to_00_10_09,train,seaside,1920x1080,none,1165,24.8281,26.3793,3478
00_09_30_to_00_10_09,train,seaside,1920x1080,none,1165,26.3793,28.0274,2779
00_09_30_to_00_10_09,train,seaside,1920x1080,none,1165,28.0274,29.7785,1177
00_09_30_to_00_10_09,train,seaside,1920x1080,none,1165,29.7785,31.639,2018
00_09_30_to_00_10_09,train,seaside,1920x1080,none,1165,31.639,33.6157,1719
00_09_30_to_00_10_09,train,seaside,1920x1080,none,1165,33.6157,35.7159,1543
00_09_30_to_00_10_09,train,seaside,1920x1080,none,1165,35.7159,37.9473,1222
00_09_30_to_00_10_09,train,seaside,1920x1080,none,1165,37.9473,40.3182,1578
00_09_30_to_00_10_09,train,seaside,1920x1080,none,1165,40.3182,42.8372,903
00_09_30_to_00_10_09,train,seaside,1920x1080,none,1165,42.8372,45.5135,1125
00_09_30_to_00_10_09,train,seaside,1920x1080,none,1165,45.5135,48.3571,945
00_09_30_to_00_10_09,train,seaside,1920x1080,none,1165,48.3571,51.3783,784
00_09_30_to_00_10_09,train,seaside,1920x1080,none,1165,51.3783,54.5883,705
00_09_30_to_00_10_09,train,seaside,1920x1080,none,1165,54.5883,57.9988,558
00_09_30_to_00_10_09,train,seaside,1920x1080,none,1165,57.9988,61.6224,661
00_09_30_to_00_10_09,train,seaside,1920x1080,none,1165,61.6224,65.4724,531
00_09_30_to_00_10_09,train,seaside,1920x1080,none,1165,65.4724,69.563,457
00_09_30_to_00_10_09,train,seaside,1920x1080,none,1165,69.563,73.9091,402
00_09_30_to_00_10_09,train,seaside,1920x1080,none,1165,73.9091,78.5267,471
00_09_30_to_00_10_09,train,seaside,1920x1080,none,1165,78.5267,83.4329,325
00_09_30_to_00_10_09,train,seaside,1920x1080,none,1165,83.4329,88.6455,310
00_09_30_to_00_10_09,train,seaside,1920x1080,none,1165,88.6455,94.1839,289
00_09_30_to_00_10_09,train,seaside,1920x1080,none,1165,94.1839,100.0682,268
00_09_30_to_00_10_09,train,seaside,1920x1080,none,1165,100.0682,106.3202,221
00_09_30_to_00_10_09,train,seaside,1920x1080,none,1165,106.3202,112.9628,225
00_09_30_to_00_10_09,train,seaside,1920x1080,none,1165,112.9628,120.0205,216
00_09_30_to_00_10_09,train,seaside,1920x1080,none,1165,120.0205,127.519,146
00_09_30_to_00_10_09,train,seaside,1920x1080,none,1165,127.519,135.4861,168
00_09_30_to_00_10_09,train,seaside,1920x1080,none,1165,135.4861,143.9509,122
00_09_30_to_00_10_09,train,seaside,1920x1080,none,1165,143.9509,152.9446,118
00_09_30_to_00_10_09,train,seaside,1920x1080,none,1165,152.9446,162.5001,139
00_09_30_to_00_10_09,train,seaside,1920x1080,none,1165,162.5001,172.6527,120
00_09_30_to_00_10_09,train,seaside,1920x1080,none,1165,172.6527,183.4396,112
00_09_30_to_00_10_09,train,seaside,1920x1080,none,1165,183.4396,194.9004,109
00_09_30_to_00_10_09,train,seaside,1920x1080,none,1165,194.9004,207.0773,119
00_09_30_to_00_10_09,train,seaside,1920x1080,none,1165,207.0773,220.0149,100
00_09_30_to_00_10_09,train,seaside,1920x1080,none,1165,220.0149,233.7609,75
00_09_30_to_00_10_09,train,seaside,1920x1080,none,1165,233.7609,248.3657,82
00_09_30_to_00_10_09,train,seaside,1920x1080,none,1165,248.3657,263.8829,66
00_09_30_to_00_10_09,train,seaside,1920x1080,none,1165,263.8829,280.3696,65
00_09_30_to_00_10_09,train,seaside,1920x1080,none,1165,280.3696,297.8864,65
00_09_30_to_00_10_09,train,seaside,1920x1080,none,1165,297.8864,316.4975,43
00_09_30_to_00_10_09,train,seaside,1920x1080,none,1165,316.4975,336.2714,44
00_09_30_to_00_10_09,train,seaside,1920x1080,none,1165,336.2714,357.2808,49
00_09_30_to_00_10_09,train,seaside,1920x1080,none,1165,357.2808,379.6028,46
00_09_30_to_00_10_09,train,seaside,1920x1080,none,1165,379.6028,403.3193,45
00_09_30_to_00_10_09,train,seaside,1920x1080,none,1165,403.3193,428.5177,34
00_09_30_to_00_10_09,train,seaside,1920x1080,none,1165,428.5177,455.2903,39
00_09_30_to_00_10_09,train,seaside,1920x1080,none,1165,455.2903,483.7357,26
00_09_30_to_00_10_09,train,seaside,1920x1080,none,1165,483.7357,513.9582,25
00_09_30_to_00_10_09,train,seaside,1920x1080,none,1165,513.9582,546.069,26
00_09_30_to_00_10_09,train,seaside,1920x1080,none,1165,546.069,580.1859,19
00_09_30_to_00_10_09,train,seaside,1920x1080,none,1165,580.1859,616.4344,18
00_09_30_to_00_10_09,train,seaside,1920x1080,none,1165,616.4344,654.9476,24
00_09_30_to_00_10_09,train,seaside,1920x1080,none,1165,654.9476,695.867,31
00_09_30_to_00_10_09,train,seaside,1920x1080,none,1165,695.867,739.3429,45
00_09_30_to_00_10_09,train,seaside,1920x1080,none,1165,739.3429,785.5351,46
00_09_30_to_00_10_09,train,seaside,1920x1080,none,1165,785.5351,834.6133,26
00_09_30_to_00_10_09,train,seaside,1920x1080,none,1165,834.6133,886.7577,17
00_09_30_to_00_10_09,train,seaside,1920x1080,none,1165,886.7577,942.16,24
00_09_30_to_00_10_09,train,seaside,1920x1080,none,1165,942.16,1001.0237,17
00_09_30_to_00_10_09,train,seaside,1920x1080,none,1165,1001.0237,1063.565,24
00_09_30_to_00_10_09,train,seaside,1920x1080,none,1165,1063.565,1130.0138,16
00_09_30_to_00_10_09,train,seaside,1920x1080,none,1165,1130.0138,1200.6141,10
00_09_30_to_00_10_09,train,seaside,1920x1080,none,1165,1200.6141,1275.6253,19
00_09_30_to_00_10_09,train,seaside,1920x1080,none,1165,1275.6253,1355.323,12
00_09_30_to_00_10_09,train,seaside,1920x1080,none,1165,1355.323,1440.0,11
00_09_30_to_00_10_09,train,seaside,1920x1080,none,1165,1440.0,1529.9674,10
00_09_30_to_00_10_09,train,seaside,1920x1080,none,1165,1529.9674,1625.5557,12
00_09_30_to_00_10_09,train,seaside,1920x1080,none,1165,1625.5557,1727.1162,8
00_09_30_to_00_10_09,train,seaside,1920x1080,none,1165,1727.1162,1835.0219,8
00_09_30_to_00_10_09,train,seaside,1920x1080,none,1165,1835.0219,1949.6692,8
00_09_30_to_00_10_09,train,seaside,1920x1080,none,1165,1949.6692,2071.4794,5
00_09_30_to_00_10_09,train,seaside,1920x1080,none,1165,2071.4794,2200.9,11
00_09_30_to_00_10_09,train,seaside,1920x1080,none,1165,2200.9,2338.4064,8
00_09_30_to_00_10_09,train,seaside,1920x1080,none,1165,2338.4064,2484.5039,3
00_09_30_to_00_10_09,train,seaside,1920x1080,none,1165,2484.5039,2639.7291,7
00_09_30_to_00_10_09,train,seaside,1920x1080,none,1165,2639.7291,2804.6525,7
00_09_30_to_00_10_09,train,seaside,1920x1080,none,1165,2804.6525,2979.8798,31
00_09_30_to_00_10_09,train,seaside,1920x1080,none,1165,2979.8798,3166.0548,28
00_09_30_to_00_10_09,train,seaside,1920x1080,none,1165,3166.0548,3363.8616,23
00_09_30_to_00_10_09,train,seaside,1920x1080,none,1165,3363.8616,3574.0268,27
00_09_30_to_00_10_09,train,seaside,1920x1080,none,1165,3574.0268,3797.3226,13
00_09_30_to_00_10_09,train,seaside,1920x1080,none,1165,3797.3226,4034.5693,13
00_09_30_to_00_10_09,train,seaside,1920x1080,none,1165,4034.5693,4286.6386,5
00_09_30_to_00_10_09,train,seaside,1920x1080,none,1165,4286.6386,4554.4564,7
00_09_30_to_00_10_09,train,seaside,1920x1080,none,1165,4554.4564,4839.0069,13
00_09_30_to_00_10_09,train,seaside,1920x1080,none,1165,4839.0069,5141.3353,8
00_09_30_to_00_10_09,train,seaside,1920x1080,none,1165,5141.3353,5462.5524,32
00_09_30_to_00_10_09,train,seaside,1920x1080,none,1165,5462.5524,5803.8383,33
00_09_30_to_00_10_09,train,seaside,1920x1080,none,1165,5803.8383,6166.4468,18
00_09_30_to_00_10_09,train,seaside,1920x1080,none,1165,6166.4468,6551.7102,22
00_09_30_to_00_10_09,train,seaside,1920x1080,none,1165,6551.7102,6961.0438,12
00_09_30_to_00_10_09,train,seaside,1920x1080,none,1165,6961.0438,7395.9515,16
00_09_30_to_00_10_09,train,seaside,1920x1080,none,1165,7395.9515,7858.031,25
00_09_30_to_00_10_09,train,seaside,1920x1080,none,1165,7858.031,8348.9801,13
00_09_30_to_00_10_09,train,seaside,1920x1080,none,1165,8348.9801,8870.6024,2
00_09_30_to_00_10_09,train,seaside,1920x1080,none,1165,8870.6024,9424.8143,1
00_09_30_to_00_10_09,train,seaside,1920x1080,none,1165,9424.8143,10013.6519,1
00_09_30_to_00_10_09,train,seaside,1920x1080,none,1165,10639.2785,11303.9926,2
00_09_30_to_00_10_09,train,seaside,1920x1080,none,1165,11303.9926,12010.2363,1
00_09_30_to_00_10_09,train,seaside,1920x1080,none,1165,12010.2363,12760.6042,1
00_09_30_to_00_10_09,train,seaside,1920x1080,none,1165,12760.6042,13557.8532,1
00_09_30_to_00_10_09,train,seaside,1920x1080,none,1165,13557.8532,14404.9122,2
00_09_30_to_00_10_09,train,seaside,1920x1080,none,1165,15304.8932,16261.1026,2
00_09_30_to_00_10_09,train,seaside,1920x1080,none,1165,16261.1026,17277.0535,2
00_09_30_to_00_10_09,train,seaside,1920x1080,none,1165,1951665.1031,2073600.0,1
00_09_30_to_00_10_09,train,seaside,1920x1080,open3,1165,5.7979,6.1601,93
00_09_30_to_00_10_09,train,seaside,1920x1080,open3,1165,7.85,8.3404,17
00_09_30_to_00_10_09,train,seaside,1920x1080,open3,1165,8.8615,9.4152,11901
00_09_30_to_00_10_09,train,seaside,1920x1080,open3,1165,9.4152,10.0034,5
00_09_30_to_00_10_09,train,seaside,1920x1080,open3,1165,10.6284,11.2924,3
00_09_30_to_00_10_09,train,seaside,1920x1080,open3,1165,11.998,12.7476,4842
00_09_30_to_00_10_09,train,seaside,1920x1080,open3,1165,13.544,14.3902,239
00_09_30_to_00_10_09,train,seaside,1920x1080,open3,1165,14.3902,15.2892,2063
00_09_30_to_00_10_09,train,seaside,1920x1080,open3,1165,15.2892,16.2445,478
00_09_30_to_00_10_09,train,seaside,1920x1080,open3,1165,16.2445,17.2594,245
00_09_30_to_00_10_09,train,seaside,1920x1080,open3,1165,17.2594,18.3377,1139
00_09_30_to_00_10_09,train,seaside,1920x1080,open3,1165,18.3377,19.4834,369
00_09_30_to_00_10_09,train,seaside,1920x1080,open3,1165,19.4834,20.7007,291
00_09_30_to_00_10_09,train,seaside,1920x1080,open3,1165,20.7007,21.994,547
00_09_30_to_00_10_09,train,seaside,1920x1080,open3,1165,21.994,23.3681,560
00_09_30_to_00_10_09,train,seaside,1920x1080,open3,1165,23.3681,24.8281,432
00_09_30_to_00_10_09,train,seaside,1920x1080,open3,1165,24.8281,26.3793,370
00_09_30_to_00_10_09,train,seaside,1920x1080,open3,1165,26.3793,28.0274,456
00_09_30_to_00_10_09,train,seaside,1920x1080,open3,1165,28.0274,29.7785,135
00_09_30_to_00_10_09,train,seaside,1920x1080,open3,1165,29.7785,31.639,359
00_09_30_to_00_10_09,train,seaside,1920x1080,open3,1165,31.639,33.6157,233
00_09_30_to_00_10_09,train,seaside,1920x1080,open3,1165,33.6157,35.7159,235
00_09_30_to_00_10_09,train,seaside,1920x1080,open3,1165,35.7159,37.9473,199
00_09_30_to_00_10_09,train,seaside,1920x1080,open3,1165,37.9473,40.3182,269
00_09_30_to_00_10_09,train,seaside,1920x1080,open3,1165,40.3182,42.8372,126
00_09_30_to_00_10_09,train,seaside,1920x1080,open3,1165,42.8372,45.5135,189
00_09_30_to_00_10_09,train,seaside,1920x1080,open3,1165,45.5135,48.3571,144
00_09_30_to_00_10_09,train,seaside,1920x1080,open3,1165,48.3571,51.3783,133
00_09_30_to_00_10_09,train,seaside,1920x1080,open3,1165,51.3783,54.5883,130
00_09_30_to_00_10_09,train,seaside,1920x1080,open3,1165,54.5883,57.9988,88
00_09_30_to_00_10_09,train,seaside,1920x1080,open3,1165,57.9988,61.6224,145
00_09_30_to_00_10_09,train,seaside,1920x1080,open3,1165,61.6224,65.4724,104
00_09_30_to_00_10_09,train,seaside,1920x1080,open3,1165,65.4724,69.563,86
00_09_30_to_00_10_09,train,seaside,1920x1080,open3,1165,69.563,73.9091,101
00_09_30_to_00_10_09,train,seaside,1920x1080,open3,1165,73.9091,78.5267,98
00_09_30_to_00_10_09,train,seaside,1920x1080,open3,1165,78.5267,83.4329,69
00_09_30_to_00_10_09,train,seaside,1920x1080,open3,1165,83.4329,88.6455,72
00_09_30_to_00_10_09,train,seaside,1920x1080,open3,1165,88.6455,94.1839,59
00_09_30_to_00_10_09,train,seaside,1920x1080,open3,1165,94.1839,100.0682,65
00_09_30_to_00_10_09,train,seaside,1920x1080,open3,1165,100.0682,106.3202,57
00_09_30_to_00_10_09,train,seaside,1920x1080,open3,1165,106.3202,112.9628,43
00_09_30_to_00_10_09,train,seaside,1920x1080,open3,1165,112.9628,120.0205,66
00_09_30_to_00_10_09,train,seaside,1920x1080,open3,1165,120.0205,127.519,41
00_09_30_to_00_10_09,train,seaside,1920x1080,open3,1165,127.519,135.4861,47
00_09_30_to_00_10_09,train,seaside,1920x1080,open3,1165,135.4861,143.9509,37
00_09_30_to_00_10_09,train,seaside,1920x1080,open3,1165,143.9509,152.9446,55
00_09_30_to_00_10_09,train,seaside,1920x1080,open3,1165,152.9446,162.5001,48
00_09_30_to_00_10_09,train,seaside,1920x1080,open3,1165,162.5001,172.6527,38
00_09_30_to_00_10_09,train,seaside,1920x1080,open3,1165,172.6527,183.4396,34
00_09_30_to_00_10_09,train,seaside,1920x1080,open3,1165,183.4396,194.9004,33
00_09_30_to_00_10_09,train,seaside,1920x1080,open3,1165,194.9004,207.0773,32
00_09_30_to_00_10_09,train,seaside,1920x1080,open3,1165,207.0773,220.0149,23
00_09_30_to_00_10_09,train,seaside,1920x1080,open3,1165,220.0149,233.7609,17
00_09_30_to_00_10_09,train,seaside,1920x1080,open3,1165,233.7609,248.3657,23
00_09_30_to_00_10_09,train,seaside,1920x1080,open3,1165,248.3657,263.8829,16
00_09_30_to_00_10_09,train,seaside,1920x1080,open3,1165,263.8829,280.3696,21
00_09_30_to_00_10_09,train,seaside,1920x1080,open3,1165,280.3696,297.8864,16
00_09_30_to_00_10_09,train,seaside,1920x1080,open3,1165,297.8864,316.4975,26
00_09_30_to_00_10_09,train,seaside,1920x1080,open3,1165,316.4975,336.2714,29
00_09_30_to_00_10_09,train,seaside,1920x1080,open3,1165,336.2714,357.2808,28
00_09_30_to_00_10_09,train,seaside,1920x1080,open3,1165,357.2808,379.6028,24
00_09_30_to_00_10_09,train,seaside,1920x1080,open3,1165,379.6028,403.3193,20
00_09_30_to_00_10_09,train,seaside,1920x1080,open3,1165,403.3193,428.5177,20
00_09_30_to_00_10_09,train,seaside,1920x1080,open3,1165,428.5177,455.2903,18
00_09_30_to_00_10_09,train,seaside,1920x1080,open3,1165,455.2903,483.7357,6
00_09_30_to_00_10_09,train,seaside,1920x1080,open3,1165,483.7357,513.9582,10
00_09_30_to_00_10_09,train,seaside,1920x1080,open3,1165,513.9582,546.069,8
00_09_30_to_00_10_09,train,seaside,1920x1080,open3,1165,546.069,580.1859,10
00_09_30_to_00_10_09,train,seaside,1920x1080,open3,1165,580.1859,616.4344,11
00_09_30_to_00_10_09,train,seaside,1920x1080,open3,1165,616.4344,654.9476,4
00_09_30_to_00_10_09,train,seaside,1920x1080,open3,1165,654.9476,695.867,7
00_09_30_to_00_10_09,train,seaside,1920x1080,open3,1165,695.867,739.3429,8
00_09_30_to_00_10_09,train,seaside,1920x1080,open3,1165,739.3429,785.5351,5
00_09_30_to_00_10_09,train,seaside,1920x1080,open3,1165,785.5351,834.6133,7
00_09_30_to_00_10_09,train,seaside,1920x1080,open3,1165,834.6133,886.7577,2
00_09_30_to_00_10_09,train,seaside,1920x1080,open3,1165,886.7577,942.16,6
00_09_30_to_00_10_09,train,seaside,1920x1080,open3,1165,942.16,1001.0237,6
00_09_30_to_00_10_09,train,seaside,1920x1080,open3,1165,1001.0237,1063.565,1
00_09_30_to_00_10_09,train,seaside,1920x1080,open3,1165,1063.565,1130.0138,3
00_09_30_to_00_10_09,train,seaside,1920x1080,open3,1165,1130.0138,1200.6141,2
00_09_30_to_00_10_09,train,seaside,1920x1080,open3,1165,1200.6141,1275.6253,6
00_09_30_to_00_10_09,train,seaside,1920x1080,open3,1165,1275.6253,1355.323,2
00_09_30_to_00_10_09,train,seaside,1920x1080,open3,1165,1355.323,1440.0,5
00_09_30_to_00_10_09,train,seaside,1920x1080,open3,1165,1440.0,1529.9674,3
00_09_30_to_00_10_09,train,seaside,1920x1080,open3,1165,1529.9674,1625.5557,1
00_09_30_to_00_10_09,train,seaside,1920x1080,open3,1165,1625.5557,1727.1162,4
00_09_30_to_00_10_09,train,seaside,1920x1080,open3,1165,1727.1162,1835.0219,9
00_09_30_to_00_10_09,train,seaside,1920x1080,open3,1165,1835.0219,1949.6692,13
00_09_30_to_00_10_09,train,seaside,1920x1080,open3,1165,1949.6692,2071.4794,23
00_09_30_to_00_10_09,train,seaside,1920x1080,open3,1165,2071.4794,2200.9,18
00_09_30_to_00_10_09,train,seaside,1920x1080,open3,1165,2200.9,2338.4064,14
00_09_30_to_00_10_09,train,seaside,1920x1080,open3,1165,2338.4064,2484.5039,15
00_09_30_to_00_10_09,train,seaside,1920x1080,open3,1165,2484.5039,2639.7291,11
00_09_30_to_00_10_09,train,seaside,1920x1080,open3,1165,2639.7291,2804.6525,14
00_09_30_to_00_10_09,train,seaside,1920x1080,open3,1165,2804.6525,2979.8798,9
00_09_30_to_00_10_09,train,seaside,1920x1080,open3,1165,2979.8798,3166.0548,14
00_09_30_to_00_10_09,train,seaside,1920x1080,open3,1165,3166.0548,3363.8616,7
00_09_30_to_00_10_09,train,seaside,1920x1080,open3,1165,3363.8616,3574.0268,10
00_09_30_to_00_10_09,train,seaside,1920x1080,open3,1165,3574.0268,3797.3226,11
00_09_30_to_00_10_09,train,seaside,1920x1080,open3,1165,3797.3226,4034.5693,10
00_09_30_to_00_10_09,train,seaside,1920x1080,open3,1165,4034.5693,4286.6386,12
00_09_30_to_00_10_09,train,seaside,1920x1080,open3,1165,4286.6386,4554.4564,18
00_09_30_to_00_10_09,train,seaside,1920x1080,open3,1165,4554.4564,4839.0069,24
00_09_30_to_00_10_09,train,seaside,1920x1080,open3,1165,4839.0069,5141.3353,13
00_09_30_to_00_10_09,train,seaside,1920x1080,open3,1165,5141.3353,5462.5524,18
00_09_30_to_00_10_09,train,seaside,1920x1080,open3,1165,5462.5524,5803.8383,10
00_09_30_to_00_10_09,train,seaside,1920x1080,open3,1165,5803.8383,6166.4468,12
00_09_30_to_00_10_09,train,seaside,1920x1080,open3,1165,6166.4468,6551.7102,15
00_09_30_to_00_10_09,train,seaside,1920x1080,open3,1165,6551.7102,6961.0438,28
00_09_30_to_00_10_09,train,seaside,1920x1080,open3,1165,6961.0438,7395.9515,5
00_09_30_to_00_10_09,train,seaside,1920x1080,open3,1165,7395.9515,7858.031,1
00_09_30_to_00_10_09,train,seaside,1920x1080,open3,1165,7858.031,8348.9801,1
00_09_30_to_00_10_09,train,seaside,1920x1080,open3,1165,8348.9801,8870.6024,1
00_09_30_to_00_10_09,train,seaside,1920x1080,open3,1165,8870.6024,9424.8143,1
00_09_30_to_00_10_09,train,seaside,1920x1080,open3,1165,9424.8143,10013.6519,2
00_09_30_to_00_10_09,train,seaside,1920x1080,open3,1165,10013.6519,10639.2785,1
00_09_30_to_00_10_09,train,seaside,1920x1080,open3,1165,10639.2785,11303.9926,1
00_09_30_to_00_10_09,train,seaside,1920x1080,open3,1165,12010.2363,12760.6042,2
00_09_30_to_00_10_09,train,seaside,1920x1080,open3,1165,12760.6042,13557.8532,1
00_09_30_to_00_10_09,train,seaside,1920x1080,open3,1165,13557.8532,14404.9122,1
00_09_30_to_00_10_09,train,seaside,1920x1080,open3,1165,14404.9122,15304.8932,2
00_09_30_to_00_10_09,train,seaside,1920x1080,open3,1165,15304.8932,16261.1026,1
00_09_30_to_00_10_09,train,seaside,1920x1080,open3,1165,1951665.1031,2073600.0,1
00_10_09_to_00_10_40,train,seaside,1920x1080,none,924,1.0,1.0625,1572476
00_10_09_to_00_10_40,train,seaside,1920x1080,none,924,1.9477,2.0694,340476
00_10_09_to_00_10_40,train,seaside,1920x1080,none,924,2.9768,3.1628,76526
00_10_09_to_00_10_40,train,seaside,1920x1080,none,924,3.7934,4.0304,31883
00_10_09_to_00_10_40,train,seaside,1920x1080,none,924,4.8341,5.1361,12614
00_10_09_to_00_10_40,train,seaside,1920x1080,none,924,5.7979,6.1601,6873
00_10_09_to_00_10_40,train,seaside,1920x1080,none,924,6.9539,7.3884,4038
00_10_09_to_00_10_40,train,seaside,1920x1080,none,924,7.85,8.3404,2775
00_10_09_to_00_10_40,train,seaside,1920x1080,none,924,8.8615,9.4152,1747
00_10_09_to_00_10_40,train,seaside,1920x1080,none,924,9.4152,10.0034,1339
00_10_09_to_00_10_40,train,seaside,1920x1080,none,924,10.6284,11.2924,972
00_10_09_to_00_10_40,train,seaside,1920x1080,none,924,11.998,12.7476,787
00_10_09_to_00_10_40,train,seaside,1920x1080,none,924,12.7476,13.544,640
00_10_09_to_00_10_40,train,seaside,1920x1080,none,924,13.544,14.3902,469
00_10_09_to_00_10_40,train,seaside,1920x1080,none,924,14.3902,15.2892,345
00_10_09_to_00_10_40,train,seaside,1920x1080,none,924,15.2892,16.2445,314
00_10_09_to_00_10_40,train,seaside,1920x1080,none,924,16.2445,17.2594,256
00_10_09_to_00_10_40,train,seaside,1920x1080,none,924,17.2594,18.3377,203
00_10_09_to_00_10_40,train,seaside,1920x1080,none,924,18.3377,19.4834,176
00_10_09_to_00_10_40,train,seaside,1920x1080,none,924,19.4834,20.7007,170
00_10_09_to_00_10_40,train,seaside,1920x1080,none,924,20.7007,21.994,129
00_10_09_to_00_10_40,train,seaside,1920x1080,none,924,21.994,23.3681,230
00_10_09_to_00_10_40,train,seaside,1920x1080,none,924,23.3681,24.8281,79
00_10_09_to_00_10_40,train,seaside,1920x1080,none,924,24.8281,26.3793,165
00_10_09_to_00_10_40,train,seaside,1920x1080,none,924,26.3793,28.0274,136
00_10_09_to_00_10_40,train,seaside,1920x1080,none,924,28.0274,29.7785,66
00_10_09_to_00_10_40,train,seaside,1920x1080,none,924,29.7785,31.639,110
00_10_09_to_00_10_40,train,seaside,1920x1080,none,924,31.639,33.6157,108
00_10_09_to_00_10_40,train,seaside,1920x1080,none,924,33.6157,35.7159,92
00_10_09_to_00_10_40,train,seaside,1920x1080,none,924,35.7159,37.9473,67
00_10_09_to_00_10_40,train,seaside,1920x1080,none,924,37.9473,40.3182,83
00_10_09_to_00_10_40,train,seaside,1920x1080,none,924,40.3182,42.8372,34
00_10_09_to_00_10_40,train,seaside,1920x1080,none,924,42.8372,45.5135,64
00_10_09_to_00_10_40,train,seaside,1920x1080,none,924,45.5135,48.3571,49
00_10_09_to_00_10_40,train,seaside,1920x1080,none,924,48.3571,51.3783,31
00_10_09_to_00_10_40,train,seaside,1920x1080,none,924,51.3783,54.5883,23
00_10_09_to_00_10_40,train,seaside,1920x1080,none,924,54.5883,57.9988,23
00_10_09_to_00_10_40,train,seaside,1920x1080,none,924,57.9988,61.6224,34
00_10_09_to_00_10_40,train,seaside,1920x1080,none,924,61.6224,65.4724,45
00_10_09_to_00_10_40,train,seaside,1920x1080,none,924,65.4724,69.563,52
00_10_09_to_00_10_40,train,seaside,1920x1080,none,924,69.563,73.9091,38
00_10_09_to_00_10_40,train,seaside,1920x1080,none,924,73.9091,78.5267,42
00_10_09_to_00_10_40,train,seaside,1920x1080,none,924,78.5267,83.4329,41
00_10_09_to_00_10_40,train,seaside,1920x1080,none,924,83.4329,88.6455,30
00_10_09_to_00_10_40,train,seaside,1920x1080,none,924,88.6455,94.1839,20
00_10_09_to_00_10_40,train,seaside,1920x1080,none,924,94.1839,100.0682,32
00_10_09_to_00_10_40,train,seaside,1920x1080,none,924,100.0682,106.3202,39
00_10_09_to_00_10_40,train,seaside,1920x1080,none,924,106.3202,112.9628,27
00_10_09_to_00_10_40,train,seaside,1920x1080,none,924,112.9628,120.0205,30
00_10_09_to_00_10_40,train,seaside,1920x1080,none,924,120.0205,127.519,24
00_10_09_to_00_10_40,train,seaside,1920x1080,none,924,127.519,135.4861,17
00_10_09_to_00_10_40,train,seaside,1920x1080,none,924,135.4861,143.9509,10
00_10_09_to_00_10_40,train,seaside,1920x1080,none,924,143.9509,152.9446,12
00_10_09_to_00_10_40,train,seaside,1920x1080,none,924,152.9446,162.5001,16
00_10_09_to_00_10_40,train,seaside,1920x1080,none,924,162.5001,172.6527,4
00_10_09_to_00_10_40,train,seaside,1920x1080,none,924,172.6527,183.4396,5
00_10_09_to_00_10_40,train,seaside,1920x1080,none,924,183.4396,194.9004,11
00_10_09_to_00_10_40,train,seaside,1920x1080,none,924,194.9004,207.0773,13
00_10_09_to_00_10_40,train,seaside,1920x1080,none,924,207.0773,220.0149,10
00_10_09_to_00_10_40,train,seaside,1920x1080,none,924,220.0149,233.7609,10
00_10_09_to_00_10_40,train,seaside,1920x1080,none,924,233.7609,248.3657,11
00_10_09_to_00_10_40,train,seaside,1920x1080,none,924,248.3657,263.8829,7
00_10_09_to_00_10_40,train,seaside,1920x1080,none,924,263.8829,280.3696,7
00_10_09_to_00_10_40,train,seaside,1920x1080,none,924,280.3696,297.8864,15
00_10_09_to_00_10_40,train,seaside,1920x1080,none,924,297.8864,316.4975,16
00_10_09_to_00_10_40,train,seaside,1920x1080,none,924,316.4975,336.2714,15
00_10_09_to_00_10_40,train,seaside,1920x1080,none,924,336.2714,357.2808,10
00_10_09_to_00_10_40,train,seaside,1920x1080,none,924,357.2808,379.6028,11
00_10_09_to_00_10_40,train,seaside,1920x1080,none,924,379.6028,403.3193,3
00_10_09_to_00_10_40,train,seaside,1920x1080,none,924,403.3193,428.5177,7
00_10_09_to_00_10_40,train,seaside,1920x1080,none,924,428.5177,455.2903,3
00_10_09_to_00_10_40,train,seaside,1920x1080,none,924,455.2903,483.7357,4
00_10_09_to_00_10_40,train,seaside,1920x1080,none,924,483.7357,513.9582,8
00_10_09_to_00_10_40,train,seaside,1920x1080,none,924,513.9582,546.069,7
00_10_09_to_00_10_40,train,seaside,1920x1080,none,924,546.069,580.1859,6
00_10_09_to_00_10_40,train,seaside,1920x1080,none,924,580.1859,616.4344,4
00_10_09_to_00_10_40,train,seaside,1920x1080,none,924,616.4344,654.9476,4
00_10_09_to_00_10_40,train,seaside,1920x1080,none,924,654.9476,695.867,4
00_10_09_to_00_10_40,train,seaside,1920x1080,none,924,695.867,739.3429,5
00_10_09_to_00_10_40,train,seaside,1920x1080,none,924,739.3429,785.5351,4
00_10_09_to_00_10_40,train,seaside,1920x1080,none,924,785.5351,834.6133,5
00_10_09_to_00_10_40,train,seaside,1920x1080,none,924,834.6133,886.7577,4
00_10_09_to_00_10_40,train,seaside,1920x1080,none,924,886.7577,942.16,4
00_10_09_to_00_10_40,train,seaside,1920x1080,none,924,942.16,1001.0237,5
00_10_09_to_00_10_40,train,seaside,1920x1080,none,924,1001.0237,1063.565,4
00_10_09_to_00_10_40,train,seaside,1920x1080,none,924,1063.565,1130.0138,3
00_10_09_to_00_10_40,train,seaside,1920x1080,none,924,1130.0138,1200.6141,3
00_10_09_to_00_10_40,train,seaside,1920x1080,none,924,1200.6141,1275.6253,3
00_10_09_to_00_10_40,train,seaside,1920x1080,none,924,1275.6253,1355.323,1
00_10_09_to_00_10_40,train,seaside,1920x1080,none,924,1355.323,1440.0,4
00_10_09_to_00_10_40,train,seaside,1920x1080,none,924,1440.0,1529.9674,2
00_10_09_to_00_10_40,train,seaside,1920x1080,none,924,1529.9674,1625.5557,3
00_10_09_to_00_10_40,train,seaside,1920x1080,none,924,1625.5557,1727.1162,1
00_10_09_to_00_10_40,train,seaside,1920x1080,none,924,1727.1162,1835.0219,2
00_10_09_to_00_10_40,train,seaside,1920x1080,none,924,1835.0219,1949.6692,1
00_10_09_to_00_10_40,train,seaside,1920x1080,none,924,1949.6692,2071.4794,4
00_10_09_to_00_10_40,train,seaside,1920x1080,none,924,2071.4794,2200.9,2
00_10_09_to_00_10_40,train,seaside,1920x1080,none,924,2200.9,2338.4064,2
00_10_09_to_00_10_40,train,seaside,1920x1080,none,924,2338.4064,2484.5039,5
00_10_09_to_00_10_40,train,seaside,1920x1080,none,924,2484.5039,2639.7291,3
00_10_09_to_00_10_40,train,seaside,1920x1080,none,924,2639.7291,2804.6525,1
00_10_09_to_00_10_40,train,seaside,1920x1080,none,924,2979.8798,3166.0548,1
00_10_09_to_00_10_40,train,seaside,1920x1080,none,924,3363.8616,3574.0268,1
00_10_09_to_00_10_40,train,seaside,1920x1080,none,924,4034.5693,4286.6386,1
00_10_09_to_00_10_40,train,seaside,1920x1080,none,924,4286.6386,4554.4564,1
00_10_09_to_00_10_40,train,seaside,1920x1080,none,924,4554.4564,4839.0069,1
00_10_09_to_00_10_40,train,seaside,1920x1080,none,924,4839.0069,5141.3353,1
00_10_09_to_00_10_40,train,seaside,1920x1080,none,924,5141.3353,5462.5524,2
00_10_09_to_00_10_40,train,seaside,1920x1080,none,924,5803.8383,6166.4468,2
00_10_09_to_00_10_40,train,seaside,1920x1080,none,924,6166.4468,6551.7102,2
00_10_09_to_00_10_40,train,seaside,1920x1080,none,924,6551.7102,6961.0438,2
00_10_09_to_00_10_40,train,seaside,1920x1080,none,924,7395.9515,7858.031,3
00_10_09_to_00_10_40,train,seaside,1920x1080,none,924,8348.9801,8870.6024,2
00_10_09_to_00_10_40,train,seaside,1920x1080,none,924,8870.6024,9424.8143,1
00_10_09_to_00_10_40,train,seaside,1920x1080,none,924,9424.8143,10013.6519,2
00_10_09_to_00_10_40,train,seaside,1920x1080,none,924,10013.6519,10639.2785,1
00_10_09_to_00_10_40,train,seaside,1920x1080,none,924,10639.2785,11303.9926,1
00_10_09_to_00_10_40,train,seaside,1920x1080,none,924,11303.9926,12010.2363,3
00_10_09_to_00_10_40,train,seaside,1920x1080,none,924,12760.6042,13557.8532,5
00_10_09_to_00_10_40,train,seaside,1920x1080,none,924,13557.8532,14404.9122,16
00_10_09_to_00_10_40,train,seaside,1920x1080,none,924,14404.9122,15304.8932,14
00_10_09_to_00_10_40,train,seaside,1920x1080,none,924,15304.8932,16261.1026,17
00_10_09_to_00_10_40,train,seaside,1920x1080,none,924,16261.1026,17277.0535,14
00_10_09_to_00_10_40,train,seaside,1920x1080,none,924,17277.0535,18356.4783,14
00_10_09_to_00_10_40,train,seaside,1920x1080,none,924,18356.4783,19503.3427,3
00_10_09_to_00_10_40,train,seaside,1920x1080,none,924,19503.3427,20721.8602,4
00_10_09_to_00_10_40,train,seaside,1920x1080,none,924,20721.8602,22016.5075,3
00_10_09_to_00_10_40,train,seaside,1920x1080,none,924,22016.5075,23392.0409,2
00_10_09_to_00_10_40,train,seaside,1920x1080,none,924,23392.0409,24853.514,2
00_10_09_to_00_10_40,train,seaside,1920x1080,none,924,24853.514,26406.2961,3
00_10_09_to_00_10_40,train,seaside,1920x1080,none,924,26406.2961,28056.092,6
00_10_09_to_00_10_40,train,seaside,1920x1080,none,924,28056.092,29808.9627,3
00_10_09_to_00_10_40,train,seaside,1920x1080,none,924,29808.9627,31671.3482,6
00_10_09_to_00_10_40,train,seaside,1920x1080,none,924,31671.3482,33650.0907,5
00_10_09_to_00_10_40,train,seaside,1920x1080,none,924,33650.0907,35752.4597,3
00_10_09_to_00_10_40,train,seaside,1920x1080,none,924,1951665.1031,2073600.0,1
00_10_09_to_00_10_40,train,seaside,1920x1080,open3,924,3.7934,4.0304,2
00_10_09_to_00_10_40,train,seaside,1920x1080,open3,924,5.7979,6.1601,30
00_10_09_to_00_10_40,train,seaside,1920x1080,open3,924,7.85,8.3404,11
00_10_09_to_00_10_40,train,seaside,1920x1080,open3,924,8.8615,9.4152,655
00_10_09_to_00_10_40,train,seaside,1920x1080,open3,924,9.4152,10.0034,4
00_10_09_to_00_10_40,train,seaside,1920x1080,open3,924,11.998,12.7476,293
00_10_09_to_00_10_40,train,seaside,1920x1080,open3,924,13.544,14.3902,18
00_10_09_to_00_10_40,train,seaside,1920x1080,open3,924,14.3902,15.2892,137
00_10_09_to_00_10_40,train,seaside,1920x1080,open3,924,15.2892,16.2445,30
00_10_09_to_00_10_40,train,seaside,1920x1080,open3,924,16.2445,17.2594,23
00_10_09_to_00_10_40,train,seaside,1920x1080,open3,924,17.2594,18.3377,83
00_10_09_to_00_10_40,train,seaside,1920x1080,open3,924,18.3377,19.4834,35
00_10_09_to_00_10_40,train,seaside,1920x1080,open3,924,19.4834,20.7007,23
00_10_09_to_00_10_40,train,seaside,1920x1080,open3,924,20.7007,21.994,48
00_10_09_to_00_10_40,train,seaside,1920x1080,open3,924,21.994,23.3681,30
00_10_09_to_00_10_40,train,seaside,1920x1080,open3,924,23.3681,24.8281,36
00_10_09_to_00_10_40,train,seaside,1920x1080,open3,924,24.8281,26.3793,42
00_10_09_to_00_10_40,train,seaside,1920x1080,open3,924,26.3793,28.0274,59
00_10_09_to_00_10_40,train,seaside,1920x1080,open3,924,28.0274,29.7785,14
00_10_09_to_00_10_40,train,seaside,1920x1080,open3,924,29.7785,31.639,26
00_10_09_to_00_10_40,train,seaside,1920x1080,open3,924,31.639,33.6157,14
00_10_09_to_00_10_40,train,seaside,1920x1080,open3,924,33.6157,35.7159,26
00_10_09_to_00_10_40,train,seaside,1920x1080,open3,924,35.7159,37.9473,34
00_10_09_to_00_10_40,train,seaside,1920x1080,open3,924,37.9473,40.3182,40
00_10_09_to_00_10_40,train,seaside,1920x1080,open3,924,40.3182,42.8372,25
00_10_09_to_00_10_40,train,seaside,1920x1080,open3,924,42.8372,45.5135,38
00_10_09_to_00_10_40,train,seaside,1920x1080,open3,924,45.5135,48.3571,36
00_10_09_to_00_10_40,train,seaside,1920x1080,open3,924,48.3571,51.3783,38
00_10_09_to_00_10_40,train,seaside,1920x1080,open3,924,51.3783,54.5883,27
00_10_09_to_00_10_40,train,seaside,1920x1080,open3,924,54.5883,57.9988,35
00_10_09_to_00_10_40,train,seaside,1920x1080,open3,924,57.9988,61.6224,29
00_10_09_to_00_10_40,train,seaside,1920x1080,open3,924,61.6224,65.4724,33
00_10_09_to_00_10_40,train,seaside,1920x1080,open3,924,65.4724,69.563,17
00_10_09_to_00_10_40,train,seaside,1920x1080,open3,924,69.563,73.9091,17
00_10_09_to_00_10_40,train,seaside,1920x1080,open3,924,73.9091,78.5267,24
00_10_09_to_00_10_40,train,seaside,1920x1080,open3,924,78.5267,83.4329,28
00_10_09_to_00_10_40,train,seaside,1920x1080,open3,924,83.4329,88.6455,24
00_10_09_to_00_10_40,train,seaside,1920x1080,open3,924,88.6455,94.1839,30
00_10_09_to_00_10_40,train,seaside,1920x1080,open3,924,94.1839,100.0682,20
00_10_09_to_00_10_40,train,seaside,1920x1080,open3,924,100.0682,106.3202,16
00_10_09_to_00_10_40,train,seaside,1920x1080,open3,924,106.3202,112.9628,15
00_10_09_to_00_10_40,train,seaside,1920x1080,open3,924,112.9628,120.0205,9
00_10_09_to_00_10_40,train,seaside,1920x1080,open3,924,120.0205,127.519,13
00_10_09_to_00_10_40,train,seaside,1920x1080,open3,924,127.519,135.4861,8
00_10_09_to_00_10_40,train,seaside,1920x1080,open3,924,135.4861,143.9509,14
00_10_09_to_00_10_40,train,seaside,1920x1080,open3,924,143.9509,152.9446,10
00_10_09_to_00_10_40,train,seaside,1920x1080,open3,924,152.9446,162.5001,14
00_10_09_to_00_10_40,train,seaside,1920x1080,open3,924,162.5001,172.6527,16
00_10_09_to_00_10_40,train,seaside,1920x1080,open3,924,172.6527,183.4396,15
00_10_09_to_00_10_40,train,seaside,1920x1080,open3,924,183.4396,194.9004,10
00_10_09_to_00_10_40,train,seaside,1920x1080,open3,924,194.9004,207.0773,10
00_10_09_to_00_10_40,train,seaside,1920x1080,open3,924,207.0773,220.0149,15
00_10_09_to_00_10_40,train,seaside,1920x1080,open3,924,220.0149,233.7609,14
00_10_09_to_00_10_40,train,seaside,1920x1080,open3,924,233.7609,248.3657,11
00_10_09_to_00_10_40,train,seaside,1920x1080,open3,924,248.3657,263.8829,17
00_10_09_to_00_10_40,train,seaside,1920x1080,open3,924,263.8829,280.3696,13
00_10_09_to_00_10_40,train,seaside,1920x1080,open3,924,280.3696,297.8864,5
00_10_09_to_00_10_40,train,seaside,1920x1080,open3,924,297.8864,316.4975,6
00_10_09_to_00_10_40,train,seaside,1920x1080,open3,924,316.4975,336.2714,11
00_10_09_to_00_10_40,train,seaside,1920x1080,open3,924,336.2714,357.2808,7
00_10_09_to_00_10_40,train,seaside,1920x1080,open3,924,357.2808,379.6028,4
00_10_09_to_00_10_40,train,seaside,1920x1080,open3,924,379.6028,403.3193,5
00_10_09_to_00_10_40,train,seaside,1920x1080,open3,924,403.3193,428.5177,5
00_10_09_to_00_10_40,train,seaside,1920x1080,open3,924,428.5177,455.2903,9
00_10_09_to_00_10_40,train,seaside,1920x1080,open3,924,455.2903,483.7357,3
00_10_09_to_00_10_40,train,seaside,1920x1080,open3,924,483.7357,513.9582,6
00_10_09_to_00_10_40,train,seaside,1920x1080,open3,924,513.9582,546.069,9
00_10_09_to_00_10_40,train,seaside,1920x1080,open3,924,546.069,580.1859,2
00_10_09_to_00_10_40,train,seaside,1920x1080,open3,924,580.1859,616.4344,7
00_10_09_to_00_10_40,train,seaside,1920x1080,open3,924,616.4344,654.9476,6
00_10_09_to_00_10_40,train,seaside,1920x1080,open3,924,654.9476,695.867,3
00_10_09_to_00_10_40,train,seaside,1920x1080,open3,924,695.867,739.3429,3
00_10_09_to_00_10_40,train,seaside,1920x1080,open3,924,739.3429,785.5351,4
00_10_09_to_00_10_40,train,seaside,1920x1080,open3,924,785.5351,834.6133,4
00_10_09_to_00_10_40,train,seaside,1920x1080,open3,924,834.6133,886.7577,5
00_10_09_to_00_10_40,train,seaside,1920x1080,open3,924,886.7577,942.16,2
00_10_09_to_00_10_40,train,seaside,1920x1080,open3,924,942.16,1001.0237,6
00_10_09_to_00_10_40,train,seaside,1920x1080,open3,924,1001.0237,1063.565,4
00_10_09_to_00_10_40,train,seaside,1920x1080,open3,924,1063.565,1130.0138,2
00_10_09_to_00_10_40,train,seaside,1920x1080,open3,924,1130.0138,1200.6141,3
00_10_09_to_00_10_40,train,seaside,1920x1080,open3,924,1200.6141,1275.6253,2
00_10_09_to_00_10_40,train,seaside,1920x1080,open3,924,1275.6253,1355.323,5
00_10_09_to_00_10_40,train,seaside,1920x1080,open3,924,1440.0,1529.9674,2
00_10_09_to_00_10_40,train,seaside,1920x1080,open3,924,1625.5557,1727.1162,6
00_10_09_to_00_10_40,train,seaside,1920x1080,open3,924,1727.1162,1835.0219,1
00_10_09_to_00_10_40,train,seaside,1920x1080,open3,924,1835.0219,1949.6692,1
00_10_09_to_00_10_40,train,seaside,1920x1080,open3,924,1949.6692,2071.4794,5
00_10_09_to_00_10_40,train,seaside,1920x1080,open3,924,2071.4794,2200.9,3
00_10_09_to_00_10_40,train,seaside,1920x1080,open3,924,2200.9,2338.4064,1
00_10_09_to_00_10_40,train,seaside,1920x1080,open3,924,2484.5039,2639.7291,1
00_10_09_to_00_10_40,train,seaside,1920x1080,open3,924,2804.6525,2979.8798,1
00_10_09_to_00_10_40,train,seaside,1920x1080,open3,924,2979.8798,3166.0548,1
00_10_09_to_00_10_40,train,seaside,1920x1080,open3,924,3363.8616,3574.0268,1
00_10_09_to_00_10_40,train,seaside,1920x1080,open3,924,3574.0268,3797.3226,2
00_10_09_to_00_10_40,train,seaside,1920x1080,open3,924,4034.5693,4286.6386,1
00_10_09_to_00_10_40,train,seaside,1920x1080,open3,924,4286.6386,4554.4564,1
00_10_09_to_00_10_40,train,seaside,1920x1080,open3,924,4554.4564,4839.0069,1
00_10_09_to_00_10_40,train,seaside,1920x1080,open3,924,4839.0069,5141.3353,2
00_10_09_to_00_10_40,train,seaside,1920x1080,open3,924,5141.3353,5462.5524,2
00_10_09_to_00_10_40,train,seaside,1920x1080,open3,924,5803.8383,6166.4468,2
00_10_09_to_00_10_40,train,seaside,1920x1080,open3,924,6166.4468,6551.7102,1
00_10_09_to_00_10_40,train,seaside,1920x1080,open3,924,6551.7102,6961.0438,2
00_10_09_to_00_10_40,train,seaside,1920x1080,open3,924,7395.9515,7858.031,2
00_10_09_to_00_10_40,train,seaside,1920x1080,open3,924,7858.031,8348.9801,1
00_10_09_to_00_10_40,train,seaside,1920x1080,open3,924,8348.9801,8870.6024,1
00_10_09_to_00_10_40,train,seaside,1920x1080,open3,924,8870.6024,9424.8143,2
00_10_09_to_00_10_40,train,seaside,1920x1080,open3,924,9424.8143,10013.6519,2
00_10_09_to_00_10_40,train,seaside,1920x1080,open3,924,10013.6519,10639.2785,1
00_10_09_to_00_10_40,train,seaside,1920x1080,open3,924,10639.2785,11303.9926,2
00_10_09_to_00_10_40,train,seaside,1920x1080,open3,924,11303.9926,12010.2363,1
00_10_09_to_00_10_40,train,seaside,1920x1080,open3,924,12010.2363,12760.6042,6
00_10_09_to_00_10_40,train,seaside,1920x1080,open3,924,12760.6042,13557.8532,24
00_10_09_to_00_10_40,train,seaside,1920x1080,open3,924,13557.8532,14404.9122,18
00_10_09_to_00_10_40,train,seaside,1920x1080,open3,924,14404.9122,15304.8932,14
00_10_09_to_00_10_40,train,seaside,1920x1080,open3,924,15304.8932,16261.1026,11
00_10_09_to_00_10_40,train,seaside,1920x1080,open3,924,16261.1026,17277.0535,5
00_10_09_to_00_10_40,train,seaside,1920x1080,open3,924,17277.0535,18356.4783,2
00_10_09_to_00_10_40,train,seaside,1920x1080,open3,924,18356.4783,19503.3427,4
00_10_09_to_00_10_40,train,seaside,1920x1080,open3,924,19503.3427,20721.8602,3
00_10_09_to_00_10_40,train,seaside,1920x1080,open3,924,20721.8602,22016.5075,2
00_10_09_to_00_10_40,train,seaside,1920x1080,open3,924,22016.5075,23392.0409,2
00_10_09_to_00_10_40,train,seaside,1920x1080,open3,924,23392.0409,24853.514,4
00_10_09_to_00_10_40,train,seaside,1920x1080,open3,924,24853.514,26406.2961,5
00_10_09_to_00_10_40,train,seaside,1920x1080,open3,924,26406.2961,28056.092,5
00_10_09_to_00_10_40,train,seaside,1920x1080,open3,924,28056.092,29808.9627,5
00_10_09_to_00_10_40,train,seaside,1920x1080,open3,924,29808.9627,31671.3482,4
00_10_09_to_00_10_40,train,seaside,1920x1080,open3,924,31671.3482,33650.0907,3
00_10_09_to_00_10_40,train,seaside,1920x1080,open3,924,1951665.1031,2073600.0,1
2019_09_02_C0002_2527_inspire,train,industrial,3840x2160,none,502,1.0,1.0686,17127459
2019_09_02_C0002_2527_inspire,train,industrial,3840x2160,none,502,1.9421,2.0754,4964554
2019_09_02_C0002_2527_inspire,train,industrial,3840x2160,none,502,2.8924,3.0909,2043442
2019_09_02_C0002_2527_inspire,train,industrial,3840x2160,none,502,3.7719,4.0308,1123675
2019_09_02_C0002_2527_inspire,train,industrial,3840x2160,none,502,4.919,5.2566,675650
2019_09_02_C0002_2527_inspire,train,industrial,3840x2160,none,502,5.6174,6.0029,453357
2019_09_02_C0002_2527_inspire,train,industrial,3840x2160,none,502,6.8552,7.3257,320338
2019_09_02_C0002_2527_inspire,train,industrial,3840x2160,none,502,7.8285,8.3657,240423
2019_09_02_C0002_2527_inspire,train,industrial,3840x2160,none,502,8.9399,9.5535,183545
2019_09_02_C0002_2527_inspire,train,industrial,3840x2160,none,502,9.5535,10.2091,145005
2019_09_02_C0002_2527_inspire,train,industrial,3840x2160,none,502,10.9098,11.6586,116849
2019_09_02_C0002_2527_inspire,train,industrial,3840x2160,none,502,11.6586,12.4587,96405
2019_09_02_C0002_2527_inspire,train,industrial,3840x2160,none,502,12.4587,13.3138,80666
2019_09_02_C0002_2527_inspire,train,industrial,3840x2160,none,502,13.3138,14.2276,68506
2019_09_02_C0002_2527_inspire,train,industrial,3840x2160,none,502,14.2276,15.204,58363
2019_09_02_C0002_2527_inspire,train,industrial,3840x2160,none,502,15.204,16.2475,50692
2019_09_02_C0002_2527_inspire,train,industrial,3840x2160,none,502,16.2475,17.3626,44187
2019_09_02_C0002_2527_inspire,train,industrial,3840x2160,none,502,17.3626,18.5543,38467
2019_09_02_C0002_2527_inspire,train,industrial,3840x2160,none,502,18.5543,19.8277,34357
2019_09_02_C0002_2527_inspire,train,industrial,3840x2160,none,502,19.8277,21.1885,58242
2019_09_02_C0002_2527_inspire,train,industrial,3840x2160,none,502,21.1885,22.6427,24897
2019_09_02_C0002_2527_inspire,train,industrial,3840x2160,none,502,22.6427,24.1967,42599
2019_09_02_C0002_2527_inspire,train,industrial,3840x2160,none,502,24.1967,25.8574,18613
2019_09_02_C0002_2527_inspire,train,industrial,3840x2160,none,502,25.8574,27.6321,32590
2019_09_02_C0002_2527_inspire,train,industrial,3840x2160,none,502,27.6321,29.5285,27534
2019_09_02_C0002_2527_inspire,train,industrial,3840x2160,none,502,29.5285,31.5551,23879
2019_09_02_C0002_2527_inspire,train,industrial,3840x2160,none,502,31.5551,33.7208,20242
2019_09_02_C0002_2527_inspire,train,industrial,3840x2160,none,502,33.7208,36.0352,25151
2019_09_02_C0002_2527_inspire,train,industrial,3840x2160,none,502,36.0352,38.5083,14462
2019_09_02_C0002_2527_inspire,train,industrial,3840x2160,none,502,38.5083,41.1513,18847
2019_09_02_C0002_2527_inspire,train,industrial,3840x2160,none,502,41.1513,43.9756,10949
2019_09_02_C0002_2527_inspire,train,industrial,3840x2160,none,502,43.9756,46.9937,14657
2019_09_02_C0002_2527_inspire,train,industrial,3840x2160,none,502,46.9937,50.219,16027
2019_09_02_C0002_2527_inspire,train,industrial,3840x2160,none,502,50.219,53.6656,10361
2019_09_02_C0002_2527_inspire,train,industrial,3840x2160,none,502,53.6656,57.3488,11728
2019_09_02_C0002_2527_inspire,train,industrial,3840x2160,none,502,57.3488,61.2848,10084
2019_09_02_C0002_2527_inspire,train,industrial,3840x2160,none,502,61.2848,65.4909,8748
2019_09_02_C0002_2527_inspire,train,industrial,3840x2160,none,502,65.4909,69.9857,7669
2019_09_02_C0002_2527_inspire,train,industrial,3840x2160,none,502,69.9857,74.789,8011
2019_09_02_C0002_2527_inspire,train,industrial,3840x2160,none,502,74.789,79.9219,7045
2019_09_02_C0002_2527_inspire,train,industrial,3840x2160,none,502,79.9219,85.4071,7015
2019_09_02_C0002_2527_inspire,train,industrial,3840x2160,none,502,85.4071,91.2688,5947
2019_09_02_C0002_2527_inspire,train,industrial,3840x2160,none,502,91.2688,97.5328,5213
2019_09_02_C0002_2527_inspire,train,industrial,3840x2160,none,502,97.5328,104.2267,5118
2019_09_02_C0002_2527_inspire,train,industrial,3840x2160,none,502,104.2267,111.38,4484
2019_09_02_C0002_2527_inspire,train,industrial,3840x2160,none,502,111.38,119.0243,4244
2019_09_02_C0002_2527_inspire,train,industrial,3840x2160,none,502,119.0243,127.1932,3694
2019_09_02_C0002_2527_inspire,train,industrial,3840x2160,none,502,127.1932,135.9227,3253
2019_09_02_C0002_2527_inspire,train,industrial,3840x2160,none,502,135.9227,145.2514,3485
2019_09_02_C0002_2527_inspire,train,industrial,3840x2160,none,502,145.2514,155.2203,2990
2019_09_02_C0002_2527_inspire,train,industrial,3840x2160,none,502,155.2203,165.8734,2604
2019_09_02_C0002_2527_inspire,train,industrial,3840x2160,none,502,165.8734,177.2577,2668
2019_09_02_C0002_2527_inspire,train,industrial,3840x2160,none,502,177.2577,189.4233,2316
2019_09_02_C0002_2527_inspire,train,industrial,3840x2160,none,502,189.4233,202.4238,2129
2019_09_02_C0002_2527_inspire,train,industrial,3840x2160,none,502,202.4238,216.3166,1959
2019_09_02_C0002_2527_inspire,train,industrial,3840x2160,none,502,216.3166,231.1629,1812
2019_09_02_C0002_2527_inspire,train,industrial,3840x2160,none,502,231.1629,247.0282,1704
2019_09_02_C0002_2527_inspire,train,industrial,3840x2160,none,502,247.0282,263.9823,1409
2019_09_02_C0002_2527_inspire,train,industrial,3840x2160,none,502,263.9823,282.1,1511
2019_09_02_C0002_2527_inspire,train,industrial,3840x2160,none,502,282.1,301.4611,1211
2019_09_02_C0002_2527_inspire,train,industrial,3840x2160,none,502,301.4611,322.1511,1226
2019_09_02_C0002_2527_inspire,train,industrial,3840x2160,none,502,322.1511,344.261,1134
2019_09_02_C0002_2527_inspire,train,industrial,3840x2160,none,502,344.261,367.8884,1121
2019_09_02_C0002_2527_inspire,train,industrial,3840x2160,none,502,367.8884,393.1374,979
2019_09_02_C0002_2527_inspire,train,industrial,3840x2160,none,502,393.1374,420.1193,922
2019_09_02_C0002_2527_inspire,train,industrial,3840x2160,none,502,420.1193,448.953,795
2019_09_02_C0002_2527_inspire,train,industrial,3840x2160,none,502,448.953,479.7657,796
2019_09_02_C0002_2527_inspire,train,industrial,3840x2160,none,502,479.7657,512.6931,700
2019_09_02_C0002_2527_inspire,train,industrial,3840x2160,none,502,512.6931,547.8803,654
2019_09_02_C0002_2527_inspire,train,industrial,3840x2160,none,502,547.8803,585.4826,627
2019_09_02_C0002_2527_inspire,train,industrial,3840x2160,none,502,585.4826,625.6656,627
2019_09_02_C0002_2527_inspire,train,industrial,3840x2160,none,502,625.6656,668.6064,517
2019_09_02_C0002_2527_inspire,train,industrial,3840x2160,none,502,668.6064,714.4944,537
2019_09_02_C0002_2527_inspire,train,industrial,3840x2160,none,502,714.4944,763.5317,475
2019_09_02_C0002_2527_inspire,train,industrial,3840x2160,none,502,763.5317,815.9346,415
2019_09_02_C0002_2527_inspire,train,industrial,3840x2160,none,502,815.9346,871.934,380
2019_09_02_C0002_2527_inspire,train,industrial,3840x2160,none,502,871.934,931.7768,353
2019_09_02_C0002_2527_inspire,train,industrial,3840x2160,none,502,931.7768,995.7267,343
2019_09_02_C0002_2527_inspire,train,industrial,3840x2160,none,502,995.7267,1064.0657,327
2019_09_02_C0002_2527_inspire,train,industrial,3840x2160,none,502,1064.0657,1137.0949,267
2019_09_02_C0002_2527_inspire,train,industrial,3840x2160,none,502,1137.0949,1215.1362,243
2019_09_02_C0002_2527_inspire,train,industrial,3840x2160,none,502,1215.1362,1298.5337,231
2019_09_02_C0002_2527_inspire,train,industrial,3840x2160,none,502,1298.5337,1387.655,195
2019_09_02_C0002_2527_inspire,train,industrial,3840x2160,none,502,1387.655,1482.8929,194
2019_09_02_C0002_2527_inspire,train,industrial,3840x2160,none,502,1482.8929,1584.6671,154
2019_09_02_C0002_2527_inspire,train,industrial,3840x2160,none,502,1584.6671,1693.4264,127
2019_09_02_C0002_2527_inspire,train,industrial,3840x2160,none,502,1693.4264,1809.65,134
2019_09_02_C0002_2527_inspire,train,industrial,3840x2160,none,502,1809.65,1933.8503,108
2019_09_02_C0002_2527_inspire,train,industrial,3840x2160,none,502,1933.8503,2066.5748,103
2019_09_02_C0002_2527_inspire,train,industrial,3840x2160,none,502,2066.5748,2208.4085,161
2019_09_02_C0002_2527_inspire,train,industrial,3840x2160,none,502,2208.4085,2359.9765,106
2019_09_02_C0002_2527_inspire,train,industrial,3840x2160,none,502,2359.9765,2521.9469,87
2019_09_02_C0002_2527_inspire,train,industrial,3840x2160,none,502,2521.9469,2695.0338,93
2019_09_02_C0002_2527_inspire,train,industrial,3840x2160,none,502,2695.0338,2880.0,87
2019_09_02_C0002_2527_inspire,train,industrial,3840x2160,none,502,2880.0,3077.6608,80
2019_09_02_C0002_2527_inspire,train,industrial,3840x2160,none,502,3077.6608,3288.8876,51
2019_09_02_C0002_2527_inspire,train,industrial,3840x2160,none,502,3288.8876,3514.6113,56
2019_09_02_C0002_2527_inspire,train,industrial,3840x2160,none,502,3514.6113,3755.8269,42
2019_09_02_C0002_2527_inspire,train,industrial,3840x2160,none,502,3755.8269,4013.5977,65
2019_09_02_C0002_2527_inspire,train,industrial,3840x2160,none,502,4013.5977,4289.0599,58
2019_09_02_C0002_2527_inspire,train,industrial,3840x2160,none,502,4289.0599,4583.4277,52
2019_09_02_C0002_2527_inspire,train,industrial,3840x2160,none,502,4583.4277,4897.9986,47
2019_09_02_C0002_2527_inspire,train,industrial,3840x2160,none,502,4897.9986,5234.1592,31
2019_09_02_C0002_2527_inspire,train,industrial,3840x2160,none,502,5234.1592,5593.3912,40
2019_09_02_C0002_2527_inspire,train,industrial,3840x2160,none,502,5593.3912,5977.2781,39
2019_09_02_C0002_2527_inspire,train,industrial,3840x2160,none,502,5977.2781,6387.5121,27
2019_09_02_C0002_2527_inspire,train,industrial,3840x2160,none,502,6387.5121,6825.9013,22
2019_09_02_C0002_2527_inspire,train,industrial,3840x2160,none,502,6825.9013,7294.3782,17
2019_09_02_C0002_2527_inspire,train,industrial,3840x2160,none,502,7294.3782,7795.0077,17
2019_09_02_C0002_2527_inspire,train,industrial,3840x2160,none,502,7795.0077,8329.9965,22
2019_09_02_C0002_2527_inspire,train,industrial,3840x2160,none,502,8329.9965,8901.7028,20
2019_09_02_C0002_2527_inspire,train,industrial,3840x2160,none,502,8901.7028,9512.6466,34
2019_09_02_C0002_2527_inspire,train,industrial,3840x2160,none,502,9512.6466,10165.5208,20
2019_09_02_C0002_2527_inspire,train,industrial,3840x2160,none,502,10165.5208,10863.2032,21
2019_09_02_C0002_2527_inspire,train,industrial,3840x2160,none,502,10863.2032,11608.7691,11
2019_09_02_C0002_2527_inspire,train,industrial,3840x2160,none,502,11608.7691,12405.5049,12
2019_09_02_C0002_2527_inspire,train,industrial,3840x2160,none,502,12405.5049,13256.9224,18
2019_09_02_C0002_2527_inspire,train,industrial,3840x2160,none,502,13256.9224,14166.7746,12
2019_09_02_C0002_2527_inspire,train,industrial,3840x2160,none,502,14166.7746,15139.0721,8
2019_09_02_C0002_2527_inspire,train,industrial,3840x2160,none,502,15139.0721,16178.1004,17
2019_09_02_C0002_2527_inspire,train,industrial,3840x2160,none,502,16178.1004,17288.4396,21
2019_09_02_C0002_2527_inspire,train,industrial,3840x2160,none,502,17288.4396,18474.9839,22
2019_09_02_C0002_2527_inspire,train,industrial,3840x2160,none,502,18474.9839,19742.9633,26
2019_09_02_C0002_2527_inspire,train,industrial,3840x2160,none,502,19742.9633,21097.967,15
2019_09_02_C0002_2527_inspire,train,industrial,3840x2160,none,502,21097.967,22545.9677,22
2019_09_02_C0002_2527_inspire,train,industrial,3840x2160,none,502,22545.9677,24093.3479,10
2019_09_02_C0002_2527_inspire,train,industrial,3840x2160,none,502,24093.3479,25746.9282,5
2019_09_02_C0002_2527_inspire,train,industrial,3840x2160,none,502,25746.9282,27513.9974,3
2019_09_02_C0002_2527_inspire,train,industrial,3840x2160,none,502,27513.9974,29402.3446,6
2019_09_02_C0002_2527_inspire,train,industrial,3840x2160,none,502,29402.3446,31420.2933,3
2019_09_02_C0002_2527_inspire,train,industrial,3840x2160,none,502,31420.2933,33576.7382,2
2019_09_02_C0002_2527_inspire,train,industrial,3840x2160,none,502,33576.7382,35881.1848,1
2019_09_02_C0002_2527_inspire,train,industrial,3840x2160,none,502,35881.1848,38343.7908,2
2019_09_02_C0002_2527_inspire,train,industrial,3840x2160,none,502,38343.7908,40975.4109,3
2019_09_02_C0002_2527_inspire,train,industrial,3840x2160,none,502,40975.4109,43787.6449,7
2019_09_02_C0002_2527_inspire,train,industrial,3840x2160,none,502,43787.6449,46792.8889,10
2019_09_02_C0002_2527_inspire,train,industrial,3840x2160,none,502,46792.8889,50004.3895,12
2019_09_02_C0002_2527_inspire,train,industrial,3840x2160,none,502,50004.3895,53436.3025,3
2019_09_02_C0002_2527_inspire,train,industrial,3840x2160,none,502,53436.3025,57103.7554,5
2019_09_02_C0002_2527_inspire,train,industrial,3840x2160,none,502,57103.7554,61022.9138,5
2019_09_02_C0002_2527_inspire,train,industrial,3840x2160,none,502,61022.9138,65211.0529,6
2019_09_02_C0002_2527_inspire,train,industrial,3840x2160,none,502,65211.0529,69686.6332,12
2019_09_02_C0002_2527_inspire,train,industrial,3840x2160,none,502,69686.6332,74469.3827,5
2019_09_02_C0002_2527_inspire,train,industrial,3840x2160,none,502,74469.3827,79580.3829,1
2019_09_02_C0002_2527_inspire,train,industrial,3840x2160,none,502,79580.3829,85042.1625,5
2019_09_02_C0002_2527_inspire,train,industrial,3840x2160,none,502,85042.1625,90878.7962,1
2019_09_02_C0002_2527_inspire,train,industrial,3840x2160,none,502,90878.7962,97116.0112,4
2019_09_02_C0002_2527_inspire,train,industrial,3840x2160,none,502,97116.0112,103781.3002,4
2019_09_02_C0002_2527_inspire,train,industrial,3840x2160,none,502,103781.3002,110904.0428,3
2019_09_02_C0002_2527_inspire,train,industrial,3840x2160,none,502,110904.0428,118515.6353,2
2019_09_02_C0002_2527_inspire,train,industrial,3840x2160,none,502,118515.6353,126649.6283,2
2019_09_02_C0002_2527_inspire,train,industrial,3840x2160,none,502,126649.6283,135341.8754,3
2019_09_02_C0002_2527_inspire,train,industrial,3840x2160,none,502,135341.8754,144630.6909,1
2019_09_02_C0002_2527_inspire,train,industrial,3840x2160,none,502,144630.6909,154557.0186,1
2019_09_02_C0002_2527_inspire,train,industrial,3840x2160,none,502,165164.6123,176500.229,1
2019_09_02_C0002_2527_inspire,train,industrial,3840x2160,none,502,176500.229,188613.8343,2
2019_09_02_C0002_2527_inspire,train,industrial,3840x2160,none,502,201558.8234,215392.2561,2
2019_09_02_C0002_2527_inspire,train,industrial,3840x2160,none,502,215392.2561,230175.1082,2
2019_09_02_C0002_2527_inspire,train,industrial,3840x2160,none,502,230175.1082,245972.5405,5
2019_09_02_C0002_2527_inspire,train,industrial,3840x2160,none,502,262854.1859,280894.4564,4
2019_09_02_C0002_2527_inspire,train,industrial,3840x2160,none,502,280894.4564,300172.8709,4
2019_09_02_C0002_2527_inspire,train,industrial,3840x2160,none,502,300172.8709,320774.4062,7
2019_09_02_C0002_2527_inspire,train,industrial,3840x2160,none,502,320774.4062,342789.8709,3
2019_09_02_C0002_2527_inspire,train,industrial,3840x2160,none,502,342789.8709,366316.3061,3
2019_09_02_C0002_2527_inspire,train,industrial,3840x2160,none,502,366316.3061,391457.4132,5
2019_09_02_C0002_2527_inspire,train,industrial,3840x2160,none,502,391457.4132,418324.0107,9
2019_09_02_C0002_2527_inspire,train,industrial,3840x2160,none,502,418324.0107,447034.5228,8
2019_09_02_C0002_2527_inspire,train,industrial,3840x2160,none,502,447034.5228,477715.5015,3
2019_09_02_C0002_2527_inspire,train,industrial,3840x2160,none,502,7761697.357,8294400.0,1
2019_09_02_C0002_2527_inspire,train,industrial,3840x2160,open3,502,5.6174,6.0029,1267
2019_09_02_C0002_2527_inspire,train,industrial,3840x2160,open3,502,7.8285,8.3657,362
2019_09_02_C0002_2527_inspire,train,industrial,3840x2160,open3,502,8.9399,9.5535,264095
2019_09_02_C0002_2527_inspire,train,industrial,3840x2160,open3,502,9.5535,10.2091,136
2019_09_02_C0002_2527_inspire,train,industrial,3840x2160,open3,502,10.9098,11.6586,69
2019_09_02_C0002_2527_inspire,train,industrial,3840x2160,open3,502,11.6586,12.4587,108157
2019_09_02_C0002_2527_inspire,train,industrial,3840x2160,open3,502,12.4587,13.3138,52
2019_09_02_C0002_2527_inspire,train,industrial,3840x2160,open3,502,13.3138,14.2276,8184
2019_09_02_C0002_2527_inspire,train,industrial,3840x2160,open3,502,14.2276,15.204,46263
2019_09_02_C0002_2527_inspire,train,industrial,3840x2160,open3,502,15.204,16.2475,13837
2019_09_02_C0002_2527_inspire,train,industrial,3840x2160,open3,502,16.2475,17.3626,8578
2019_09_02_C0002_2527_inspire,train,industrial,3840x2160,open3,502,17.3626,18.5543,26084
2019_09_02_C0002_2527_inspire,train,industrial,3840x2160,open3,502,18.5543,19.8277,12294
2019_09_02_C0002_2527_inspire,train,industrial,3840x2160,open3,502,19.8277,21.1885,24734
2019_09_02_C0002_2527_inspire,train,industrial,3840x2160,open3,502,21.1885,22.6427,8332
2019_09_02_C0002_2527_inspire,train,industrial,3840x2160,open3,502,22.6427,24.1967,18450
2019_09_02_C0002_2527_inspire,train,industrial,3840x2160,open3,502,24.1967,25.8574,6895
2019_09_02_C0002_2527_inspire,train,industrial,3840x2160,open3,502,25.8574,27.6321,14202
2019_09_02_C0002_2527_inspire,train,industrial,3840x2160,open3,502,27.6321,29.5285,10352
2019_09_02_C0002_2527_inspire,train,industrial,3840x2160,open3,502,29.5285,31.5551,10321
2019_09_02_C0002_2527_inspire,train,industrial,3840x2160,open3,502,31.5551,33.7208,8728
2019_09_02_C0002_2527_inspire,train,industrial,3840x2160,open3,502,33.7208,36.0352,11052
2019_09_02_C0002_2527_inspire,train,industrial,3840x2160,open3,502,36.0352,38.5083,6092
2019_09_02_C0002_2527_inspire,train,industrial,3840x2160,open3,502,38.5083,41.1513,7987
2019_09_02_C0002_2527_inspire,train,industrial,3840x2160,open3,502,41.1513,43.9756,4729
2019_09_02_C0002_2527_inspire,train,industrial,3840x2160,open3,502,43.9756,46.9937,6062
2019_09_02_C0002_2527_inspire,train,industrial,3840x2160,open3,502,46.9937,50.219,6843
2019_09_02_C0002_2527_inspire,train,industrial,3840x2160,open3,502,50.219,53.6656,4290
2019_09_02_C0002_2527_inspire,train,industrial,3840x2160,open3,502,53.6656,57.3488,4907
2019_09_02_C0002_2527_inspire,train,industrial,3840x2160,open3,502,57.3488,61.2848,4412
2019_09_02_C0002_2527_inspire,train,industrial,3840x2160,open3,502,61.2848,65.4909,3688
2019_09_02_C0002_2527_inspire,train,industrial,3840x2160,open3,502,65.4909,69.9857,3201
2019_09_02_C0002_2527_inspire,train,industrial,3840x2160,open3,502,69.9857,74.789,3444
2019_09_02_C0002_2527_inspire,train,industrial,3840x2160,open3,502,74.789,79.9219,3081
2019_09_02_C0002_2527_inspire,train,industrial,3840x2160,open3,502,79.9219,85.4071,3025
2019_09_02_C0002_2527_inspire,train,industrial,3840x2160,open3,502,85.4071,91.2688,2560
2019_09_02_C0002_2527_inspire,train,industrial,3840x2160,open3,502,91.2688,97.5328,2166
2019_09_02_C0002_2527_inspire,train,industrial,3840x2160,open3,502,97.5328,104.2267,2182
2019_09_02_C0002_2527_inspire,train,industrial,3840x2160,open3,502,104.2267,111.38,1861
2019_09_02_C0002_2527_inspire,train,industrial,3840x2160,open3,502,111.38,119.0243,1785
2019_09_02_C0002_2527_inspire,train,industrial,3840x2160,open3,502,119.0243,127.1932,1528
2019_09_02_C0002_2527_inspire,train,industrial,3840x2160,open3,502,127.1932,135.9227,1231
2019_09_02_C0002_2527_inspire,train,industrial,3840x2160,open3,502,135.9227,145.2514,1377
2019_09_02_C0002_2527_inspire,train,industrial,3840x2160,open3,502,145.2514,155.2203,1109
2019_09_02_C0002_2527_inspire,train,industrial,3840x2160,open3,502,155.2203,165.8734,1001
2019_09_02_C0002_2527_inspire,train,industrial,3840x2160,open3,502,165.8734,177.2577,998
2019_09_02_C0002_2527_inspire,train,industrial,3840x2160,open3,502,177.2577,189.4233,856
2019_09_02_C0002_2527_inspire,train,industrial,3840x2160,open3,502,189.4233,202.4238,842
2019_09_02_C0002_2527_inspire,train,industrial,3840x2160,open3,502,202.4238,216.3166,790
2019_09_02_C0002_2527_inspire,train,industrial,3840x2160,open3,502,216.3166,231.1629,643
2019_09_02_C0002_2527_inspire,train,industrial,3840x2160,open3,502,231.1629,247.0282,627
2019_09_02_C0002_2527_inspire,train,industrial,3840x2160,open3,502,247.0282,263.9823,575
2019_09_02_C0002_2527_inspire,train,industrial,3840x2160,open3,502,263.9823,282.1,657
2019_09_02_C0002_2527_inspire,train,industrial,3840x2160,open3,502,282.1,301.4611,548
2019_09_02_C0002_2527_inspire,train,industrial,3840x2160,open3,502,301.4611,322.1511,493
2019_09_02_C0002_2527_inspire,train,industrial,3840x2160,open3,502,322.1511,344.261,451
2019_09_02_C0002_2527_inspire,train,industrial,3840x2160,open3,502,344.261,367.8884,341
2019_09_02_C0002_2527_inspire,train,industrial,3840x2160,open3,502,367.8884,393.1374,380
2019_09_02_C0002_2527_inspire,train,industrial,3840x2160,open3,502,393.1374,420.1193,298
2019_09_02_C0002_2527_inspire,train,industrial,3840x2160,open3,502,420.1193,448.953,298
2019_09_02_C0002_2527_inspire,train,industrial,3840x2160,open3,502,448.953,479.7657,307
2019_09_02_C0002_2527_inspire,train,industrial,3840x2160,open3,502,479.7657,512.6931,283
2019_09_02_C0002_2527_inspire,train,industrial,3840x2160,open3,502,512.6931,547.8803,265
2019_09_02_C0002_2527_inspire,train,industrial,3840x2160,open3,502,547.8803,585.4826,304
2019_09_02_C0002_2527_inspire,train,industrial,3840x2160,open3,502,585.4826,625.6656,247
2019_09_02_C0002_2527_inspire,train,industrial,3840x2160,open3,502,625.6656,668.6064,168
2019_09_02_C0002_2527_inspire,train,industrial,3840x2160,open3,502,668.6064,714.4944,154
2019_09_02_C0002_2527_inspire,train,industrial,3840x2160,open3,502,714.4944,763.5317,131
2019_09_02_C0002_2527_inspire,train,industrial,3840x2160,open3,502,763.5317,815.9346,120
2019_09_02_C0002_2527_inspire,train,industrial,3840x2160,open3,502,815.9346,871.934,123
2019_09_02_C0002_2527_inspire,train,industrial,3840x2160,open3,502,871.934,931.7768,105
2019_09_02_C0002_2527_inspire,train,industrial,3840x2160,open3,502,931.7768,995.7267,120
2019_09_02_C0002_2527_inspire,train,industrial,3840x2160,open3,502,995.7267,1064.0657,99
2019_09_02_C0002_2527_inspire,train,industrial,3840x2160,open3,502,1064.0657,1137.0949,98
2019_09_02_C0002_2527_inspire,train,industrial,3840x2160,open3,502,1137.0949,1215.1362,69
2019_09_02_C0002_2527_inspire,train,industrial,3840x2160,open3,502,1215.1362,1298.5337,57
2019_09_02_C0002_2527_inspire,train,industrial,3840x2160,open3,502,1298.5337,1387.655,65
2019_09_02_C0002_2527_inspire,train,industrial,3840x2160,open3,502,1387.655,1482.8929,53
2019_09_02_C0002_2527_inspire,train,industrial,3840x2160,open3,502,1482.8929,1584.6671,42
2019_09_02_C0002_2527_inspire,train,industrial,3840x2160,open3,502,1584.6671,1693.4264,51
2019_09_02_C0002_2527_inspire,train,industrial,3840x2160,open3,502,1693.4264,1809.65,48
2019_09_02_C0002_2527_inspire,train,industrial,3840x2160,open3,502,1809.65,1933.8503,49
2019_09_02_C0002_2527_inspire,train,industrial,3840x2160,open3,502,1933.8503,2066.5748,43
2019_09_02_C0002_2527_inspire,train,industrial,3840x2160,open3,502,2066.5748,2208.4085,38
2019_09_02_C0002_2527_inspire,train,industrial,3840x2160,open3,502,2208.4085,2359.9765,22
2019_09_02_C0002_2527_inspire,train,industrial,3840x2160,open3,502,2359.9765,2521.9469,36
2019_09_02_C0002_2527_inspire,train,industrial,3840x2160,open3,502,2521.9469,2695.0338,30
2019_09_02_C0002_2527_inspire,train,industrial,3840x2160,open3,502,2695.0338,2880.0,24
2019_09_02_C0002_2527_inspire,train,industrial,3840x2160,open3,502,2880.0,3077.6608,18
2019_09_02_C0002_2527_inspire,train,industrial,3840x2160,open3,502,3077.6608,3288.8876,29
2019_09_02_C0002_2527_inspire,train,industrial,3840x2160,open3,502,3288.8876,3514.6113,27
2019_09_02_C0002_2527_inspire,train,industrial,3840x2160,open3,502,3514.6113,3755.8269,26
2019_09_02_C0002_2527_inspire,train,industrial,3840x2160,open3,502,3755.8269,4013.5977,14
2019_09_02_C0002_2527_inspire,train,industrial,3840x2160,open3,502,4013.5977,4289.0599,25
2019_09_02_C0002_2527_inspire,train,industrial,3840x2160,open3,502,4289.0599,4583.4277,20
2019_09_02_C0002_2527_inspire,train,industrial,3840x2160,open3,502,4583.4277,4897.9986,17
2019_09_02_C0002_2527_inspire,train,industrial,3840x2160,open3,502,4897.9986,5234.1592,20
2019_09_02_C0002_2527_inspire,train,industrial,3840x2160,open3,502,5234.1592,5593.3912,14
2019_09_02_C0002_2527_inspire,train,industrial,3840x2160,open3,502,5593.3912,5977.2781,10
2019_09_02_C0002_2527_inspire,train,industrial,3840x2160,open3,502,5977.2781,6387.5121,8
2019_09_02_C0002_2527_inspire,train,industrial,3840x2160,open3,502,6387.5121,6825.9013,21
2019_09_02_C0002_2527_inspire,train,industrial,3840x2160,open3,502,6825.9013,7294.3782,6
2019_09_02_C0002_2527_inspire,train,industrial,3840x2160,open3,502,7294.3782,7795.0077,6
2019_09_02_C0002_2527_inspire,train,industrial,3840x2160,open3,502,7795.0077,8329.9965,10
2019_09_02_C0002_2527_inspire,train,industrial,3840x2160,open3,502,8329.9965,8901.7028,6
2019_09_02_C0002_2527_inspire,train,industrial,3840x2160,open3,502,8901.7028,9512.6466,4
2019_09_02_C0002_2527_inspire,train,industrial,3840x2160,open3,502,10165.5208,10863.2032,4
2019_09_02_C0002_2527_inspire,train,industrial,3840x2160,open3,502,10863.2032,11608.7691,2
2019_09_02_C0002_2527_inspire,train,industrial,3840x2160,open3,502,11608.7691,12405.5049,10
2019_09_02_C0002_2527_inspire,train,industrial,3840x2160,open3,502,12405.5049,13256.9224,4
2019_09_02_C0002_2527_inspire,train,industrial,3840x2160,open3,502,13256.9224,14166.7746,5
2019_09_02_C0002_2527_inspire,train,industrial,3840x2160,open3,502,14166.7746,15139.0721,3
2019_09_02_C0002_2527_inspire,train,industrial,3840x2160,open3,502,15139.0721,16178.1004,2
2019_09_02_C0002_2527_inspire,train,industrial,3840x2160,open3,502,16178.1004,17288.4396,2
2019_09_02_C0002_2527_inspire,train,industrial,3840x2160,open3,502,17288.4396,18474.9839,2
2019_09_02_C0002_2527_inspire,train,industrial,3840x2160,open3,502,18474.9839,19742.9633,3
2019_09_02_C0002_2527_inspire,train,industrial,3840x2160,open3,502,19742.9633,21097.967,1
2019_09_02_C0002_2527_inspire,train,industrial,3840x2160,open3,502,21097.967,22545.9677,1
2019_09_02_C0002_2527_inspire,train,industrial,3840x2160,open3,502,22545.9677,24093.3479,2
2019_09_02_C0002_2527_inspire,train,industrial,3840x2160,open3,502,24093.3479,25746.9282,2
2019_09_02_C0002_2527_inspire,train,industrial,3840x2160,open3,502,25746.9282,27513.9974,1
2019_09_02_C0002_2527_inspire,train,industrial,3840x2160,open3,502,27513.9974,29402.3446,2
2019_09_02_C0002_2527_inspire,train,industrial,3840x2160,open3,502,29402.3446,31420.2933,1
2019_09_02_C0002_2527_inspire,train,industrial,3840x2160,open3,502,38343.7908,40975.4109,2
2019_09_02_C0002_2527_inspire,train,industrial,3840x2160,open3,502,40975.4109,43787.6449,1
2019_09_02_C0002_2527_inspire,train,industrial,3840x2160,open3,502,43787.6449,46792.8889,1
2019_09_02_C0002_2527_inspire,train,industrial,3840x2160,open3,502,57103.7554,61022.9138,1
2019_09_02_C0002_2527_inspire,train,industrial,3840x2160,open3,502,61022.9138,65211.0529,4
2019_09_02_C0002_2527_inspire,train,industrial,3840x2160,open3,502,65211.0529,69686.6332,2
2019_09_02_C0002_2527_inspire,train,industrial,3840x2160,open3,502,69686.6332,74469.3827,2
2019_09_02_C0002_2527_inspire,train,industrial,3840x2160,open3,502,74469.3827,79580.3829,2
2019_09_02_C0002_2527_inspire,train,industrial,3840x2160,open3,502,79580.3829,85042.1625,1
2019_09_02_C0002_2527_inspire,train,industrial,3840x2160,open3,502,7761697.357,8294400.0,1
2019_09_02_C0002_3700_mavic,train,industrial,3840x2160,none,928,1.0,1.0686,21076914
2019_09_02_C0002_3700_mavic,train,industrial,3840x2160,none,928,1.9421,2.0754,5296292
2019_09_02_C0002_3700_mavic,train,industrial,3840x2160,none,928,2.8924,3.0909,2118188
2019_09_02_C0002_3700_mavic,train,industrial,3840x2160,none,928,3.7719,4.0308,1209736
2019_09_02_C0002_3700_mavic,train,industrial,3840x2160,none,928,4.919,5.2566,768479
2019_09_02_C0002_3700_mavic,train,industrial,3840x2160,none,928,5.6174,6.0029,537898
2019_09_02_C0002_3700_mavic,train,industrial,3840x2160,none,928,6.8552,7.3257,395756
2019_09_02_C0002_3700_mavic,train,industrial,3840x2160,none,928,7.8285,8.3657,305266
2019_09_02_C0002_3700_mavic,train,industrial,3840x2160,none,928,8.9399,9.5535,236895
2019_09_02_C0002_3700_mavic,train,industrial,3840x2160,none,928,9.5535,10.2091,192063
2019_09_02_C0002_3700_mavic,train,industrial,3840x2160,none,928,10.9098,11.6586,156663
2019_09_02_C0002_3700_mavic,train,industrial,3840x2160,none,928,11.6586,12.4587,130819
2019_09_02_C0002_3700_mavic,train,industrial,3840x2160,none,928,12.4587,13.3138,109478
2019_09_02_C0002_3700_mavic,train,industrial,3840x2160,none,928,13.3138,14.2276,93468
2019_09_02_C0002_3700_mavic,train,industrial,3840x2160,none,928,14.2276,15.204,80377
2019_09_02_C0002_3700_mavic,train,industrial,3840x2160,none,928,15.204,16.2475,70600
2019_09_02_C0002_3700_mavic,train,industrial,3840x2160,none,928,16.2475,17.3626,61204
2019_09_02_C0002_3700_mavic,train,industrial,3840x2160,none,928,17.3626,18.5543,54517
2019_09_02_C0002_3700_mavic,train,industrial,3840x2160,none,928,18.5543,19.8277,47822
2019_09_02_C0002_3700_mavic,train,industrial,3840x2160,none,928,19.8277,21.1885,81284
2019_09_02_C0002_3700_mavic,train,industrial,3840x2160,none,928,21.1885,22.6427,34527
2019_09_02_C0002_3700_mavic,train,industrial,3840x2160,none,928,22.6427,24.1967,58616
2019_09_02_C0002_3700_mavic,train,industrial,3840x2160,none,928,24.1967,25.8574,25599
2019_09_02_C0002_3700_mavic,train,industrial,3840x2160,none,928,25.8574,27.6321,44297
2019_09_02_C0002_3700_mavic,train,industrial,3840x2160,none,928,27.6321,29.5285,37427
2019_09_02_C0002_3700_mavic,train,industrial,3840x2160,none,928,29.5285,31.5551,32227
2019_09_02_C0002_3700_mavic,train,industrial,3840x2160,none,928,31.5551,33.7208,27912
2019_09_02_C0002_3700_mavic,train,industrial,3840x2160,none,928,33.7208,36.0352,35098
2019_09_02_C0002_3700_mavic,train,industrial,3840x2160,none,928,36.0352,38.5083,19723
2019_09_02_C0002_3700_mavic,train,industrial,3840x2160,none,928,38.5083,41.1513,25835
2019_09_02_C0002_3700_mavic,train,industrial,3840x2160,none,928,41.1513,43.9756,14996
2019_09_02_C0002_3700_mavic,train,industrial,3840x2160,none,928,43.9756,46.9937,19246
2019_09_02_C0002_3700_mavic,train,industrial,3840x2160,none,928,46.9937,50.219,21784
2019_09_02_C0002_3700_mavic,train,industrial,3840x2160,none,928,50.219,53.6656,13706
2019_09_02_C0002_3700_mavic,train,industrial,3840x2160,none,928,53.6656,57.3488,15679
2019_09_02_C0002_3700_mavic,train,industrial,3840x2160,none,928,57.3488,61.2848,13133
2019_09_02_C0002_3700_mavic,train,industrial,3840x2160,none,928,61.2848,65.4909,11360
2019_09_02_C0002_3700_mavic,train,industrial,3840x2160,none,928,65.4909,69.9857,9892
2019_09_02_C0002_3700_mavic,train,industrial,3840x2160,none,928,69.9857,74.789,10720
2019_09_02_C0002_3700_mavic,train,industrial,3840x2160,none,928,74.789,79.9219,9025
2019_09_02_C0002_3700_mavic,train,industrial,3840x2160,none,928,79.9219,85.4071,9095
2019_09_02_C0002_3700_mavic,train,industrial,3840x2160,none,928,85.4071,91.2688,7652
2019_09_02_C0002_3700_mavic,train,industrial,3840x2160,none,928,91.2688,97.5328,6664
2019_09_02_C0002_3700_mavic,train,industrial,3840x2160,none,928,97.5328,104.2267,6548
2019_09_02_C0002_3700_mavic,train,industrial,3840x2160,none,928,104.2267,111.38,5617
2019_09_02_C0002_3700_mavic,train,industrial,3840x2160,none,928,111.38,119.0243,5509
2019_09_02_C0002_3700_mavic,train,industrial,3840x2160,none,928,119.0243,127.1932,4455
2019_09_02_C0002_3700_mavic,train,industrial,3840x2160,none,928,127.1932,135.9227,3922
2019_09_02_C0002_3700_mavic,train,industrial,3840x2160,none,928,135.9227,145.2514,4213
2019_09_02_C0002_3700_mavic,train,industrial,3840x2160,none,928,145.2514,155.2203,3651
2019_09_02_C0002_3700_mavic,train,industrial,3840x2160,none,928,155.2203,165.8734,3022
2019_09_02_C0002_3700_mavic,train,industrial,3840x2160,none,928,165.8734,177.2577,3192
2019_09_02_C0002_3700_mavic,train,industrial,3840x2160,none,928,177.2577,189.4233,2806
2019_09_02_C0002_3700_mavic,train,industrial,3840x2160,none,928,189.4233,202.4238,2683
2019_09_02_C0002_3700_mavic,train,industrial,3840x2160,none,928,202.4238,216.3166,2445
2019_09_02_C0002_3700_mavic,train,industrial,3840x2160,none,928,216.3166,231.1629,2257
2019_09_02_C0002_3700_mavic,train,industrial,3840x2160,none,928,231.1629,247.0282,2117
2019_09_02_C0002_3700_mavic,train,industrial,3840x2160,none,928,247.0282,263.9823,1862
2019_09_02_C0002_3700_mavic,train,industrial,3840x2160,none,928,263.9823,282.1,1931
2019_09_02_C0002_3700_mavic,train,industrial,3840x2160,none,928,282.1,301.4611,1601
2019_09_02_C0002_3700_mavic,train,industrial,3840x2160,none,928,301.4611,322.1511,1497
2019_09_02_C0002_3700_mavic,train,industrial,3840x2160,none,928,322.1511,344.261,1380
2019_09_02_C0002_3700_mavic,train,industrial,3840x2160,none,928,344.261,367.8884,1218
2019_09_02_C0002_3700_mavic,train,industrial,3840x2160,none,928,367.8884,393.1374,1254
2019_09_02_C0002_3700_mavic,train,industrial,3840x2160,none,928,393.1374,420.1193,1061
2019_09_02_C0002_3700_mavic,train,industrial,3840x2160,none,928,420.1193,448.953,955
2019_09_02_C0002_3700_mavic,train,industrial,3840x2160,none,928,448.953,479.7657,992
2019_09_02_C0002_3700_mavic,train,industrial,3840x2160,none,928,479.7657,512.6931,886
2019_09_02_C0002_3700_mavic,train,industrial,3840x2160,none,928,512.6931,547.8803,753
2019_09_02_C0002_3700_mavic,train,industrial,3840x2160,none,928,547.8803,585.4826,768
2019_09_02_C0002_3700_mavic,train,industrial,3840x2160,none,928,585.4826,625.6656,788
2019_09_02_C0002_3700_mavic,train,industrial,3840x2160,none,928,625.6656,668.6064,659
2019_09_02_C0002_3700_mavic,train,industrial,3840x2160,none,928,668.6064,714.4944,569
2019_09_02_C0002_3700_mavic,train,industrial,3840x2160,none,928,714.4944,763.5317,538
2019_09_02_C0002_3700_mavic,train,industrial,3840x2160,none,928,763.5317,815.9346,457
2019_09_02_C0002_3700_mavic,train,industrial,3840x2160,none,928,815.9346,871.934,378
2019_09_02_C0002_3700_mavic,train,industrial,3840x2160,none,928,871.934,931.7768,306
2019_09_02_C0002_3700_mavic,train,industrial,3840x2160,none,928,931.7768,995.7267,322
2019_09_02_C0002_3700_mavic,train,industrial,3840x2160,none,928,995.7267,1064.0657,277
2019_09_02_C0002_3700_mavic,train,industrial,3840x2160,none,928,1064.0657,1137.0949,269
2019_09_02_C0002_3700_mavic,train,industrial,3840x2160,none,928,1137.0949,1215.1362,226
2019_09_02_C0002_3700_mavic,train,industrial,3840x2160,none,928,1215.1362,1298.5337,156
2019_09_02_C0002_3700_mavic,train,industrial,3840x2160,none,928,1298.5337,1387.655,169
2019_09_02_C0002_3700_mavic,train,industrial,3840x2160,none,928,1387.655,1482.8929,173
2019_09_02_C0002_3700_mavic,train,industrial,3840x2160,none,928,1482.8929,1584.6671,154
2019_09_02_C0002_3700_mavic,train,industrial,3840x2160,none,928,1584.6671,1693.4264,128
2019_09_02_C0002_3700_mavic,train,industrial,3840x2160,none,928,1693.4264,1809.65,130
2019_09_02_C0002_3700_mavic,train,industrial,3840x2160,none,928,1809.65,1933.8503,118
2019_09_02_C0002_3700_mavic,train,industrial,3840x2160,none,928,1933.8503,2066.5748,122
2019_09_02_C0002_3700_mavic,train,industrial,3840x2160,none,928,2066.5748,2208.4085,137
2019_09_02_C0002_3700_mavic,train,industrial,3840x2160,none,928,2208.4085,2359.9765,93
2019_09_02_C0002_3700_mavic,train,industrial,3840x2160,none,928,2359.9765,2521.9469,87
2019_09_02_C0002_3700_mavic,train,industrial,3840x2160,none,928,2521.9469,2695.0338,91
2019_09_02_C0002_3700_mavic,train,industrial,3840x2160,none,928,2695.0338,2880.0,132
2019_09_02_C0002_3700_mavic,train,industrial,3840x2160,none,928,2880.0,3077.6608,158
2019_09_02_C0002_3700_mavic,train,industrial,3840x2160,none,928,3077.6608,3288.8876,124
2019_09_02_C0002_3700_mavic,train,industrial,3840x2160,none,928,3288.8876,3514.6113,128
2019_09_02_C0002_3700_mavic,train,industrial,3840x2160,none,928,3514.6113,3755.8269,160
2019_09_02_C0002_3700_mavic,train,industrial,3840x2160,none,928,3755.8269,4013.5977,77
2019_09_02_C0002_3700_mavic,train,industrial,3840x2160,none,928,4013.5977,4289.0599,51
2019_09_02_C0002_3700_mavic,train,industrial,3840x2160,none,928,4289.0599,4583.4277,38
2019_09_02_C0002_3700_mavic,train,industrial,3840x2160,none,928,4583.4277,4897.9986,38
2019_09_02_C0002_3700_mavic,train,industrial,3840x2160,none,928,4897.9986,5234.1592,30
2019_09_02_C0002_3700_mavic,train,industrial,3840x2160,none,928,5234.1592,5593.3912,14
2019_09_02_C0002_3700_mavic,train,industrial,3840x2160,none,928,5593.3912,5977.2781,10
2019_09_02_C0002_3700_mavic,train,industrial,3840x2160,none,928,5977.2781,6387.5121,12
2019_09_02_C0002_3700_mavic,train,industrial,3840x2160,none,928,6387.5121,6825.9013,4
2019_09_02_C0002_3700_mavic,train,industrial,3840x2160,none,928,6825.9013,7294.3782,6
2019_09_02_C0002_3700_mavic,train,industrial,3840x2160,none,928,7294.3782,7795.0077,6
2019_09_02_C0002_3700_mavic,train,industrial,3840x2160,none,928,7795.0077,8329.9965,8
2019_09_02_C0002_3700_mavic,train,industrial,3840x2160,none,928,8329.9965,8901.7028,6
2019_09_02_C0002_3700_mavic,train,industrial,3840x2160,none,928,8901.7028,9512.6466,6
2019_09_02_C0002_3700_mavic,train,industrial,3840x2160,none,928,9512.6466,10165.5208,12
2019_09_02_C0002_3700_mavic,train,industrial,3840x2160,none,928,10165.5208,10863.2032,4
2019_09_02_C0002_3700_mavic,train,industrial,3840x2160,none,928,10863.2032,11608.7691,6
2019_09_02_C0002_3700_mavic,train,industrial,3840x2160,none,928,11608.7691,12405.5049,2
2019_09_02_C0002_3700_mavic,train,industrial,3840x2160,none,928,12405.5049,13256.9224,1
2019_09_02_C0002_3700_mavic,train,industrial,3840x2160,none,928,13256.9224,14166.7746,2
2019_09_02_C0002_3700_mavic,train,industrial,3840x2160,none,928,14166.7746,15139.0721,2
2019_09_02_C0002_3700_mavic,train,industrial,3840x2160,none,928,15139.0721,16178.1004,4
2019_09_02_C0002_3700_mavic,train,industrial,3840x2160,none,928,16178.1004,17288.4396,5
2019_09_02_C0002_3700_mavic,train,industrial,3840x2160,none,928,18474.9839,19742.9633,1
2019_09_02_C0002_3700_mavic,train,industrial,3840x2160,none,928,22545.9677,24093.3479,1
2019_09_02_C0002_3700_mavic,train,industrial,3840x2160,none,928,24093.3479,25746.9282,1
2019_09_02_C0002_3700_mavic,train,industrial,3840x2160,none,928,25746.9282,27513.9974,1
2019_09_02_C0002_3700_mavic,train,industrial,3840x2160,none,928,29402.3446,31420.2933,1
2019_09_02_C0002_3700_mavic,train,industrial,3840x2160,none,928,31420.2933,33576.7382,1
2019_09_02_C0002_3700_mavic,train,industrial,3840x2160,none,928,46792.8889,50004.3895,1
2019_09_02_C0002_3700_mavic,train,industrial,3840x2160,none,928,57103.7554,61022.9138,1
2019_09_02_C0002_3700_mavic,train,industrial,3840x2160,none,928,7761697.357,8294400.0,1
2019_09_02_C0002_3700_mavic,train,industrial,3840x2160,open3,928,5.6174,6.0029,1430
2019_09_02_C0002_3700_mavic,train,industrial,3840x2160,open3,928,7.8285,8.3657,308
2019_09_02_C0002_3700_mavic,train,industrial,3840x2160,open3,928,8.9399,9.5535,255723
2019_09_02_C0002_3700_mavic,train,industrial,3840x2160,open3,928,9.5535,10.2091,70
2019_09_02_C0002_3700_mavic,train,industrial,3840x2160,open3,928,10.9098,11.6586,130
2019_09_02_C0002_3700_mavic,train,industrial,3840x2160,open3,928,11.6586,12.4587,87823
2019_09_02_C0002_3700_mavic,train,industrial,3840x2160,open3,928,12.4587,13.3138,77
2019_09_02_C0002_3700_mavic,train,industrial,3840x2160,open3,928,13.3138,14.2276,10892
2019_09_02_C0002_3700_mavic,train,industrial,3840x2160,open3,928,14.2276,15.204,38345
2019_09_02_C0002_3700_mavic,train,industrial,3840x2160,open3,928,15.204,16.2475,10624
2019_09_02_C0002_3700_mavic,train,industrial,3840x2160,open3,928,16.2475,17.3626,8517
2019_09_02_C0002_3700_mavic,train,industrial,3840x2160,open3,928,17.3626,18.5543,21550
2019_09_02_C0002_3700_mavic,train,industrial,3840x2160,open3,928,18.5543,19.8277,10137
2019_09_02_C0002_3700_mavic,train,industrial,3840x2160,open3,928,19.8277,21.1885,19397
2019_09_02_C0002_3700_mavic,train,industrial,3840x2160,open3,928,21.1885,22.6427,7195
2019_09_02_C0002_3700_mavic,train,industrial,3840x2160,open3,928,22.6427,24.1967,14204
2019_09_02_C0002_3700_mavic,train,industrial,3840x2160,open3,928,24.1967,25.8574,5167
2019_09_02_C0002_3700_mavic,train,industrial,3840x2160,open3,928,25.8574,27.6321,10360
2019_09_02_C0002_3700_mavic,train,industrial,3840x2160,open3,928,27.6321,29.5285,7924
2019_09_02_C0002_3700_mavic,train,industrial,3840x2160,open3,928,29.5285,31.5551,7556
2019_09_02_C0002_3700_mavic,train,industrial,3840x2160,open3,928,31.5551,33.7208,6031
2019_09_02_C0002_3700_mavic,train,industrial,3840x2160,open3,928,33.7208,36.0352,7828
2019_09_02_C0002_3700_mavic,train,industrial,3840x2160,open3,928,36.0352,38.5083,4194
2019_09_02_C0002_3700_mavic,train,industrial,3840x2160,open3,928,38.5083,41.1513,5269
2019_09_02_C0002_3700_mavic,train,industrial,3840x2160,open3,928,41.1513,43.9756,2973
2019_09_02_C0002_3700_mavic,train,industrial,3840x2160,open3,928,43.9756,46.9937,3901
2019_09_02_C0002_3700_mavic,train,industrial,3840x2160,open3,928,46.9937,50.219,4207
2019_09_02_C0002_3700_mavic,train,industrial,3840x2160,open3,928,50.219,53.6656,2717
2019_09_02_C0002_3700_mavic,train,industrial,3840x2160,open3,928,53.6656,57.3488,3141
2019_09_02_C0002_3700_mavic,train,industrial,3840x2160,open3,928,57.3488,61.2848,2696
2019_09_02_C0002_3700_mavic,train,industrial,3840x2160,open3,928,61.2848,65.4909,2209
2019_09_02_C0002_3700_mavic,train,industrial,3840x2160,open3,928,65.4909,69.9857,1927
2019_09_02_C0002_3700_mavic,train,industrial,3840x2160,open3,928,69.9857,74.789,1993
2019_09_02_C0002_3700_mavic,train,industrial,3840x2160,open3,928,74.789,79.9219,1703
2019_09_02_C0002_3700_mavic,train,industrial,3840x2160,open3,928,79.9219,85.4071,1718
2019_09_02_C0002_3700_mavic,train,industrial,3840x2160,open3,928,85.4071,91.2688,1427
2019_09_02_C0002_3700_mavic,train,industrial,3840x2160,open3,928,91.2688,97.5328,1182
2019_09_02_C0002_3700_mavic,train,industrial,3840x2160,open3,928,97.5328,104.2267,1182
2019_09_02_C0002_3700_mavic,train,industrial,3840x2160,open3,928,104.2267,111.38,1015
2019_09_02_C0002_3700_mavic,train,industrial,3840x2160,open3,928,111.38,119.0243,978
2019_09_02_C0002_3700_mavic,train,industrial,3840x2160,open3,928,119.0243,127.1932,838
2019_09_02_C0002_3700_mavic,train,industrial,3840x2160,open3,928,127.1932,135.9227,711
2019_09_02_C0002_3700_mavic,train,industrial,3840x2160,open3,928,135.9227,145.2514,700
2019_09_02_C0002_3700_mavic,train,industrial,3840x2160,open3,928,145.2514,155.2203,634
2019_09_02_C0002_3700_mavic,train,industrial,3840x2160,open3,928,155.2203,165.8734,465
2019_09_02_C0002_3700_mavic,train,industrial,3840x2160,open3,928,165.8734,177.2577,586
2019_09_02_C0002_3700_mavic,train,industrial,3840x2160,open3,928,177.2577,189.4233,507
2019_09_02_C0002_3700_mavic,train,industrial,3840x2160,open3,928,189.4233,202.4238,490
2019_09_02_C0002_3700_mavic,train,industrial,3840x2160,open3,928,202.4238,216.3166,413
2019_09_02_C0002_3700_mavic,train,industrial,3840x2160,open3,928,216.3166,231.1629,311
2019_09_02_C0002_3700_mavic,train,industrial,3840x2160,open3,928,231.1629,247.0282,252
2019_09_02_C0002_3700_mavic,train,industrial,3840x2160,open3,928,247.0282,263.9823,208
2019_09_02_C0002_3700_mavic,train,industrial,3840x2160,open3,928,263.9823,282.1,203
2019_09_02_C0002_3700_mavic,train,industrial,3840x2160,open3,928,282.1,301.4611,171
2019_09_02_C0002_3700_mavic,train,industrial,3840x2160,open3,928,301.4611,322.1511,184
2019_09_02_C0002_3700_mavic,train,industrial,3840x2160,open3,928,322.1511,344.261,160
2019_09_02_C0002_3700_mavic,train,industrial,3840x2160,open3,928,344.261,367.8884,150
2019_09_02_C0002_3700_mavic,train,industrial,3840x2160,open3,928,367.8884,393.1374,169
2019_09_02_C0002_3700_mavic,train,industrial,3840x2160,open3,928,393.1374,420.1193,129
2019_09_02_C0002_3700_mavic,train,industrial,3840x2160,open3,928,420.1193,448.953,103
2019_09_02_C0002_3700_mavic,train,industrial,3840x2160,open3,928,448.953,479.7657,109
2019_09_02_C0002_3700_mavic,train,industrial,3840x2160,open3,928,479.7657,512.6931,89
2019_09_02_C0002_3700_mavic,train,industrial,3840x2160,open3,928,512.6931,547.8803,66
2019_09_02_C0002_3700_mavic,train,industrial,3840x2160,open3,928,547.8803,585.4826,74
2019_09_02_C0002_3700_mavic,train,industrial,3840x2160,open3,928,585.4826,625.6656,81
2019_09_02_C0002_3700_mavic,train,industrial,3840x2160,open3,928,625.6656,668.6064,37
2019_09_02_C0002_3700_mavic,train,industrial,3840x2160,open3,928,668.6064,714.4944,18
2019_09_02_C0002_3700_mavic,train,industrial,3840x2160,open3,928,714.4944,763.5317,16
2019_09_02_C0002_3700_mavic,train,industrial,3840x2160,open3,928,763.5317,815.9346,16
2019_09_02_C0002_3700_mavic,train,industrial,3840x2160,open3,928,815.9346,871.934,15
2019_09_02_C0002_3700_mavic,train,industrial,3840x2160,open3,928,871.934,931.7768,22
2019_09_02_C0002_3700_mavic,train,industrial,3840x2160,open3,928,931.7768,995.7267,16
2019_09_02_C0002_3700_mavic,train,industrial,3840x2160,open3,928,995.7267,1064.0657,23
2019_09_02_C0002_3700_mavic,train,industrial,3840x2160,open3,928,1064.0657,1137.0949,29
2019_09_02_C0002_3700_mavic,train,industrial,3840x2160,open3,928,1137.0949,1215.1362,25
2019_09_02_C0002_3700_mavic,train,industrial,3840x2160,open3,928,1215.1362,1298.5337,23
2019_09_02_C0002_3700_mavic,train,industrial,3840x2160,open3,928,1298.5337,1387.655,21
2019_09_02_C0002_3700_mavic,train,industrial,3840x2160,open3,928,1387.655,1482.8929,10
2019_09_02_C0002_3700_mavic,train,industrial,3840x2160,open3,928,1482.8929,1584.6671,19
2019_09_02_C0002_3700_mavic,train,industrial,3840x2160,open3,928,1584.6671,1693.4264,23
2019_09_02_C0002_3700_mavic,train,industrial,3840x2160,open3,928,1693.4264,1809.65,23
2019_09_02_C0002_3700_mavic,train,industrial,3840x2160,open3,928,1809.65,1933.8503,16
2019_09_02_C0002_3700_mavic,train,industrial,3840x2160,open3,928,1933.8503,2066.5748,12
2019_09_02_C0002_3700_mavic,train,industrial,3840x2160,open3,928,2066.5748,2208.4085,23
2019_09_02_C0002_3700_mavic,train,industrial,3840x2160,open3,928,2208.4085,2359.9765,14
2019_09_02_C0002_3700_mavic,train,industrial,3840x2160,open3,928,2359.9765,2521.9469,36
2019_09_02_C0002_3700_mavic,train,industrial,3840x2160,open3,928,2521.9469,2695.0338,36
2019_09_02_C0002_3700_mavic,train,industrial,3840x2160,open3,928,2695.0338,2880.0,53
2019_09_02_C0002_3700_mavic,train,industrial,3840x2160,open3,928,2880.0,3077.6608,42
2019_09_02_C0002_3700_mavic,train,industrial,3840x2160,open3,928,3077.6608,3288.8876,38
2019_09_02_C0002_3700_mavic,train,industrial,3840x2160,open3,928,3288.8876,3514.6113,24
2019_09_02_C0002_3700_mavic,train,industrial,3840x2160,open3,928,3514.6113,3755.8269,19
2019_09_02_C0002_3700_mavic,train,industrial,3840x2160,open3,928,7761697.357,8294400.0,1
2019_09_02_GOPR5871_1058_solo,train,industrial,1920x1080,none,725,1.0,1.0625,5243189
2019_09_02_GOPR5871_1058_solo,train,industrial,1920x1080,none,725,1.9477,2.0694,1050472
2019_09_02_GOPR5871_1058_solo,train,industrial,1920x1080,none,725,2.9768,3.1628,352298
2019_09_02_GOPR5871_1058_solo,train,industrial,1920x1080,none,725,3.7934,4.0304,176874
2019_09_02_GOPR5871_1058_solo,train,industrial,1920x1080,none,725,4.8341,5.1361,100237
2019_09_02_GOPR5871_1058_solo,train,industrial,1920x1080,none,725,5.7979,6.1601,63854
2019_09_02_GOPR5871_1058_solo,train,industrial,1920x1080,none,725,6.9539,7.3884,45417
2019_09_02_GOPR5871_1058_solo,train,industrial,1920x1080,none,725,7.85,8.3404,32928
2019_09_02_GOPR5871_1058_solo,train,industrial,1920x1080,none,725,8.8615,9.4152,24969
2019_09_02_GOPR5871_1058_solo,train,industrial,1920x1080,none,725,9.4152,10.0034,19485
2019_09_02_GOPR5871_1058_solo,train,industrial,1920x1080,none,725,10.6284,11.2924,15492
2019_09_02_GOPR5871_1058_solo,train,industrial,1920x1080,none,725,11.998,12.7476,12930
2019_09_02_GOPR5871_1058_solo,train,industrial,1920x1080,none,725,12.7476,13.544,10687
2019_09_02_GOPR5871_1058_solo,train,industrial,1920x1080,none,725,13.544,14.3902,9007
2019_09_02_GOPR5871_1058_solo,train,industrial,1920x1080,none,725,14.3902,15.2892,7562
2019_09_02_GOPR5871_1058_solo,train,industrial,1920x1080,none,725,15.2892,16.2445,6597
2019_09_02_GOPR5871_1058_solo,train,industrial,1920x1080,none,725,16.2445,17.2594,5606
2019_09_02_GOPR5871_1058_solo,train,industrial,1920x1080,none,725,17.2594,18.3377,4763
2019_09_02_GOPR5871_1058_solo,train,industrial,1920x1080,none,725,18.3377,19.4834,4181
2019_09_02_GOPR5871_1058_solo,train,industrial,1920x1080,none,725,19.4834,20.7007,3899
2019_09_02_GOPR5871_1058_solo,train,industrial,1920x1080,none,725,20.7007,21.994,3521
2019_09_02_GOPR5871_1058_solo,train,industrial,1920x1080,none,725,21.994,23.3681,6188
2019_09_02_GOPR5871_1058_solo,train,industrial,1920x1080,none,725,23.3681,24.8281,2632
2019_09_02_GOPR5871_1058_solo,train,industrial,1920x1080,none,725,24.8281,26.3793,4695
2019_09_02_GOPR5871_1058_solo,train,industrial,1920x1080,none,725,26.3793,28.0274,3866
2019_09_02_GOPR5871_1058_solo,train,industrial,1920x1080,none,725,28.0274,29.7785,1765
2019_09_02_GOPR5871_1058_solo,train,industrial,1920x1080,none,725,29.7785,31.639,3182
2019_09_02_GOPR5871_1058_solo,train,industrial,1920x1080,none,725,31.639,33.6157,2758
2019_09_02_GOPR5871_1058_solo,train,industrial,1920x1080,none,725,33.6157,35.7159,2377
2019_09_02_GOPR5871_1058_solo,train,industrial,1920x1080,none,725,35.7159,37.9473,2048
2019_09_02_GOPR5871_1058_solo,train,industrial,1920x1080,none,725,37.9473,40.3182,2616
2019_09_02_GOPR5871_1058_solo,train,industrial,1920x1080,none,725,40.3182,42.8372,1397
2019_09_02_GOPR5871_1058_solo,train,industrial,1920x1080,none,725,42.8372,45.5135,1869
2019_09_02_GOPR5871_1058_solo,train,industrial,1920x1080,none,725,45.5135,48.3571,1722
2019_09_02_GOPR5871_1058_solo,train,industrial,1920x1080,none,725,48.3571,51.3783,1480
2019_09_02_GOPR5871_1058_solo,train,industrial,1920x1080,none,725,51.3783,54.5883,1120
2019_09_02_GOPR5871_1058_solo,train,industrial,1920x1080,none,725,54.5883,57.9988,908
2019_09_02_GOPR5871_1058_solo,train,industrial,1920x1080,none,725,57.9988,61.6224,1048
2019_09_02_GOPR5871_1058_solo,train,industrial,1920x1080,none,725,61.6224,65.4724,862
2019_09_02_GOPR5871_1058_solo,train,industrial,1920x1080,none,725,65.4724,69.563,716
2019_09_02_GOPR5871_1058_solo,train,industrial,1920x1080,none,725,69.563,73.9091,664
2019_09_02_GOPR5871_1058_solo,train,industrial,1920x1080,none,725,73.9091,78.5267,866
2019_09_02_GOPR5871_1058_solo,train,industrial,1920x1080,none,725,78.5267,83.4329,581
2019_09_02_GOPR5871_1058_solo,train,industrial,1920x1080,none,725,83.4329,88.6455,538
2019_09_02_GOPR5871_1058_solo,train,industrial,1920x1080,none,725,88.6455,94.1839,568
2019_09_02_GOPR5871_1058_solo,train,industrial,1920x1080,none,725,94.1839,100.0682,600
2019_09_02_GOPR5871_1058_solo,train,industrial,1920x1080,none,725,100.0682,106.3202,478
2019_09_02_GOPR5871_1058_solo,train,industrial,1920x1080,none,725,106.3202,112.9628,402
2019_09_02_GOPR5871_1058_solo,train,industrial,1920x1080,none,725,112.9628,120.0205,407
2019_09_02_GOPR5871_1058_solo,train,industrial,1920x1080,none,725,120.0205,127.519,326
2019_09_02_GOPR5871_1058_solo,train,industrial,1920x1080,none,725,127.519,135.4861,412
2019_09_02_GOPR5871_1058_solo,train,industrial,1920x1080,none,725,135.4861,143.9509,386
2019_09_02_GOPR5871_1058_solo,train,industrial,1920x1080,none,725,143.9509,152.9446,308
2019_09_02_GOPR5871_1058_solo,train,industrial,1920x1080,none,725,152.9446,162.5001,305
2019_09_02_GOPR5871_1058_solo,train,industrial,1920x1080,none,725,162.5001,172.6527,230
2019_09_02_GOPR5871_1058_solo,train,industrial,1920x1080,none,725,172.6527,183.4396,220
2019_09_02_GOPR5871_1058_solo,train,industrial,1920x1080,none,725,183.4396,194.9004,276
2019_09_02_GOPR5871_1058_solo,train,industrial,1920x1080,none,725,194.9004,207.0773,297
2019_09_02_GOPR5871_1058_solo,train,industrial,1920x1080,none,725,207.0773,220.0149,267
2019_09_02_GOPR5871_1058_solo,train,industrial,1920x1080,none,725,220.0149,233.7609,179
2019_09_02_GOPR5871_1058_solo,train,industrial,1920x1080,none,725,233.7609,248.3657,79
2019_09_02_GOPR5871_1058_solo,train,industrial,1920x1080,none,725,248.3657,263.8829,106
2019_09_02_GOPR5871_1058_solo,train,industrial,1920x1080,none,725,263.8829,280.3696,89
2019_09_02_GOPR5871_1058_solo,train,industrial,1920x1080,none,725,280.3696,297.8864,53
2019_09_02_GOPR5871_1058_solo,train,industrial,1920x1080,none,725,297.8864,316.4975,42
2019_09_02_GOPR5871_1058_solo,train,industrial,1920x1080,none,725,316.4975,336.2714,47
2019_09_02_GOPR5871_1058_solo,train,industrial,1920x1080,none,725,336.2714,357.2808,55
2019_09_02_GOPR5871_1058_solo,train,industrial,1920x1080,none,725,357.2808,379.6028,38
2019_09_02_GOPR5871_1058_solo,train,industrial,1920x1080,none,725,379.6028,403.3193,32
2019_09_02_GOPR5871_1058_solo,train,industrial,1920x1080,none,725,403.3193,428.5177,33
2019_09_02_GOPR5871_1058_solo,train,industrial,1920x1080,none,725,428.5177,455.2903,23
2019_09_02_GOPR5871_1058_solo,train,industrial,1920x1080,none,725,455.2903,483.7357,29
2019_09_02_GOPR5871_1058_solo,train,industrial,1920x1080,none,725,483.7357,513.9582,46
2019_09_02_GOPR5871_1058_solo,train,industrial,1920x1080,none,725,513.9582,546.069,26
2019_09_02_GOPR5871_1058_solo,train,industrial,1920x1080,none,725,546.069,580.1859,22
2019_09_02_GOPR5871_1058_solo,train,industrial,1920x1080,none,725,580.1859,616.4344,61
2019_09_02_GOPR5871_1058_solo,train,industrial,1920x1080,none,725,616.4344,654.9476,39
2019_09_02_GOPR5871_1058_solo,train,industrial,1920x1080,none,725,654.9476,695.867,14
2019_09_02_GOPR5871_1058_solo,train,industrial,1920x1080,none,725,695.867,739.3429,39
2019_09_02_GOPR5871_1058_solo,train,industrial,1920x1080,none,725,739.3429,785.5351,59
2019_09_02_GOPR5871_1058_solo,train,industrial,1920x1080,none,725,785.5351,834.6133,26
2019_09_02_GOPR5871_1058_solo,train,industrial,1920x1080,none,725,834.6133,886.7577,10
2019_09_02_GOPR5871_1058_solo,train,industrial,1920x1080,none,725,886.7577,942.16,2
2019_09_02_GOPR5871_1058_solo,train,industrial,1920x1080,none,725,942.16,1001.0237,1
2019_09_02_GOPR5871_1058_solo,train,industrial,1920x1080,none,725,1130.0138,1200.6141,2
2019_09_02_GOPR5871_1058_solo,train,industrial,1920x1080,none,725,1440.0,1529.9674,1
2019_09_02_GOPR5871_1058_solo,train,industrial,1920x1080,none,725,2071.4794,2200.9,1
2019_09_02_GOPR5871_1058_solo,train,industrial,1920x1080,none,725,6961.0438,7395.9515,1
2019_09_02_GOPR5871_1058_solo,train,industrial,1920x1080,none,725,9424.8143,10013.6519,1
2019_09_02_GOPR5871_1058_solo,train,industrial,1920x1080,none,725,1951665.1031,2073600.0,1
2019_09_02_GOPR5871_1058_solo,train,industrial,1920x1080,open3,725,3.7934,4.0304,2
2019_09_02_GOPR5871_1058_solo,train,industrial,1920x1080,open3,725,5.7979,6.1601,632
2019_09_02_GOPR5871_1058_solo,train,industrial,1920x1080,open3,725,7.85,8.3404,134
2019_09_02_GOPR5871_1058_solo,train,industrial,1920x1080,open3,725,8.8615,9.4152,19498
2019_09_02_GOPR5871_1058_solo,train,industrial,1920x1080,open3,725,9.4152,10.0034,42
2019_09_02_GOPR5871_1058_solo,train,industrial,1920x1080,open3,725,10.6284,11.2924,91
2019_09_02_GOPR5871_1058_solo,train,industrial,1920x1080,open3,725,11.998,12.7476,7131
2019_09_02_GOPR5871_1058_solo,train,industrial,1920x1080,open3,725,12.7476,13.544,20
2019_09_02_GOPR5871_1058_solo,train,industrial,1920x1080,open3,725,13.544,14.3902,1190
2019_09_02_GOPR5871_1058_solo,train,industrial,1920x1080,open3,725,14.3902,15.2892,3524
2019_09_02_GOPR5871_1058_solo,train,industrial,1920x1080,open3,725,15.2892,16.2445,977
2019_09_02_GOPR5871_1058_solo,train,industrial,1920x1080,open3,725,16.2445,17.2594,939
2019_09_02_GOPR5871_1058_solo,train,industrial,1920x1080,open3,725,17.2594,18.3377,1983
2019_09_02_GOPR5871_1058_solo,train,industrial,1920x1080,open3,725,18.3377,19.4834,934
2019_09_02_GOPR5871_1058_solo,train,industrial,1920x1080,open3,725,19.4834,20.7007,772
2019_09_02_GOPR5871_1058_solo,train,industrial,1920x1080,open3,725,20.7007,21.994,1054
2019_09_02_GOPR5871_1058_solo,train,industrial,1920x1080,open3,725,21.994,23.3681,1406
2019_09_02_GOPR5871_1058_solo,train,industrial,1920x1080,open3,725,23.3681,24.8281,648
2019_09_02_GOPR5871_1058_solo,train,industrial,1920x1080,open3,725,24.8281,26.3793,1046
2019_09_02_GOPR5871_1058_solo,train,industrial,1920x1080,open3,725,26.3793,28.0274,896
2019_09_02_GOPR5871_1058_solo,train,industrial,1920x1080,open3,725,28.0274,29.7785,356
2019_09_02_GOPR5871_1058_solo,train,industrial,1920x1080,open3,725,29.7785,31.639,701
2019_09_02_GOPR5871_1058_solo,train,industrial,1920x1080,open3,725,31.639,33.6157,548
2019_09_02_GOPR5871_1058_solo,train,industrial,1920x1080,open3,725,33.6157,35.7159,380
2019_09_02_GOPR5871_1058_solo,train,industrial,1920x1080,open3,725,35.7159,37.9473,404
2019_09_02_GOPR5871_1058_solo,train,industrial,1920x1080,open3,725,37.9473,40.3182,595
2019_09_02_GOPR5871_1058_solo,train,industrial,1920x1080,open3,725,40.3182,42.8372,325
2019_09_02_GOPR5871_1058_solo,train,industrial,1920x1080,open3,725,42.8372,45.5135,431
2019_09_02_GOPR5871_1058_solo,train,industrial,1920x1080,open3,725,45.5135,48.3571,350
2019_09_02_GOPR5871_1058_solo,train,industrial,1920x1080,open3,725,48.3571,51.3783,362
2019_09_02_GOPR5871_1058_solo,train,industrial,1920x1080,open3,725,51.3783,54.5883,296
2019_09_02_GOPR5871_1058_solo,train,industrial,1920x1080,open3,725,54.5883,57.9988,277
2019_09_02_GOPR5871_1058_solo,train,industrial,1920x1080,open3,725,57.9988,61.6224,250
2019_09_02_GOPR5871_1058_solo,train,industrial,1920x1080,open3,725,61.6224,65.4724,226
2019_09_02_GOPR5871_1058_solo,train,industrial,1920x1080,open3,725,65.4724,69.563,245
2019_09_02_GOPR5871_1058_solo,train,industrial,1920x1080,open3,725,69.563,73.9091,194
2019_09_02_GOPR5871_1058_solo,train,industrial,1920x1080,open3,725,73.9091,78.5267,146
2019_09_02_GOPR5871_1058_solo,train,industrial,1920x1080,open3,725,78.5267,83.4329,130
2019_09_02_GOPR5871_1058_solo,train,industrial,1920x1080,open3,725,83.4329,88.6455,95
2019_09_02_GOPR5871_1058_solo,train,industrial,1920x1080,open3,725,88.6455,94.1839,92
2019_09_02_GOPR5871_1058_solo,train,industrial,1920x1080,open3,725,94.1839,100.0682,95
2019_09_02_GOPR5871_1058_solo,train,industrial,1920x1080,open3,725,100.0682,106.3202,82
2019_09_02_GOPR5871_1058_solo,train,industrial,1920x1080,open3,725,106.3202,112.9628,87
2019_09_02_GOPR5871_1058_solo,train,industrial,1920x1080,open3,725,112.9628,120.0205,89
2019_09_02_GOPR5871_1058_solo,train,industrial,1920x1080,open3,725,120.0205,127.519,88
2019_09_02_GOPR5871_1058_solo,train,industrial,1920x1080,open3,725,127.519,135.4861,90
2019_09_02_GOPR5871_1058_solo,train,industrial,1920x1080,open3,725,135.4861,143.9509,83
2019_09_02_GOPR5871_1058_solo,train,industrial,1920x1080,open3,725,143.9509,152.9446,121
2019_09_02_GOPR5871_1058_solo,train,industrial,1920x1080,open3,725,152.9446,162.5001,111
2019_09_02_GOPR5871_1058_solo,train,industrial,1920x1080,open3,725,162.5001,172.6527,86
2019_09_02_GOPR5871_1058_solo,train,industrial,1920x1080,open3,725,172.6527,183.4396,53
2019_09_02_GOPR5871_1058_solo,train,industrial,1920x1080,open3,725,183.4396,194.9004,34
2019_09_02_GOPR5871_1058_solo,train,industrial,1920x1080,open3,725,194.9004,207.0773,25
2019_09_02_GOPR5871_1058_solo,train,industrial,1920x1080,open3,725,207.0773,220.0149,12
2019_09_02_GOPR5871_1058_solo,train,industrial,1920x1080,open3,725,220.0149,233.7609,17
2019_09_02_GOPR5871_1058_solo,train,industrial,1920x1080,open3,725,233.7609,248.3657,18
2019_09_02_GOPR5871_1058_solo,train,industrial,1920x1080,open3,725,248.3657,263.8829,23
2019_09_02_GOPR5871_1058_solo,train,industrial,1920x1080,open3,725,263.8829,280.3696,54
2019_09_02_GOPR5871_1058_solo,train,industrial,1920x1080,open3,725,280.3696,297.8864,17
2019_09_02_GOPR5871_1058_solo,train,industrial,1920x1080,open3,725,297.8864,316.4975,16
2019_09_02_GOPR5871_1058_solo,train,industrial,1920x1080,open3,725,316.4975,336.2714,7
2019_09_02_GOPR5871_1058_solo,train,industrial,1920x1080,open3,725,336.2714,357.2808,11
2019_09_02_GOPR5871_1058_solo,train,industrial,1920x1080,open3,725,357.2808,379.6028,18
2019_09_02_GOPR5871_1058_solo,train,industrial,1920x1080,open3,725,379.6028,403.3193,19
2019_09_02_GOPR5871_1058_solo,train,industrial,1920x1080,open3,725,403.3193,428.5177,18
2019_09_02_GOPR5871_1058_solo,train,industrial,1920x1080,open3,725,428.5177,455.2903,2
2019_09_02_GOPR5871_1058_solo,train,industrial,1920x1080,open3,725,1951665.1031,2073600.0,1
2019_10_16_C0003_1700_matrice,train,industrial,3840x2160,none,1576,1.0,1.0686,45572603
2019_10_16_C0003_1700_matrice,train,industrial,3840x2160,none,1576,1.9421,2.0754,14464946
2019_10_16_C0003_1700_matrice,train,industrial,3840x2160,none,1576,2.8924,3.0909,6656726
2019_10_16_C0003_1700_matrice,train,industrial,3840x2160,none,1576,3.7719,4.0308,3903199
2019_10_16_C0003_1700_matrice,train,industrial,3840x2160,none,1576,4.919,5.2566,2484606
2019_10_16_C0003_1700_matrice,train,industrial,3840x2160,none,1576,5.6174,6.0029,1712384
2019_10_16_C0003_1700_matrice,train,industrial,3840x2160,none,1576,6.8552,7.3257,1234587
2019_10_16_C0003_1700_matrice,train,industrial,3840x2160,none,1576,7.8285,8.3657,930343
2019_10_16_C0003_1700_matrice,train,industrial,3840x2160,none,1576,8.9399,9.5535,716540
2019_10_16_C0003_1700_matrice,train,industrial,3840x2160,none,1576,9.5535,10.2091,567318
2019_10_16_C0003_1700_matrice,train,industrial,3840x2160,none,1576,10.9098,11.6586,458560
2019_10_16_C0003_1700_matrice,train,industrial,3840x2160,none,1576,11.6586,12.4587,376003
2019_10_16_C0003_1700_matrice,train,industrial,3840x2160,none,1576,12.4587,13.3138,311778
2019_10_16_C0003_1700_matrice,train,industrial,3840x2160,none,1576,13.3138,14.2276,262366
2019_10_16_C0003_1700_matrice,train,industrial,3840x2160,none,1576,14.2276,15.204,224830
2019_10_16_C0003_1700_matrice,train,industrial,3840x2160,none,1576,15.204,16.2475,195129
2019_10_16_C0003_1700_matrice,train,industrial,3840x2160,none,1576,16.2475,17.3626,168925
2019_10_16_C0003_1700_matrice,train,industrial,3840x2160,none,1576,17.3626,18.5543,147715
2019_10_16_C0003_1700_matrice,train,industrial,3840x2160,none,1576,18.5543,19.8277,130227
2019_10_16_C0003_1700_matrice,train,industrial,3840x2160,none,1576,19.8277,21.1885,219403
2019_10_16_C0003_1700_matrice,train,industrial,3840x2160,none,1576,21.1885,22.6427,93981
2019_10_16_C0003_1700_matrice,train,industrial,3840x2160,none,1576,22.6427,24.1967,160201
2019_10_16_C0003_1700_matrice,train,industrial,3840x2160,none,1576,24.1967,25.8574,69532
2019_10_16_C0003_1700_matrice,train,industrial,3840x2160,none,1576,25.8574,27.6321,122418
2019_10_16_C0003_1700_matrice,train,industrial,3840x2160,none,1576,27.6321,29.5285,103719
2019_10_16_C0003_1700_matrice,train,industrial,3840x2160,none,1576,29.5285,31.5551,89130
2019_10_16_C0003_1700_matrice,train,industrial,3840x2160,none,1576,31.5551,33.7208,77047
2019_10_16_C0003_1700_matrice,train,industrial,3840x2160,none,1576,33.7208,36.0352,97388
2019_10_16_C0003_1700_matrice,train,industrial,3840x2160,none,1576,36.0352,38.5083,55570
2019_10_16_C0003_1700_matrice,train,industrial,3840x2160,none,1576,38.5083,41.1513,72563
2019_10_16_C0003_1700_matrice,train,industrial,3840x2160,none,1576,41.1513,43.9756,42206
2019_10_16_C0003_1700_matrice,train,industrial,3840x2160,none,1576,43.9756,46.9937,55701
2019_10_16_C0003_1700_matrice,train,industrial,3840x2160,none,1576,46.9937,50.219,62863
2019_10_16_C0003_1700_matrice,train,industrial,3840x2160,none,1576,50.219,53.6656,41087
2019_10_16_C0003_1700_matrice,train,industrial,3840x2160,none,1576,53.6656,57.3488,47672
2019_10_16_C0003_1700_matrice,train,industrial,3840x2160,none,1576,57.3488,61.2848,41707
2019_10_16_C0003_1700_matrice,train,industrial,3840x2160,none,1576,61.2848,65.4909,35958
2019_10_16_C0003_1700_matrice,train,industrial,3840x2160,none,1576,65.4909,69.9857,31861
2019_10_16_C0003_1700_matrice,train,industrial,3840x2160,none,1576,69.9857,74.789,35170
2019_10_16_C0003_1700_matrice,train,industrial,3840x2160,none,1576,74.789,79.9219,30255
2019_10_16_C0003_1700_matrice,train,industrial,3840x2160,none,1576,79.9219,85.4071,31760
2019_10_16_C0003_1700_matrice,train,industrial,3840x2160,none,1576,85.4071,91.2688,27646
2019_10_16_C0003_1700_matrice,train,industrial,3840x2160,none,1576,91.2688,97.5328,24158
2019_10_16_C0003_1700_matrice,train,industrial,3840x2160,none,1576,97.5328,104.2267,25119
2019_10_16_C0003_1700_matrice,train,industrial,3840x2160,none,1576,104.2267,111.38,21898
2019_10_16_C0003_1700_matrice,train,industrial,3840x2160,none,1576,111.38,119.0243,22034
2019_10_16_C0003_1700_matrice,train,industrial,3840x2160,none,1576,119.0243,127.1932,19542
2019_10_16_C0003_1700_matrice,train,industrial,3840x2160,none,1576,127.1932,135.9227,17197
2019_10_16_C0003_1700_matrice,train,industrial,3840x2160,none,1576,135.9227,145.2514,19086
2019_10_16_C0003_1700_matrice,train,industrial,3840x2160,none,1576,145.2514,155.2203,17104
2019_10_16_C0003_1700_matrice,train,industrial,3840x2160,none,1576,155.2203,165.8734,15066
2019_10_16_C0003_1700_matrice,train,industrial,3840x2160,none,1576,165.8734,177.2577,16058
2019_10_16_C0003_1700_matrice,train,industrial,3840x2160,none,1576,177.2577,189.4233,14340
2019_10_16_C0003_1700_matrice,train,industrial,3840x2160,none,1576,189.4233,202.4238,13921
2019_10_16_C0003_1700_matrice,train,industrial,3840x2160,none,1576,202.4238,216.3166,13211
2019_10_16_C0003_1700_matrice,train,industrial,3840x2160,none,1576,216.3166,231.1629,12719
2019_10_16_C0003_1700_matrice,train,industrial,3840x2160,none,1576,231.1629,247.0282,11912
2019_10_16_C0003_1700_matrice,train,industrial,3840x2160,none,1576,247.0282,263.9823,10997
2019_10_16_C0003_1700_matrice,train,industrial,3840x2160,none,1576,263.9823,282.1,12031
2019_10_16_C0003_1700_matrice,train,industrial,3840x2160,none,1576,282.1,301.4611,11025
2019_10_16_C0003_1700_matrice,train,industrial,3840x2160,none,1576,301.4611,322.1511,10699
2019_10_16_C0003_1700_matrice,train,industrial,3840x2160,none,1576,322.1511,344.261,9922
2019_10_16_C0003_1700_matrice,train,industrial,3840x2160,none,1576,344.261,367.8884,9844
2019_10_16_C0003_1700_matrice,train,industrial,3840x2160,none,1576,367.8884,393.1374,9698
2019_10_16_C0003_1700_matrice,train,industrial,3840x2160,none,1576,393.1374,420.1193,8818
2019_10_16_C0003_1700_matrice,train,industrial,3840x2160,none,1576,420.1193,448.953,8472
2019_10_16_C0003_1700_matrice,train,industrial,3840x2160,none,1576,448.953,479.7657,8451
2019_10_16_C0003_1700_matrice,train,industrial,3840x2160,none,1576,479.7657,512.6931,8408
2019_10_16_C0003_1700_matrice,train,industrial,3840x2160,none,1576,512.6931,547.8803,8363
2019_10_16_C0003_1700_matrice,train,industrial,3840x2160,none,1576,547.8803,585.4826,8084
2019_10_16_C0003_1700_matrice,train,industrial,3840x2160,none,1576,585.4826,625.6656,7450
2019_10_16_C0003_1700_matrice,train,industrial,3840x2160,none,1576,625.6656,668.6064,7154
2019_10_16_C0003_1700_matrice,train,industrial,3840x2160,none,1576,668.6064,714.4944,6930
2019_10_16_C0003_1700_matrice,train,industrial,3840x2160,none,1576,714.4944,763.5317,6571
2019_10_16_C0003_1700_matrice,train,industrial,3840x2160,none,1576,763.5317,815.9346,6641
2019_10_16_C0003_1700_matrice,train,industrial,3840x2160,none,1576,815.9346,871.934,6798
2019_10_16_C0003_1700_matrice,train,industrial,3840x2160,none,1576,871.934,931.7768,6199
2019_10_16_C0003_1700_matrice,train,industrial,3840x2160,none,1576,931.7768,995.7267,5777
2019_10_16_C0003_1700_matrice,train,industrial,3840x2160,none,1576,995.7267,1064.0657,5558
2019_10_16_C0003_1700_matrice,train,industrial,3840x2160,none,1576,1064.0657,1137.0949,4592
2019_10_16_C0003_1700_matrice,train,industrial,3840x2160,none,1576,1137.0949,1215.1362,4223
2019_10_16_C0003_1700_matrice,train,industrial,3840x2160,none,1576,1215.1362,1298.5337,4047
2019_10_16_C0003_1700_matrice,train,industrial,3840x2160,none,1576,1298.5337,1387.655,4190
2019_10_16_C0003_1700_matrice,train,industrial,3840x2160,none,1576,1387.655,1482.8929,4251
2019_10_16_C0003_1700_matrice,train,industrial,3840x2160,none,1576,1482.8929,1584.6671,3599
2019_10_16_C0003_1700_matrice,train,industrial,3840x2160,none,1576,1584.6671,1693.4264,3300
2019_10_16_C0003_1700_matrice,train,industrial,3840x2160,none,1576,1693.4264,1809.65,3193
2019_10_16_C0003_1700_matrice,train,industrial,3840x2160,none,1576,1809.65,1933.8503,2858
2019_10_16_C0003_1700_matrice,train,industrial,3840x2160,none,1576,1933.8503,2066.5748,2559
2019_10_16_C0003_1700_matrice,train,industrial,3840x2160,none,1576,2066.5748,2208.4085,2656
2019_10_16_C0003_1700_matrice,train,industrial,3840x2160,none,1576,2208.4085,2359.9765,2667
2019_10_16_C0003_1700_matrice,train,industrial,3840x2160,none,1576,2359.9765,2521.9469,2155
2019_10_16_C0003_1700_matrice,train,industrial,3840x2160,none,1576,2521.9469,2695.0338,1599
2019_10_16_C0003_1700_matrice,train,industrial,3840x2160,none,1576,2695.0338,2880.0,1440
2019_10_16_C0003_1700_matrice,train,industrial,3840x2160,none,1576,2880.0,3077.6608,1391
2019_10_16_C0003_1700_matrice,train,industrial,3840x2160,none,1576,3077.6608,3288.8876,1600
2019_10_16_C0003_1700_matrice,train,industrial,3840x2160,none,1576,3288.8876,3514.6113,1682
2019_10_16_C0003_1700_matrice,train,industrial,3840x2160,none,1576,3514.6113,3755.8269,1926
2019_10_16_C0003_1700_matrice,train,industrial,3840x2160,none,1576,3755.8269,4013.5977,2002
2019_10_16_C0003_1700_matrice,train,industrial,3840x2160,none,1576,4013.5977,4289.0599,1621
2019_10_16_C0003_1700_matrice,train,industrial,3840x2160,none,1576,4289.0599,4583.4277,1563
2019_10_16_C0003_1700_matrice,train,industrial,3840x2160,none,1576,4583.4277,4897.9986,1348
2019_10_16_C0003_1700_matrice,train,industrial,3840x2160,none,1576,4897.9986,5234.1592,1076
2019_10_16_C0003_1700_matrice,train,industrial,3840x2160,none,1576,5234.1592,5593.3912,1266
2019_10_16_C0003_1700_matrice,train,industrial,3840x2160,none,1576,5593.3912,5977.2781,799
2019_10_16_C0003_1700_matrice,train,industrial,3840x2160,none,1576,5977.2781,6387.5121,864
2019_10_16_C0003_1700_matrice,train,industrial,3840x2160,none,1576,6387.5121,6825.9013,910
2019_10_16_C0003_1700_matrice,train,industrial,3840x2160,none,1576,6825.9013,7294.3782,1059
2019_10_16_C0003_1700_matrice,train,industrial,3840x2160,none,1576,7294.3782,7795.0077,1257
2019_10_16_C0003_1700_matrice,train,industrial,3840x2160,none,1576,7795.0077,8329.9965,917
2019_10_16_C0003_1700_matrice,train,industrial,3840x2160,none,1576,8329.9965,8901.7028,878
2019_10_16_C0003_1700_matrice,train,industrial,3840x2160,none,1576,8901.7028,9512.6466,849
2019_10_16_C0003_1700_matrice,train,industrial,3840x2160,none,1576,9512.6466,10165.5208,700
2019_10_16_C0003_1700_matrice,train,industrial,3840x2160,none,1576,10165.5208,10863.2032,494
2019_10_16_C0003_1700_matrice,train,industrial,3840x2160,none,1576,10863.2032,11608.7691,556
2019_10_16_C0003_1700_matrice,train,industrial,3840x2160,none,1576,11608.7691,12405.5049,857
2019_10_16_C0003_1700_matrice,train,industrial,3840x2160,none,1576,12405.5049,13256.9224,390
2019_10_16_C0003_1700_matrice,train,industrial,3840x2160,none,1576,13256.9224,14166.7746,515
2019_10_16_C0003_1700_matrice,train,industrial,3840x2160,none,1576,14166.7746,15139.0721,546
2019_10_16_C0003_1700_matrice,train,industrial,3840x2160,none,1576,15139.0721,16178.1004,668
2019_10_16_C0003_1700_matrice,train,industrial,3840x2160,none,1576,16178.1004,17288.4396,327
2019_10_16_C0003_1700_matrice,train,industrial,3840x2160,none,1576,17288.4396,18474.9839,523
2019_10_16_C0003_1700_matrice,train,industrial,3840x2160,none,1576,18474.9839,19742.9633,383
2019_10_16_C0003_1700_matrice,train,industrial,3840x2160,none,1576,19742.9633,21097.967,562
2019_10_16_C0003_1700_matrice,train,industrial,3840x2160,none,1576,21097.967,22545.9677,319
2019_10_16_C0003_1700_matrice,train,industrial,3840x2160,none,1576,22545.9677,24093.3479,106
2019_10_16_C0003_1700_matrice,train,industrial,3840x2160,none,1576,24093.3479,25746.9282,77
2019_10_16_C0003_1700_matrice,train,industrial,3840x2160,none,1576,25746.9282,27513.9974,99
2019_10_16_C0003_1700_matrice,train,industrial,3840x2160,none,1576,27513.9974,29402.3446,100
2019_10_16_C0003_1700_matrice,train,industrial,3840x2160,none,1576,29402.3446,31420.2933,245
2019_10_16_C0003_1700_matrice,train,industrial,3840x2160,none,1576,31420.2933,33576.7382,225
2019_10_16_C0003_1700_matrice,train,industrial,3840x2160,none,1576,33576.7382,35881.1848,223
2019_10_16_C0003_1700_matrice,train,industrial,3840x2160,none,1576,35881.1848,38343.7908,498
2019_10_16_C0003_1700_matrice,train,industrial,3840x2160,none,1576,38343.7908,40975.4109,286
2019_10_16_C0003_1700_matrice,train,industrial,3840x2160,none,1576,40975.4109,43787.6449,338
2019_10_16_C0003_1700_matrice,train,industrial,3840x2160,none,1576,43787.6449,46792.8889,233
2019_10_16_C0003_1700_matrice,train,industrial,3840x2160,none,1576,46792.8889,50004.3895,158
2019_10_16_C0003_1700_matrice,train,industrial,3840x2160,none,1576,50004.3895,53436.3025,57
2019_10_16_C0003_1700_matrice,train,industrial,3840x2160,none,1576,53436.3025,57103.7554,20
2019_10_16_C0003_1700_matrice,train,industrial,3840x2160,none,1576,57103.7554,61022.9138,72
2019_10_16_C0003_1700_matrice,train,industrial,3840x2160,none,1576,61022.9138,65211.0529,309
2019_10_16_C0003_1700_matrice,train,industrial,3840x2160,none,1576,65211.0529,69686.6332,124
2019_10_16_C0003_1700_matrice,train,industrial,3840x2160,none,1576,69686.6332,74469.3827,150
2019_10_16_C0003_1700_matrice,train,industrial,3840x2160,none,1576,74469.3827,79580.3829,5
2019_10_16_C0003_1700_matrice,train,industrial,3840x2160,none,1576,79580.3829,85042.1625,102
2019_10_16_C0003_1700_matrice,train,industrial,3840x2160,none,1576,85042.1625,90878.7962,58
2019_10_16_C0003_1700_matrice,train,industrial,3840x2160,none,1576,90878.7962,97116.0112,1
2019_10_16_C0003_1700_matrice,train,industrial,3840x2160,none,1576,154557.0186,165164.6123,1
2019_10_16_C0003_1700_matrice,train,industrial,3840x2160,none,1576,165164.6123,176500.229,1
2019_10_16_C0003_1700_matrice,train,industrial,3840x2160,none,1576,7761697.357,8294400.0,1
2019_10_16_C0003_1700_matrice,train,industrial,3840x2160,open3,1576,3.7719,4.0308,2
2019_10_16_C0003_1700_matrice,train,industrial,3840x2160,open3,1576,5.6174,6.0029,6236
2019_10_16_C0003_1700_matrice,train,industrial,3840x2160,open3,1576,7.8285,8.3657,2217
2019_10_16_C0003_1700_matrice,train,industrial,3840x2160,open3,1576,8.9399,9.5535,1029710
2019_10_16_C0003_1700_matrice,train,industrial,3840x2160,open3,1576,9.5535,10.2091,721
2019_10_16_C0003_1700_matrice,train,industrial,3840x2160,open3,1576,10.9098,11.6586,534
2019_10_16_C0003_1700_matrice,train,industrial,3840x2160,open3,1576,11.6586,12.4587,417422
2019_10_16_C0003_1700_matrice,train,industrial,3840x2160,open3,1576,12.4587,13.3138,281
2019_10_16_C0003_1700_matrice,train,industrial,3840x2160,open3,1576,13.3138,14.2276,33527
2019_10_16_C0003_1700_matrice,train,industrial,3840x2160,open3,1576,14.2276,15.204,185625
2019_10_16_C0003_1700_matrice,train,industrial,3840x2160,open3,1576,15.204,16.2475,54522
2019_10_16_C0003_1700_matrice,train,industrial,3840x2160,open3,1576,16.2475,17.3626,33511
2019_10_16_C0003_1700_matrice,train,industrial,3840x2160,open3,1576,17.3626,18.5543,102574
2019_10_16_C0003_1700_matrice,train,industrial,3840x2160,open3,1576,18.5543,19.8277,51488
2019_10_16_C0003_1700_matrice,train,industrial,3840x2160,open3,1576,19.8277,21.1885,98391
2019_10_16_C0003_1700_matrice,train,industrial,3840x2160,open3,1576,21.1885,22.6427,36137
2019_10_16_C0003_1700_matrice,train,industrial,3840x2160,open3,1576,22.6427,24.1967,77310
2019_10_16_C0003_1700_matrice,train,industrial,3840x2160,open3,1576,24.1967,25.8574,28279
2019_10_16_C0003_1700_matrice,train,industrial,3840x2160,open3,1576,25.8574,27.6321,58505
2019_10_16_C0003_1700_matrice,train,industrial,3840x2160,open3,1576,27.6321,29.5285,45876
2019_10_16_C0003_1700_matrice,train,industrial,3840x2160,open3,1576,29.5285,31.5551,43559
2019_10_16_C0003_1700_matrice,train,industrial,3840x2160,open3,1576,31.5551,33.7208,37931
2019_10_16_C0003_1700_matrice,train,industrial,3840x2160,open3,1576,33.7208,36.0352,47595
2019_10_16_C0003_1700_matrice,train,industrial,3840x2160,open3,1576,36.0352,38.5083,27513
2019_10_16_C0003_1700_matrice,train,industrial,3840x2160,open3,1576,38.5083,41.1513,36621
2019_10_16_C0003_1700_matrice,train,industrial,3840x2160,open3,1576,41.1513,43.9756,21610
2019_10_16_C0003_1700_matrice,train,industrial,3840x2160,open3,1576,43.9756,46.9937,28200
2019_10_16_C0003_1700_matrice,train,industrial,3840x2160,open3,1576,46.9937,50.219,32663
2019_10_16_C0003_1700_matrice,train,industrial,3840x2160,open3,1576,50.219,53.6656,21056
2019_10_16_C0003_1700_matrice,train,industrial,3840x2160,open3,1576,53.6656,57.3488,25200
2019_10_16_C0003_1700_matrice,train,industrial,3840x2160,open3,1576,57.3488,61.2848,21928
2019_10_16_C0003_1700_matrice,train,industrial,3840x2160,open3,1576,61.2848,65.4909,19479
2019_10_16_C0003_1700_matrice,train,industrial,3840x2160,open3,1576,65.4909,69.9857,17160
2019_10_16_C0003_1700_matrice,train,industrial,3840x2160,open3,1576,69.9857,74.789,18890
2019_10_16_C0003_1700_matrice,train,industrial,3840x2160,open3,1576,74.789,79.9219,16876
2019_10_16_C0003_1700_matrice,train,industrial,3840x2160,open3,1576,79.9219,85.4071,17840
2019_10_16_C0003_1700_matrice,train,industrial,3840x2160,open3,1576,85.4071,91.2688,15621
2019_10_16_C0003_1700_matrice,train,industrial,3840x2160,open3,1576,91.2688,97.5328,14106
2019_10_16_C0003_1700_matrice,train,industrial,3840x2160,open3,1576,97.5328,104.2267,14654
2019_10_16_C0003_1700_matrice,train,industrial,3840x2160,open3,1576,104.2267,111.38,12787
2019_10_16_C0003_1700_matrice,train,industrial,3840x2160,open3,1576,111.38,119.0243,13221
2019_10_16_C0003_1700_matrice,train,industrial,3840x2160,open3,1576,119.0243,127.1932,11939
2019_10_16_C0003_1700_matrice,train,industrial,3840x2160,open3,1576,127.1932,135.9227,10601
2019_10_16_C0003_1700_matrice,train,industrial,3840x2160,open3,1576,135.9227,145.2514,11879
2019_10_16_C0003_1700_matrice,train,industrial,3840x2160,open3,1576,145.2514,155.2203,10606
2019_10_16_C0003_1700_matrice,train,industrial,3840x2160,open3,1576,155.2203,165.8734,9665
2019_10_16_C0003_1700_matrice,train,industrial,3840x2160,open3,1576,165.8734,177.2577,10474
2019_10_16_C0003_1700_matrice,train,industrial,3840x2160,open3,1576,177.2577,189.4233,9327
2019_10_16_C0003_1700_matrice,train,industrial,3840x2160,open3,1576,189.4233,202.4238,9064
2019_10_16_C0003_1700_matrice,train,industrial,3840x2160,open3,1576,202.4238,216.3166,8918
2019_10_16_C0003_1700_matrice,train,industrial,3840x2160,open3,1576,216.3166,231.1629,8481
2019_10_16_C0003_1700_matrice,train,industrial,3840x2160,open3,1576,231.1629,247.0282,8279
2019_10_16_C0003_1700_matrice,train,industrial,3840x2160,open3,1576,247.0282,263.9823,7423
2019_10_16_C0003_1700_matrice,train,industrial,3840x2160,open3,1576,263.9823,282.1,8161
2019_10_16_C0003_1700_matrice,train,industrial,3840x2160,open3,1576,282.1,301.4611,7216
2019_10_16_C0003_1700_matrice,train,industrial,3840x2160,open3,1576,301.4611,322.1511,7336
2019_10_16_C0003_1700_matrice,train,industrial,3840x2160,open3,1576,322.1511,344.261,6678
2019_10_16_C0003_1700_matrice,train,industrial,3840x2160,open3,1576,344.261,367.8884,6334
2019_10_16_C0003_1700_matrice,train,industrial,3840x2160,open3,1576,367.8884,393.1374,6427
2019_10_16_C0003_1700_matrice,train,industrial,3840x2160,open3,1576,393.1374,420.1193,6175
2019_10_16_C0003_1700_matrice,train,industrial,3840x2160,open3,1576,420.1193,448.953,5977
2019_10_16_C0003_1700_matrice,train,industrial,3840x2160,open3,1576,448.953,479.7657,5859
2019_10_16_C0003_1700_matrice,train,industrial,3840x2160,open3,1576,479.7657,512.6931,5608
2019_10_16_C0003_1700_matrice,train,industrial,3840x2160,open3,1576,512.6931,547.8803,5579
2019_10_16_C0003_1700_matrice,train,industrial,3840x2160,open3,1576,547.8803,585.4826,5562
2019_10_16_C0003_1700_matrice,train,industrial,3840x2160,open3,1576,585.4826,625.6656,4859
2019_10_16_C0003_1700_matrice,train,industrial,3840x2160,open3,1576,625.6656,668.6064,4446
2019_10_16_C0003_1700_matrice,train,industrial,3840x2160,open3,1576,668.6064,714.4944,4246
2019_10_16_C0003_1700_matrice,train,industrial,3840x2160,open3,1576,714.4944,763.5317,4102
2019_10_16_C0003_1700_matrice,train,industrial,3840x2160,open3,1576,763.5317,815.9346,4073
2019_10_16_C0003_1700_matrice,train,industrial,3840x2160,open3,1576,815.9346,871.934,3787
2019_10_16_C0003_1700_matrice,train,industrial,3840x2160,open3,1576,871.934,931.7768,3272
2019_10_16_C0003_1700_matrice,train,industrial,3840x2160,open3,1576,931.7768,995.7267,3454
2019_10_16_C0003_1700_matrice,train,industrial,3840x2160,open3,1576,995.7267,1064.0657,3066
2019_10_16_C0003_1700_matrice,train,industrial,3840x2160,open3,1576,1064.0657,1137.0949,3032
2019_10_16_C0003_1700_matrice,train,industrial,3840x2160,open3,1576,1137.0949,1215.1362,2962
2019_10_16_C0003_1700_matrice,train,industrial,3840x2160,open3,1576,1215.1362,1298.5337,2689
2019_10_16_C0003_1700_matrice,train,industrial,3840x2160,open3,1576,1298.5337,1387.655,2350
2019_10_16_C0003_1700_matrice,train,industrial,3840x2160,open3,1576,1387.655,1482.8929,2255
2019_10_16_C0003_1700_matrice,train,industrial,3840x2160,open3,1576,1482.8929,1584.6671,1882
2019_10_16_C0003_1700_matrice,train,industrial,3840x2160,open3,1576,1584.6671,1693.4264,1590
2019_10_16_C0003_1700_matrice,train,industrial,3840x2160,open3,1576,1693.4264,1809.65,1656
2019_10_16_C0003_1700_matrice,train,industrial,3840x2160,open3,1576,1809.65,1933.8503,1858
2019_10_16_C0003_1700_matrice,train,industrial,3840x2160,open3,1576,1933.8503,2066.5748,2097
2019_10_16_C0003_1700_matrice,train,industrial,3840x2160,open3,1576,2066.5748,2208.4085,1668
2019_10_16_C0003_1700_matrice,train,industrial,3840x2160,open3,1576,2208.4085,2359.9765,1495
2019_10_16_C0003_1700_matrice,train,industrial,3840x2160,open3,1576,2359.9765,2521.9469,1497
2019_10_16_C0003_1700_matrice,train,industrial,3840x2160,open3,1576,2521.9469,2695.0338,1620
2019_10_16_C0003_1700_matrice,train,industrial,3840x2160,open3,1576,2695.0338,2880.0,1611
2019_10_16_C0003_1700_matrice,train,industrial,3840x2160,open3,1576,2880.0,3077.6608,1500
2019_10_16_C0003_1700_matrice,train,industrial,3840x2160,open3,1576,3077.6608,3288.8876,1831
2019_10_16_C0003_1700_matrice,train,industrial,3840x2160,open3,1576,3288.8876,3514.6113,1484
2019_10_16_C0003_1700_matrice,train,industrial,3840x2160,open3,1576,3514.6113,3755.8269,1320
2019_10_16_C0003_1700_matrice,train,industrial,3840x2160,open3,1576,3755.8269,4013.5977,1334
2019_10_16_C0003_1700_matrice,train,industrial,3840x2160,open3,1576,4013.5977,4289.0599,1143
2019_10_16_C0003_1700_matrice,train,industrial,3840x2160,open3,1576,4289.0599,4583.4277,1016
2019_10_16_C0003_1700_matrice,train,industrial,3840x2160,open3,1576,4583.4277,4897.9986,830
2019_10_16_C0003_1700_matrice,train,industrial,3840x2160,open3,1576,4897.9986,5234.1592,804
2019_10_16_C0003_1700_matrice,train,industrial,3840x2160,open3,1576,5234.1592,5593.3912,679
2019_10_16_C0003_1700_matrice,train,industrial,3840x2160,open3,1576,5593.3912,5977.2781,801
2019_10_16_C0003_1700_matrice,train,industrial,3840x2160,open3,1576,5977.2781,6387.5121,851
2019_10_16_C0003_1700_matrice,train,industrial,3840x2160,open3,1576,6387.5121,6825.9013,651
2019_10_16_C0003_1700_matrice,train,industrial,3840x2160,open3,1576,6825.9013,7294.3782,590
2019_10_16_C0003_1700_matrice,train,industrial,3840x2160,open3,1576,7294.3782,7795.0077,709
2019_10_16_C0003_1700_matrice,train,industrial,3840x2160,open3,1576,7795.0077,8329.9965,878
2019_10_16_C0003_1700_matrice,train,industrial,3840x2160,open3,1576,8329.9965,8901.7028,827
2019_10_16_C0003_1700_matrice,train,industrial,3840x2160,open3,1576,8901.7028,9512.6466,783
2019_10_16_C0003_1700_matrice,train,industrial,3840x2160,open3,1576,9512.6466,10165.5208,764
2019_10_16_C0003_1700_matrice,train,industrial,3840x2160,open3,1576,10165.5208,10863.2032,462
2019_10_16_C0003_1700_matrice,train,industrial,3840x2160,open3,1576,10863.2032,11608.7691,408
2019_10_16_C0003_1700_matrice,train,industrial,3840x2160,open3,1576,11608.7691,12405.5049,515
2019_10_16_C0003_1700_matrice,train,industrial,3840x2160,open3,1576,12405.5049,13256.9224,538
2019_10_16_C0003_1700_matrice,train,industrial,3840x2160,open3,1576,13256.9224,14166.7746,309
2019_10_16_C0003_1700_matrice,train,industrial,3840x2160,open3,1576,14166.7746,15139.0721,494
2019_10_16_C0003_1700_matrice,train,industrial,3840x2160,open3,1576,15139.0721,16178.1004,274
2019_10_16_C0003_1700_matrice,train,industrial,3840x2160,open3,1576,16178.1004,17288.4396,343
2019_10_16_C0003_1700_matrice,train,industrial,3840x2160,open3,1576,17288.4396,18474.9839,402
2019_10_16_C0003_1700_matrice,train,industrial,3840x2160,open3,1576,18474.9839,19742.9633,301
2019_10_16_C0003_1700_matrice,train,industrial,3840x2160,open3,1576,19742.9633,21097.967,64
2019_10_16_C0003_1700_matrice,train,industrial,3840x2160,open3,1576,21097.967,22545.9677,118
2019_10_16_C0003_1700_matrice,train,industrial,3840x2160,open3,1576,22545.9677,24093.3479,148
2019_10_16_C0003_1700_matrice,train,industrial,3840x2160,open3,1576,24093.3479,25746.9282,24
2019_10_16_C0003_1700_matrice,train,industrial,3840x2160,open3,1576,25746.9282,27513.9974,35
2019_10_16_C0003_1700_matrice,train,industrial,3840x2160,open3,1576,27513.9974,29402.3446,235
2019_10_16_C0003_1700_matrice,train,industrial,3840x2160,open3,1576,29402.3446,31420.2933,390
2019_10_16_C0003_1700_matrice,train,industrial,3840x2160,open3,1576,31420.2933,33576.7382,320
2019_10_16_C0003_1700_matrice,train,industrial,3840x2160,open3,1576,33576.7382,35881.1848,332
2019_10_16_C0003_1700_matrice,train,industrial,3840x2160,open3,1576,35881.1848,38343.7908,314
2019_10_16_C0003_1700_matrice,train,industrial,3840x2160,open3,1576,38343.7908,40975.4109,90
2019_10_16_C0003_1700_matrice,train,industrial,3840x2160,open3,1576,40975.4109,43787.6449,72
2019_10_16_C0003_1700_matrice,train,industrial,3840x2160,open3,1576,43787.6449,46792.8889,25
2019_10_16_C0003_1700_matrice,train,industrial,3840x2160,open3,1576,46792.8889,50004.3895,210
2019_10_16_C0003_1700_matrice,train,industrial,3840x2160,open3,1576,50004.3895,53436.3025,78
2019_10_16_C0003_1700_matrice,train,industrial,3840x2160,open3,1576,53436.3025,57103.7554,110
2019_10_16_C0003_1700_matrice,train,industrial,3840x2160,open3,1576,57103.7554,61022.9138,226
2019_10_16_C0003_1700_matrice,train,industrial,3840x2160,open3,1576,7761697.357,8294400.0,1
2019_11_14_C0001_3922_matrice,val,industrial,3840x2160,none,2601,1.0,1.0686,75601477
2019_11_14_C0001_3922_matrice,val,industrial,3840x2160,none,2601,1.9421,2.0754,24865797
2019_11_14_C0001_3922_matrice,val,industrial,3840x2160,none,2601,2.8924,3.0909,8722998
2019_11_14_C0001_3922_matrice,val,industrial,3840x2160,none,2601,3.7719,4.0308,4481057
2019_11_14_C0001_3922_matrice,val,industrial,3840x2160,none,2601,4.919,5.2566,2033185
2019_11_14_C0001_3922_matrice,val,industrial,3840x2160,none,2601,5.6174,6.0029,1095843
2019_11_14_C0001_3922_matrice,val,industrial,3840x2160,none,2601,6.8552,7.3257,590188
2019_11_14_C0001_3922_matrice,val,industrial,3840x2160,none,2601,7.8285,8.3657,343611
2019_11_14_C0001_3922_matrice,val,industrial,3840x2160,none,2601,8.9399,9.5535,201851
2019_11_14_C0001_3922_matrice,val,industrial,3840x2160,none,2601,9.5535,10.2091,127314
2019_11_14_C0001_3922_matrice,val,industrial,3840x2160,none,2601,10.9098,11.6586,84134
2019_11_14_C0001_3922_matrice,val,industrial,3840x2160,none,2601,11.6586,12.4587,58385
2019_11_14_C0001_3922_matrice,val,industrial,3840x2160,none,2601,12.4587,13.3138,42125
2019_11_14_C0001_3922_matrice,val,industrial,3840x2160,none,2601,13.3138,14.2276,31299
2019_11_14_C0001_3922_matrice,val,industrial,3840x2160,none,2601,14.2276,15.204,24390
2019_11_14_C0001_3922_matrice,val,industrial,3840x2160,none,2601,15.204,16.2475,19483
2019_11_14_C0001_3922_matrice,val,industrial,3840x2160,none,2601,16.2475,17.3626,15872
2019_11_14_C0001_3922_matrice,val,industrial,3840x2160,none,2601,17.3626,18.5543,12963
2019_11_14_C0001_3922_matrice,val,industrial,3840x2160,none,2601,18.5543,19.8277,10752
2019_11_14_C0001_3922_matrice,val,industrial,3840x2160,none,2601,19.8277,21.1885,17395
2019_11_14_C0001_3922_matrice,val,industrial,3840x2160,none,2601,21.1885,22.6427,7070
2019_11_14_C0001_3922_matrice,val,industrial,3840x2160,none,2601,22.6427,24.1967,11807
2019_11_14_C0001_3922_matrice,val,industrial,3840x2160,none,2601,24.1967,25.8574,4948
2019_11_14_C0001_3922_matrice,val,industrial,3840x2160,none,2601,25.8574,27.6321,8450
2019_11_14_C0001_3922_matrice,val,industrial,3840x2160,none,2601,27.6321,29.5285,6903
2019_11_14_C0001_3922_matrice,val,industrial,3840x2160,none,2601,29.5285,31.5551,5699
2019_11_14_C0001_3922_matrice,val,industrial,3840x2160,none,2601,31.5551,33.7208,4808
2019_11_14_C0001_3922_matrice,val,industrial,3840x2160,none,2601,33.7208,36.0352,6113
2019_11_14_C0001_3922_matrice,val,industrial,3840x2160,none,2601,36.0352,38.5083,3468
2019_11_14_C0001_3922_matrice,val,industrial,3840x2160,none,2601,38.5083,41.1513,4472
2019_11_14_C0001_3922_matrice,val,industrial,3840x2160,none,2601,41.1513,43.9756,2581
2019_11_14_C0001_3922_matrice,val,industrial,3840x2160,none,2601,43.9756,46.9937,3362
2019_11_14_C0001_3922_matrice,val,industrial,3840x2160,none,2601,46.9937,50.219,3778
2019_11_14_C0001_3922_matrice,val,industrial,3840x2160,none,2601,50.219,53.6656,2402
2019_11_14_C0001_3922_matrice,val,industrial,3840x2160,none,2601,53.6656,57.3488,2815
2019_11_14_C0001_3922_matrice,val,industrial,3840x2160,none,2601,57.3488,61.2848,2530
2019_11_14_C0001_3922_matrice,val,industrial,3840x2160,none,2601,61.2848,65.4909,2217
2019_11_14_C0001_3922_matrice,val,industrial,3840x2160,none,2601,65.4909,69.9857,1889
2019_11_14_C0001_3922_matrice,val,industrial,3840x2160,none,2601,69.9857,74.789,2095
2019_11_14_C0001_3922_matrice,val,industrial,3840x2160,none,2601,74.789,79.9219,1865
2019_11_14_C0001_3922_matrice,val,industrial,3840x2160,none,2601,79.9219,85.4071,1887
2019_11_14_C0001_3922_matrice,val,industrial,3840x2160,none,2601,85.4071,91.2688,1642
2019_11_14_C0001_3922_matrice,val,industrial,3840x2160,none,2601,91.2688,97.5328,1536
2019_11_14_C0001_3922_matrice,val,industrial,3840x2160,none,2601,97.5328,104.2267,1620
2019_11_14_C0001_3922_matrice,val,industrial,3840x2160,none,2601,104.2267,111.38,1442
2019_11_14_C0001_3922_matrice,val,industrial,3840x2160,none,2601,111.38,119.0243,1380
2019_11_14_C0001_3922_matrice,val,industrial,3840x2160,none,2601,119.0243,127.1932,1234
2019_11_14_C0001_3922_matrice,val,industrial,3840x2160,none,2601,127.1932,135.9227,1060
2019_11_14_C0001_3922_matrice,val,industrial,3840x2160,none,2601,135.9227,145.2514,1174
2019_11_14_C0001_3922_matrice,val,industrial,3840x2160,none,2601,145.2514,155.2203,1020
2019_11_14_C0001_3922_matrice,val,industrial,3840x2160,none,2601,155.2203,165.8734,920
2019_11_14_C0001_3922_matrice,val,industrial,3840x2160,none,2601,165.8734,177.2577,950
2019_11_14_C0001_3922_matrice,val,industrial,3840x2160,none,2601,177.2577,189.4233,742
2019_11_14_C0001_3922_matrice,val,industrial,3840x2160,none,2601,189.4233,202.4238,747
2019_11_14_C0001_3922_matrice,val,industrial,3840x2160,none,2601,202.4238,216.3166,632
2019_11_14_C0001_3922_matrice,val,industrial,3840x2160,none,2601,216.3166,231.1629,661
2019_11_14_C0001_3922_matrice,val,industrial,3840x2160,none,2601,231.1629,247.0282,630
2019_11_14_C0001_3922_matrice,val,industrial,3840x2160,none,2601,247.0282,263.9823,588
2019_11_14_C0001_3922_matrice,val,industrial,3840x2160,none,2601,263.9823,282.1,654
2019_11_14_C0001_3922_matrice,val,industrial,3840x2160,none,2601,282.1,301.4611,521
2019_11_14_C0001_3922_matrice,val,industrial,3840x2160,none,2601,301.4611,322.1511,458
2019_11_14_C0001_3922_matrice,val,industrial,3840x2160,none,2601,322.1511,344.261,407
2019_11_14_C0001_3922_matrice,val,industrial,3840x2160,none,2601,344.261,367.8884,356
2019_11_14_C0001_3922_matrice,val,industrial,3840x2160,none,2601,367.8884,393.1374,333
2019_11_14_C0001_3922_matrice,val,industrial,3840x2160,none,2601,393.1374,420.1193,284
2019_11_14_C0001_3922_matrice,val,industrial,3840x2160,none,2601,420.1193,448.953,247
2019_11_14_C0001_3922_matrice,val,industrial,3840x2160,none,2601,448.953,479.7657,214
2019_11_14_C0001_3922_matrice,val,industrial,3840x2160,none,2601,479.7657,512.6931,188
2019_11_14_C0001_3922_matrice,val,industrial,3840x2160,none,2601,512.6931,547.8803,237
2019_11_14_C0001_3922_matrice,val,industrial,3840x2160,none,2601,547.8803,585.4826,221
2019_11_14_C0001_3922_matrice,val,industrial,3840x2160,none,2601,585.4826,625.6656,159
2019_11_14_C0001_3922_matrice,val,industrial,3840x2160,none,2601,625.6656,668.6064,138
2019_11_14_C0001_3922_matrice,val,industrial,3840x2160,none,2601,668.6064,714.4944,114
2019_11_14_C0001_3922_matrice,val,industrial,3840x2160,none,2601,714.4944,763.5317,106
2019_11_14_C0001_3922_matrice,val,industrial,3840x2160,none,2601,763.5317,815.9346,90
2019_11_14_C0001_3922_matrice,val,industrial,3840x2160,none,2601,815.9346,871.934,110
2019_11_14_C0001_3922_matrice,val,industrial,3840x2160,none,2601,871.934,931.7768,131
2019_11_14_C0001_3922_matrice,val,industrial,3840x2160,none,2601,931.7768,995.7267,129
2019_11_14_C0001_3922_matrice,val,industrial,3840x2160,none,2601,995.7267,1064.0657,98
2019_11_14_C0001_3922_matrice,val,industrial,3840x2160,none,2601,1064.0657,1137.0949,82
2019_11_14_C0001_3922_matrice,val,industrial,3840x2160,none,2601,1137.0949,1215.1362,64
2019_11_14_C0001_3922_matrice,val,industrial,3840x2160,none,2601,1215.1362,1298.5337,53
2019_11_14_C0001_3922_matrice,val,industrial,3840x2160,none,2601,1298.5337,1387.655,109
2019_11_14_C0001_3922_matrice,val,industrial,3840x2160,none,2601,1387.655,1482.8929,82
2019_11_14_C0001_3922_matrice,val,industrial,3840x2160,none,2601,1482.8929,1584.6671,66
2019_11_14_C0001_3922_matrice,val,industrial,3840x2160,none,2601,1584.6671,1693.4264,33
2019_11_14_C0001_3922_matrice,val,industrial,3840x2160,none,2601,1693.4264,1809.65,54
2019_11_14_C0001_3922_matrice,val,industrial,3840x2160,none,2601,1809.65,1933.8503,49
2019_11_14_C0001_3922_matrice,val,industrial,3840x2160,none,2601,1933.8503,2066.5748,67
2019_11_14_C0001_3922_matrice,val,industrial,3840x2160,none,2601,2066.5748,2208.4085,63
2019_11_14_C0001_3922_matrice,val,industrial,3840x2160,none,2601,2208.4085,2359.9765,55
2019_11_14_C0001_3922_matrice,val,industrial,3840x2160,none,2601,2359.9765,2521.9469,52
2019_11_14_C0001_3922_matrice,val,industrial,3840x2160,none,2601,2521.9469,2695.0338,26
2019_11_14_C0001_3922_matrice,val,industrial,3840x2160,none,2601,2695.0338,2880.0,43
2019_11_14_C0001_3922_matrice,val,industrial,3840x2160,none,2601,2880.0,3077.6608,42
2019_11_14_C0001_3922_matrice,val,industrial,3840x2160,none,2601,3077.6608,3288.8876,58
2019_11_14_C0001_3922_matrice,val,industrial,3840x2160,none,2601,3288.8876,3514.6113,105
2019_11_14_C0001_3922_matrice,val,industrial,3840x2160,none,2601,3514.6113,3755.8269,66
2019_11_14_C0001_3922_matrice,val,industrial,3840x2160,none,2601,3755.8269,4013.5977,60
2019_11_14_C0001_3922_matrice,val,industrial,3840x2160,none,2601,4013.5977,4289.0599,101
2019_11_14_C0001_3922_matrice,val,industrial,3840x2160,none,2601,4289.0599,4583.4277,122
2019_11_14_C0001_3922_matrice,val,industrial,3840x2160,none,2601,4583.4277,4897.9986,60
2019_11_14_C0001_3922_matrice,val,industrial,3840x2160,none,2601,4897.9986,5234.1592,10
2019_11_14_C0001_3922_matrice,val,industrial,3840x2160,none,2601,5234.1592,5593.3912,4
2019_11_14_C0001_3922_matrice,val,industrial,3840x2160,none,2601,5593.3912,5977.2781,5
2019_11_14_C0001_3922_matrice,val,industrial,3840x2160,none,2601,5977.2781,6387.5121,2
2019_11_14_C0001_3922_matrice,val,industrial,3840x2160,none,2601,6387.5121,6825.9013,1
2019_11_14_C0001_3922_matrice,val,industrial,3840x2160,none,2601,6825.9013,7294.3782,3
2019_11_14_C0001_3922_matrice,val,industrial,3840x2160,none,2601,7795.0077,8329.9965,7
2019_11_14_C0001_3922_matrice,val,industrial,3840x2160,none,2601,10165.5208,10863.2032,1
2019_11_14_C0001_3922_matrice,val,industrial,3840x2160,none,2601,11608.7691,12405.5049,1
2019_11_14_C0001_3922_matrice,val,industrial,3840x2160,none,2601,12405.5049,13256.9224,3
2019_11_14_C0001_3922_matrice,val,industrial,3840x2160,none,2601,15139.0721,16178.1004,1
2019_11_14_C0001_3922_matrice,val,industrial,3840x2160,none,2601,18474.9839,19742.9633,1
2019_11_14_C0001_3922_matrice,val,industrial,3840x2160,none,2601,25746.9282,27513.9974,1
2019_11_14_C0001_3922_matrice,val,industrial,3840x2160,none,2601,38343.7908,40975.4109,2
2019_11_14_C0001_3922_matrice,val,industrial,3840x2160,none,2601,40975.4109,43787.6449,1
2019_11_14_C0001_3922_matrice,val,industrial,3840x2160,none,2601,103781.3002,110904.0428,1
2019_11_14_C0001_3922_matrice,val,industrial,3840x2160,none,2601,7761697.357,8294400.0,1
2019_11_14_C0001_3922_matrice,val,industrial,3840x2160,open3,2601,3.7719,4.0308,1
2019_11_14_C0001_3922_matrice,val,industrial,3840x2160,open3,2601,5.6174,6.0029,645
2019_11_14_C0001_3922_matrice,val,industrial,3840x2160,open3,2601,7.8285,8.3657,172
2019_11_14_C0001_3922_matrice,val,industrial,3840x2160,open3,2601,8.9399,9.5535,53042
2019_11_14_C0001_3922_matrice,val,industrial,3840x2160,open3,2601,9.5535,10.2091,38
2019_11_14_C0001_3922_matrice,val,industrial,3840x2160,open3,2601,10.9098,11.6586,35
2019_11_14_C0001_3922_matrice,val,industrial,3840x2160,open3,2601,11.6586,12.4587,16854
2019_11_14_C0001_3922_matrice,val,industrial,3840x2160,open3,2601,12.4587,13.3138,23
2019_11_14_C0001_3922_matrice,val,industrial,3840x2160,open3,2601,13.3138,14.2276,1129
2019_11_14_C0001_3922_matrice,val,industrial,3840x2160,open3,2601,14.2276,15.204,5604
2019_11_14_C0001_3922_matrice,val,industrial,3840x2160,open3,2601,15.204,16.2475,2049
2019_11_14_C0001_3922_matrice,val,industrial,3840x2160,open3,2601,16.2475,17.3626,987
2019_11_14_C0001_3922_matrice,val,industrial,3840x2160,open3,2601,17.3626,18.5543,2661
2019_11_14_C0001_3922_matrice,val,industrial,3840x2160,open3,2601,18.5543,19.8277,1303
2019_11_14_C0001_3922_matrice,val,industrial,3840x2160,open3,2601,19.8277,21.1885,2422
2019_11_14_C0001_3922_matrice,val,industrial,3840x2160,open3,2601,21.1885,22.6427,789
2019_11_14_C0001_3922_matrice,val,industrial,3840x2160,open3,2601,22.6427,24.1967,1591
2019_11_14_C0001_3922_matrice,val,industrial,3840x2160,open3,2601,24.1967,25.8574,534
2019_11_14_C0001_3922_matrice,val,industrial,3840x2160,open3,2601,25.8574,27.6321,950
2019_11_14_C0001_3922_matrice,val,industrial,3840x2160,open3,2601,27.6321,29.5285,766
2019_11_14_C0001_3922_matrice,val,industrial,3840x2160,open3,2601,29.5285,31.5551,648
2019_11_14_C0001_3922_matrice,val,industrial,3840x2160,open3,2601,31.5551,33.7208,513
2019_11_14_C0001_3922_matrice,val,industrial,3840x2160,open3,2601,33.7208,36.0352,616
2019_11_14_C0001_3922_matrice,val,industrial,3840x2160,open3,2601,36.0352,38.5083,308
2019_11_14_C0001_3922_matrice,val,industrial,3840x2160,open3,2601,38.5083,41.1513,411
2019_11_14_C0001_3922_matrice,val,industrial,3840x2160,open3,2601,41.1513,43.9756,211
2019_11_14_C0001_3922_matrice,val,industrial,3840x2160,open3,2601,43.9756,46.9937,290
2019_11_14_C0001_3922_matrice,val,industrial,3840x2160,open3,2601,46.9937,50.219,311
2019_11_14_C0001_3922_matrice,val,industrial,3840x2160,open3,2601,50.219,53.6656,189
2019_11_14_C0001_3922_matrice,val,industrial,3840x2160,open3,2601,53.6656,57.3488,243
2019_11_14_C0001_3922_matrice,val,industrial,3840x2160,open3,2601,57.3488,61.2848,196
2019_11_14_C0001_3922_matrice,val,industrial,3840x2160,open3,2601,61.2848,65.4909,169
2019_11_14_C0001_3922_matrice,val,industrial,3840x2160,open3,2601,65.4909,69.9857,162
2019_11_14_C0001_3922_matrice,val,industrial,3840x2160,open3,2601,69.9857,74.789,228
2019_11_14_C0001_3922_matrice,val,industrial,3840x2160,open3,2601,74.789,79.9219,204
2019_11_14_C0001_3922_matrice,val,industrial,3840x2160,open3,2601,79.9219,85.4071,238
2019_11_14_C0001_3922_matrice,val,industrial,3840x2160,open3,2601,85.4071,91.2688,241
2019_11_14_C0001_3922_matrice,val,industrial,3840x2160,open3,2601,91.2688,97.5328,294
2019_11_14_C0001_3922_matrice,val,industrial,3840x2160,open3,2601,97.5328,104.2267,302
2019_11_14_C0001_3922_matrice,val,industrial,3840x2160,open3,2601,104.2267,111.38,242
2019_11_14_C0001_3922_matrice,val,industrial,3840x2160,open3,2601,111.38,119.0243,235
2019_11_14_C0001_3922_matrice,val,industrial,3840x2160,open3,2601,119.0243,127.1932,200
2019_11_14_C0001_3922_matrice,val,industrial,3840x2160,open3,2601,127.1932,135.9227,169
2019_11_14_C0001_3922_matrice,val,industrial,3840x2160,open3,2601,135.9227,145.2514,128
2019_11_14_C0001_3922_matrice,val,industrial,3840x2160,open3,2601,145.2514,155.2203,122
2019_11_14_C0001_3922_matrice,val,industrial,3840x2160,open3,2601,155.2203,165.8734,92
2019_11_14_C0001_3922_matrice,val,industrial,3840x2160,open3,2601,165.8734,177.2577,109
2019_11_14_C0001_3922_matrice,val,industrial,3840x2160,open3,2601,177.2577,189.4233,94
2019_11_14_C0001_3922_matrice,val,industrial,3840x2160,open3,2601,189.4233,202.4238,76
2019_11_14_C0001_3922_matrice,val,industrial,3840x2160,open3,2601,202.4238,216.3166,130
2019_11_14_C0001_3922_matrice,val,industrial,3840x2160,open3,2601,216.3166,231.1629,199
2019_11_14_C0001_3922_matrice,val,industrial,3840x2160,open3,2601,231.1629,247.0282,190
2019_11_14_C0001_3922_matrice,val,industrial,3840x2160,open3,2601,247.0282,263.9823,155
2019_11_14_C0001_3922_matrice,val,industrial,3840x2160,open3,2601,263.9823,282.1,151
2019_11_14_C0001_3922_matrice,val,industrial,3840x2160,open3,2601,282.1,301.4611,118
2019_11_14_C0001_3922_matrice,val,industrial,3840x2160,open3,2601,301.4611,322.1511,84
2019_11_14_C0001_3922_matrice,val,industrial,3840x2160,open3,2601,322.1511,344.261,58
2019_11_14_C0001_3922_matrice,val,industrial,3840x2160,open3,2601,344.261,367.8884,55
2019_11_14_C0001_3922_matrice,val,industrial,3840x2160,open3,2601,367.8884,393.1374,47
2019_11_14_C0001_3922_matrice,val,industrial,3840x2160,open3,2601,393.1374,420.1193,40
2019_11_14_C0001_3922_matrice,val,industrial,3840x2160,open3,2601,420.1193,448.953,45
2019_11_14_C0001_3922_matrice,val,industrial,3840x2160,open3,2601,448.953,479.7657,55
2019_11_14_C0001_3922_matrice,val,industrial,3840x2160,open3,2601,479.7657,512.6931,88
2019_11_14_C0001_3922_matrice,val,industrial,3840x2160,open3,2601,512.6931,547.8803,59
2019_11_14_C0001_3922_matrice,val,industrial,3840x2160,open3,2601,547.8803,585.4826,49
2019_11_14_C0001_3922_matrice,val,industrial,3840x2160,open3,2601,585.4826,625.6656,32
2019_11_14_C0001_3922_matrice,val,industrial,3840x2160,open3,2601,625.6656,668.6064,25
2019_11_14_C0001_3922_matrice,val,industrial,3840x2160,open3,2601,668.6064,714.4944,24
2019_11_14_C0001_3922_matrice,val,industrial,3840x2160,open3,2601,714.4944,763.5317,37
2019_11_14_C0001_3922_matrice,val,industrial,3840x2160,open3,2601,763.5317,815.9346,61
2019_11_14_C0001_3922_matrice,val,industrial,3840x2160,open3,2601,815.9346,871.934,81
2019_11_14_C0001_3922_matrice,val,industrial,3840x2160,open3,2601,871.934,931.7768,62
2019_11_14_C0001_3922_matrice,val,industrial,3840x2160,open3,2601,931.7768,995.7267,50
2019_11_14_C0001_3922_matrice,val,industrial,3840x2160,open3,2601,995.7267,1064.0657,37
2019_11_14_C0001_3922_matrice,val,industrial,3840x2160,open3,2601,1064.0657,1137.0949,40
2019_11_14_C0001_3922_matrice,val,industrial,3840x2160,open3,2601,1137.0949,1215.1362,63
2019_11_14_C0001_3922_matrice,val,industrial,3840x2160,open3,2601,1215.1362,1298.5337,67
2019_11_14_C0001_3922_matrice,val,industrial,3840x2160,open3,2601,1298.5337,1387.655,45
2019_11_14_C0001_3922_matrice,val,industrial,3840x2160,open3,2601,1387.655,1482.8929,35
2019_11_14_C0001_3922_matrice,val,industrial,3840x2160,open3,2601,1482.8929,1584.6671,30
2019_11_14_C0001_3922_matrice,val,industrial,3840x2160,open3,2601,1584.6671,1693.4264,32
2019_11_14_C0001_3922_matrice,val,industrial,3840x2160,open3,2601,1693.4264,1809.65,36
2019_11_14_C0001_3922_matrice,val,industrial,3840x2160,open3,2601,1809.65,1933.8503,56
2019_11_14_C0001_3922_matrice,val,industrial,3840x2160,open3,2601,1933.8503,2066.5748,50
2019_11_14_C0001_3922_matrice,val,industrial,3840x2160,open3,2601,2066.5748,2208.4085,38
2019_11_14_C0001_3922_matrice,val,industrial,3840x2160,open3,2601,2208.4085,2359.9765,36
2019_11_14_C0001_3922_matrice,val,industrial,3840x2160,open3,2601,2359.9765,2521.9469,18
2019_11_14_C0001_3922_matrice,val,industrial,3840x2160,open3,2601,2521.9469,2695.0338,25
2019_11_14_C0001_3922_matrice,val,industrial,3840x2160,open3,2601,2695.0338,2880.0,45
2019_11_14_C0001_3922_matrice,val,industrial,3840x2160,open3,2601,2880.0,3077.6608,50
2019_11_14_C0001_3922_matrice,val,industrial,3840x2160,open3,2601,3077.6608,3288.8876,103
2019_11_14_C0001_3922_matrice,val,industrial,3840x2160,open3,2601,3288.8876,3514.6113,67
2019_11_14_C0001_3922_matrice,val,industrial,3840x2160,open3,2601,3514.6113,3755.8269,53
2019_11_14_C0001_3922_matrice,val,industrial,3840x2160,open3,2601,3755.8269,4013.5977,86
2019_11_14_C0001_3922_matrice,val,industrial,3840x2160,open3,2601,4013.5977,4289.0599,106
2019_11_14_C0001_3922_matrice,val,industrial,3840x2160,open3,2601,4289.0599,4583.4277,67
2019_11_14_C0001_3922_matrice,val,industrial,3840x2160,open3,2601,4583.4277,4897.9986,11
2019_11_14_C0001_3922_matrice,val,industrial,3840x2160,open3,2601,4897.9986,5234.1592,1
2019_11_14_C0001_3922_matrice,val,industrial,3840x2160,open3,2601,7761697.357,8294400.0,1
GOPR5843_002,val,meadow,1920x1080,none,424,1.0,1.0625,2363869
GOPR5843_002,val,meadow,1920x1080,none,424,1.9477,2.0694,587878
GOPR5843_002,val,meadow,1920x1080,none,424,2.9768,3.1628,224659
GOPR5843_002,val,meadow,1920x1080,none,424,3.7934,4.0304,117836
GOPR5843_002,val,meadow,1920x1080,none,424,4.8341,5.1361,68638
GOPR5843_002,val,meadow,1920x1080,none,424,5.7979,6.1601,44519
GOPR5843_002,val,meadow,1920x1080,none,424,6.9539,7.3884,30588
GOPR5843_002,val,meadow,1920x1080,none,424,7.85,8.3404,22283
GOPR5843_002,val,meadow,1920x1080,none,424,8.8615,9.4152,16680
GOPR5843_002,val,meadow,1920x1080,none,424,9.4152,10.0034,12507
GOPR5843_002,val,meadow,1920x1080,none,424,10.6284,11.2924,9955
GOPR5843_002,val,meadow,1920x1080,none,424,11.998,12.7476,8337
GOPR5843_002,val,meadow,1920x1080,none,424,12.7476,13.544,6570
GOPR5843_002,val,meadow,1920x1080,none,424,13.544,14.3902,5730
GOPR5843_002,val,meadow,1920x1080,none,424,14.3902,15.2892,4533
GOPR5843_002,val,meadow,1920x1080,none,424,15.2892,16.2445,3883
GOPR5843_002,val,meadow,1920x1080,none,424,16.2445,17.2594,3322
GOPR5843_002,val,meadow,1920x1080,none,424,17.2594,18.3377,2801
GOPR5843_002,val,meadow,1920x1080,none,424,18.3377,19.4834,2480
GOPR5843_002,val,meadow,1920x1080,none,424,19.4834,20.7007,2167
GOPR5843_002,val,meadow,1920x1080,none,424,20.7007,21.994,2037
GOPR5843_002,val,meadow,1920x1080,none,424,21.994,23.3681,3452
GOPR5843_002,val,meadow,1920x1080,none,424,23.3681,24.8281,1432
GOPR5843_002,val,meadow,1920x1080,none,424,24.8281,26.3793,2366
GOPR5843_002,val,meadow,1920x1080,none,424,26.3793,28.0274,1858
GOPR5843_002,val,meadow,1920x1080,none,424,28.0274,29.7785,758
GOPR5843_002,val,meadow,1920x1080,none,424,29.7785,31.639,1425
GOPR5843_002,val,meadow,1920x1080,none,424,31.639,33.6157,1144
GOPR5843_002,val,meadow,1920x1080,none,424,33.6157,35.7159,1048
GOPR5843_002,val,meadow,1920x1080,none,424,35.7159,37.9473,854
GOPR5843_002,val,meadow,1920x1080,none,424,37.9473,40.3182,1018
GOPR5843_002,val,meadow,1920x1080,none,424,40.3182,42.8372,614
GOPR5843_002,val,meadow,1920x1080,none,424,42.8372,45.5135,722
GOPR5843_002,val,meadow,1920x1080,none,424,45.5135,48.3571,625
GOPR5843_002,val,meadow,1920x1080,none,424,48.3571,51.3783,514
GOPR5843_002,val,meadow,1920x1080,none,424,51.3783,54.5883,474
GOPR5843_002,val,meadow,1920x1080,none,424,54.5883,57.9988,387
GOPR5843_002,val,meadow,1920x1080,none,424,57.9988,61.6224,417
GOPR5843_002,val,meadow,1920x1080,none,424,61.6224,65.4724,350
GOPR5843_002,val,meadow,1920x1080,none,424,65.4724,69.563,264
GOPR5843_002,val,meadow,1920x1080,none,424,69.563,73.9091,211
GOPR5843_002,val,meadow,1920x1080,none,424,73.9091,78.5267,235
GOPR5843_002,val,meadow,1920x1080,none,424,78.5267,83.4329,192
GOPR5843_002,val,meadow,1920x1080,none,424,83.4329,88.6455,101
GOPR5843_002,val,meadow,1920x1080,none,424,88.6455,94.1839,116
GOPR5843_002,val,meadow,1920x1080,none,424,94.1839,100.0682,114
GOPR5843_002,val,meadow,1920x1080,none,424,100.0682,106.3202,78
GOPR5843_002,val,meadow,1920x1080,none,424,106.3202,112.9628,86
GOPR5843_002,val,meadow,1920x1080,none,424,112.9628,120.0205,104
GOPR5843_002,val,meadow,1920x1080,none,424,120.0205,127.519,81
GOPR5843_002,val,meadow,1920x1080,none,424,127.519,135.4861,80
GOPR5843_002,val,meadow,1920x1080,none,424,135.4861,143.9509,43
GOPR5843_002,val,meadow,1920x1080,none,424,143.9509,152.9446,50
GOPR5843_002,val,meadow,1920x1080,none,424,152.9446,162.5001,26
GOPR5843_002,val,meadow,1920x1080,none,424,162.5001,172.6527,28
GOPR5843_002,val,meadow,1920x1080,none,424,172.6527,183.4396,19
GOPR5843_002,val,meadow,1920x1080,none,424,183.4396,194.9004,33
GOPR5843_002,val,meadow,1920x1080,none,424,194.9004,207.0773,21
GOPR5843_002,val,meadow,1920x1080,none,424,207.0773,220.0149,22
GOPR5843_002,val,meadow,1920x1080,none,424,220.0149,233.7609,21
GOPR5843_002,val,meadow,1920x1080,none,424,233.7609,248.3657,14
GOPR5843_002,val,meadow,1920x1080,none,424,248.3657,263.8829,10
GOPR5843_002,val,meadow,1920x1080,none,424,263.8829,280.3696,18
GOPR5843_002,val,meadow,1920x1080,none,424,280.3696,297.8864,13
GOPR5843_002,val,meadow,1920x1080,none,424,297.8864,316.4975,19
GOPR5843_002,val,meadow,1920x1080,none,424,316.4975,336.2714,21
GOPR5843_002,val,meadow,1920x1080,none,424,336.2714,357.2808,22
GOPR5843_002,val,meadow,1920x1080,none,424,357.2808,379.6028,22
GOPR5843_002,val,meadow,1920x1080,none,424,379.6028,403.3193,20
GOPR5843_002,val,meadow,1920x1080,none,424,403.3193,428.5177,10
GOPR5843_002,val,meadow,1920x1080,none,424,428.5177,455.2903,8
GOPR5843_002,val,meadow,1920x1080,none,424,455.2903,483.7357,10
GOPR5843_002,val,meadow,1920x1080,none,424,483.7357,513.9582,6
GOPR5843_002,val,meadow,1920x1080,none,424,513.9582,546.069,5
GOPR5843_002,val,meadow,1920x1080,none,424,546.069,580.1859,2
GOPR5843_002,val,meadow,1920x1080,none,424,580.1859,616.4344,4
GOPR5843_002,val,meadow,1920x1080,none,424,616.4344,654.9476,3
GOPR5843_002,val,meadow,1920x1080,none,424,654.9476,695.867,4
GOPR5843_002,val,meadow,1920x1080,none,424,695.867,739.3429,5
GOPR5843_002,val,meadow,1920x1080,none,424,739.3429,785.5351,5
GOPR5843_002,val,meadow,1920x1080,none,424,785.5351,834.6133,1
GOPR5843_002,val,meadow,1920x1080,none,424,834.6133,886.7577,4
GOPR5843_002,val,meadow,1920x1080,none,424,886.7577,942.16,2
GOPR5843_002,val,meadow,1920x1080,none,424,942.16,1001.0237,1
GOPR5843_002,val,meadow,1920x1080,none,424,1063.565,1130.0138,1
GOPR5843_002,val,meadow,1920x1080,none,424,1130.0138,1200.6141,2
GOPR5843_002,val,meadow,1920x1080,none,424,1200.6141,1275.6253,1
GOPR5843_002,val,meadow,1920x1080,none,424,1275.6253,1355.323,2
GOPR5843_002,val,meadow,1920x1080,none,424,1355.323,1440.0,1
GOPR5843_002,val,meadow,1920x1080,none,424,1440.0,1529.9674,1
GOPR5843_002,val,meadow,1920x1080,none,424,1529.9674,1625.5557,1
GOPR5843_002,val,meadow,1920x1080,none,424,1625.5557,1727.1162,2
GOPR5843_002,val,meadow,1920x1080,none,424,1835.0219,1949.6692,1
GOPR5843_002,val,meadow,1920x1080,none,424,1949.6692,2071.4794,1
GOPR5843_002,val,meadow,1920x1080,none,424,2071.4794,2200.9,1
GOPR5843_002,val,meadow,1920x1080,none,424,2200.9,2338.4064,1
GOPR5843_002,val,meadow,1920x1080,none,424,2338.4064,2484.5039,2
GOPR5843_002,val,meadow,1920x1080,none,424,2484.5039,2639.7291,2
GOPR5843_002,val,meadow,1920x1080,none,424,2804.6525,2979.8798,2
GOPR5843_002,val,meadow,1920x1080,none,424,2979.8798,3166.0548,2
GOPR5843_002,val,meadow,1920x1080,none,424,3363.8616,3574.0268,1
GOPR5843_002,val,meadow,1920x1080,none,424,3797.3226,4034.5693,2
GOPR5843_002,val,meadow,1920x1080,none,424,4034.5693,4286.6386,1
GOPR5843_002,val,meadow,1920x1080,none,424,4286.6386,4554.4564,3
GOPR5843_002,val,meadow,1920x1080,none,424,4839.0069,5141.3353,2
GOPR5843_002,val,meadow,1920x1080,none,424,5141.3353,5462.5524,1
GOPR5843_002,val,meadow,1920x1080,none,424,1951665.1031,2073600.0,1
GOPR5843_002,val,meadow,1920x1080,open3,424,5.7979,6.1601,162
GOPR5843_002,val,meadow,1920x1080,open3,424,7.85,8.3404,31
GOPR5843_002,val,meadow,1920x1080,open3,424,8.8615,9.4152,5036
GOPR5843_002,val,meadow,1920x1080,open3,424,9.4152,10.0034,13
GOPR5843_002,val,meadow,1920x1080,open3,424,10.6284,11.2924,6
GOPR5843_002,val,meadow,1920x1080,open3,424,11.998,12.7476,1326
GOPR5843_002,val,meadow,1920x1080,open3,424,12.7476,13.544,11
GOPR5843_002,val,meadow,1920x1080,open3,424,13.544,14.3902,162
GOPR5843_002,val,meadow,1920x1080,open3,424,14.3902,15.2892,503
GOPR5843_002,val,meadow,1920x1080,open3,424,15.2892,16.2445,198
GOPR5843_002,val,meadow,1920x1080,open3,424,16.2445,17.2594,130
GOPR5843_002,val,meadow,1920x1080,open3,424,17.2594,18.3377,336
GOPR5843_002,val,meadow,1920x1080,open3,424,18.3377,19.4834,143
GOPR5843_002,val,meadow,1920x1080,open3,424,19.4834,20.7007,106
GOPR5843_002,val,meadow,1920x1080,open3,424,20.7007,21.994,148
GOPR5843_002,val,meadow,1920x1080,open3,424,21.994,23.3681,144
GOPR5843_002,val,meadow,1920x1080,open3,424,23.3681,24.8281,96
GOPR5843_002,val,meadow,1920x1080,open3,424,24.8281,26.3793,126
GOPR5843_002,val,meadow,1920x1080,open3,424,26.3793,28.0274,96
GOPR5843_002,val,meadow,1920x1080,open3,424,28.0274,29.7785,44
GOPR5843_002,val,meadow,1920x1080,open3,424,29.7785,31.639,88
GOPR5843_002,val,meadow,1920x1080,open3,424,31.639,33.6157,54
GOPR5843_002,val,meadow,1920x1080,open3,424,33.6157,35.7159,65
GOPR5843_002,val,meadow,1920x1080,open3,424,35.7159,37.9473,74
GOPR5843_002,val,meadow,1920x1080,open3,424,37.9473,40.3182,99
GOPR5843_002,val,meadow,1920x1080,open3,424,40.3182,42.8372,55
GOPR5843_002,val,meadow,1920x1080,open3,424,42.8372,45.5135,93
GOPR5843_002,val,meadow,1920x1080,open3,424,45.5135,48.3571,48
GOPR5843_002,val,meadow,1920x1080,open3,424,48.3571,51.3783,46
GOPR5843_002,val,meadow,1920x1080,open3,424,51.3783,54.5883,33
GOPR5843_002,val,meadow,1920x1080,open3,424,54.5883,57.9988,29
GOPR5843_002,val,meadow,1920x1080,open3,424,57.9988,61.6224,33
GOPR5843_002,val,meadow,1920x1080,open3,424,61.6224,65.4724,28
GOPR5843_002,val,meadow,1920x1080,open3,424,65.4724,69.563,25
GOPR5843_002,val,meadow,1920x1080,open3,424,69.563,73.9091,19
GOPR5843_002,val,meadow,1920x1080,open3,424,73.9091,78.5267,30
GOPR5843_002,val,meadow,1920x1080,open3,424,78.5267,83.4329,25
GOPR5843_002,val,meadow,1920x1080,open3,424,83.4329,88.6455,35
GOPR5843_002,val,meadow,1920x1080,open3,424,88.6455,94.1839,27
GOPR5843_002,val,meadow,1920x1080,open3,424,94.1839,100.0682,29
GOPR5843_002,val,meadow,1920x1080,open3,424,100.0682,106.3202,33
GOPR5843_002,val,meadow,1920x1080,open3,424,106.3202,112.9628,26
GOPR5843_002,val,meadow,1920x1080,open3,424,112.9628,120.0205,22
GOPR5843_002,val,meadow,1920x1080,open3,424,120.0205,127.519,23
GOPR5843_002,val,meadow,1920x1080,open3,424,127.519,135.4861,20
GOPR5843_002,val,meadow,1920x1080,open3,424,135.4861,143.9509,10
GOPR5843_002,val,meadow,1920x1080,open3,424,143.9509,152.9446,16
GOPR5843_002,val,meadow,1920x1080,open3,424,152.9446,162.5001,8
GOPR5843_002,val,meadow,1920x1080,open3,424,162.5001,172.6527,4
GOPR5843_002,val,meadow,1920x1080,open3,424,172.6527,183.4396,7
GOPR5843_002,val,meadow,1920x1080,open3,424,183.4396,194.9004,9
GOPR5843_002,val,meadow,1920x1080,open3,424,194.9004,207.0773,7
GOPR5843_002,val,meadow,1920x1080,open3,424,207.0773,220.0149,10
GOPR5843_002,val,meadow,1920x1080,open3,424,220.0149,233.7609,4
GOPR5843_002,val,meadow,1920x1080,open3,424,233.7609,248.3657,10
GOPR5843_002,val,meadow,1920x1080,open3,424,248.3657,263.8829,4
GOPR5843_002,val,meadow,1920x1080,open3,424,263.8829,280.3696,8
GOPR5843_002,val,meadow,1920x1080,open3,424,297.8864,316.4975,6
GOPR5843_002,val,meadow,1920x1080,open3,424,316.4975,336.2714,1
GOPR5843_002,val,meadow,1920x1080,open3,424,357.2808,379.6028,1
GOPR5843_002,val,meadow,1920x1080,open3,424,379.6028,403.3193,2
GOPR5843_002,val,meadow,1920x1080,open3,424,403.3193,428.5177,2
GOPR5843_002,val,meadow,1920x1080,open3,424,428.5177,455.2903,1
GOPR5843_002,val,meadow,1920x1080,open3,424,483.7357,513.9582,3
GOPR5843_002,val,meadow,1920x1080,open3,424,546.069,580.1859,1
GOPR5843_002,val,meadow,1920x1080,open3,424,580.1859,616.4344,1
GOPR5843_002,val,meadow,1920x1080,open3,424,616.4344,654.9476,2
GOPR5843_002,val,meadow,1920x1080,open3,424,654.9476,695.867,1
GOPR5843_002,val,meadow,1920x1080,open3,424,695.867,739.3429,1
GOPR5843_002,val,meadow,1920x1080,open3,424,785.5351,834.6133,2
GOPR5843_002,val,meadow,1920x1080,open3,424,886.7577,942.16,1
GOPR5843_002,val,meadow,1920x1080,open3,424,942.16,1001.0237,1
GOPR5843_002,val,meadow,1920x1080,open3,424,1001.0237,1063.565,2
GOPR5843_002,val,meadow,1920x1080,open3,424,1063.565,1130.0138,2
GOPR5843_002,val,meadow,1920x1080,open3,424,1200.6141,1275.6253,1
GOPR5843_002,val,meadow,1920x1080,open3,424,1275.6253,1355.323,1
GOPR5843_002,val,meadow,1920x1080,open3,424,1440.0,1529.9674,2
GOPR5843_002,val,meadow,1920x1080,open3,424,1529.9674,1625.5557,2
GOPR5843_002,val,meadow,1920x1080,open3,424,1727.1162,1835.0219,2
GOPR5843_002,val,meadow,1920x1080,open3,424,1949.6692,2071.4794,1
GOPR5843_002,val,meadow,1920x1080,open3,424,2071.4794,2200.9,1
GOPR5843_002,val,meadow,1920x1080,open3,424,2200.9,2338.4064,2
GOPR5843_002,val,meadow,1920x1080,open3,424,2338.4064,2484.5039,1
GOPR5843_002,val,meadow,1920x1080,open3,424,2639.7291,2804.6525,2
GOPR5843_002,val,meadow,1920x1080,open3,424,2804.6525,2979.8798,2
GOPR5843_002,val,meadow,1920x1080,open3,424,3166.0548,3363.8616,1
GOPR5843_002,val,meadow,1920x1080,open3,424,3574.0268,3797.3226,1
GOPR5843_002,val,meadow,1920x1080,open3,424,3797.3226,4034.5693,3
GOPR5843_002,val,meadow,1920x1080,open3,424,4034.5693,4286.6386,2
GOPR5843_002,val,meadow,1920x1080,open3,424,4554.4564,4839.0069,2
GOPR5843_002,val,meadow,1920x1080,open3,424,4839.0069,5141.3353,1
GOPR5843_002,val,meadow,1920x1080,open3,424,1951665.1031,2073600.0,1
GOPR5843_005,val,meadow,1920x1080,none,571,1.0,1.0625,2155976
GOPR5843_005,val,meadow,1920x1080,none,571,1.9477,2.0694,556572
GOPR5843_005,val,meadow,1920x1080,none,571,2.9768,3.1628,241234
GOPR5843_005,val,meadow,1920x1080,none,571,3.7934,4.0304,140672
GOPR5843_005,val,meadow,1920x1080,none,571,4.8341,5.1361,89492
GOPR5843_005,val,meadow,1920x1080,none,571,5.7979,6.1601,63630
GOPR5843_005,val,meadow,1920x1080,none,571,6.9539,7.3884,45976
GOPR5843_005,val,meadow,1920x1080,none,571,7.85,8.3404,35522
GOPR5843_005,val,meadow,1920x1080,none,571,8.8615,9.4152,27914
GOPR5843_005,val,meadow,1920x1080,none,571,9.4152,10.0034,22577
GOPR5843_005,val,meadow,1920x1080,none,571,10.6284,11.2924,18442
GOPR5843_005,val,meadow,1920x1080,none,571,11.998,12.7476,15711
GOPR5843_005,val,meadow,1920x1080,none,571,12.7476,13.544,13219
GOPR5843_005,val,meadow,1920x1080,none,571,13.544,14.3902,11117
GOPR5843_005,val,meadow,1920x1080,none,571,14.3902,15.2892,9609
GOPR5843_005,val,meadow,1920x1080,none,571,15.2892,16.2445,8351
GOPR5843_005,val,meadow,1920x1080,none,571,16.2445,17.2594,7157
GOPR5843_005,val,meadow,1920x1080,none,571,17.2594,18.3377,6249
GOPR5843_005,val,meadow,1920x1080,none,571,18.3377,19.4834,5419
GOPR5843_005,val,meadow,1920x1080,none,571,19.4834,20.7007,4790
GOPR5843_005,val,meadow,1920x1080,none,571,20.7007,21.994,4142
GOPR5843_005,val,meadow,1920x1080,none,571,21.994,23.3681,7417
GOPR5843_005,val,meadow,1920x1080,none,571,23.3681,24.8281,3312
GOPR5843_005,val,meadow,1920x1080,none,571,24.8281,26.3793,5110
GOPR5843_005,val,meadow,1920x1080,none,571,26.3793,28.0274,4245
GOPR5843_005,val,meadow,1920x1080,none,571,28.0274,29.7785,1892
GOPR5843_005,val,meadow,1920x1080,none,571,29.7785,31.639,3245
GOPR5843_005,val,meadow,1920x1080,none,571,31.639,33.6157,2969
GOPR5843_005,val,meadow,1920x1080,none,571,33.6157,35.7159,2593
GOPR5843_005,val,meadow,1920x1080,none,571,35.7159,37.9473,2388
GOPR5843_005,val,meadow,1920x1080,none,571,37.9473,40.3182,3082
GOPR5843_005,val,meadow,1920x1080,none,571,40.3182,42.8372,1794
GOPR5843_005,val,meadow,1920x1080,none,571,42.8372,45.5135,2240
GOPR5843_005,val,meadow,1920x1080,none,571,45.5135,48.3571,2043
GOPR5843_005,val,meadow,1920x1080,none,571,48.3571,51.3783,1463
GOPR5843_005,val,meadow,1920x1080,none,571,51.3783,54.5883,1231
GOPR5843_005,val,meadow,1920x1080,none,571,54.5883,57.9988,1066
GOPR5843_005,val,meadow,1920x1080,none,571,57.9988,61.6224,1324
GOPR5843_005,val,meadow,1920x1080,none,571,61.6224,65.4724,1036
GOPR5843_005,val,meadow,1920x1080,none,571,65.4724,69.563,987
GOPR5843_005,val,meadow,1920x1080,none,571,69.563,73.9091,914
GOPR5843_005,val,meadow,1920x1080,none,571,73.9091,78.5267,1064
GOPR5843_005,val,meadow,1920x1080,none,571,78.5267,83.4329,976
GOPR5843_005,val,meadow,1920x1080,none,571,83.4329,88.6455,737
GOPR5843_005,val,meadow,1920x1080,none,571,88.6455,94.1839,616
GOPR5843_005,val,meadow,1920x1080,none,571,94.1839,100.0682,506
GOPR5843_005,val,meadow,1920x1080,none,571,100.0682,106.3202,421
GOPR5843_005,val,meadow,1920x1080,none,571,106.3202,112.9628,313
GOPR5843_005,val,meadow,1920x1080,none,571,112.9628,120.0205,353
GOPR5843_005,val,meadow,1920x1080,none,571,120.0205,127.519,207
GOPR5843_005,val,meadow,1920x1080,none,571,127.519,135.4861,250
GOPR5843_005,val,meadow,1920x1080,none,571,135.4861,143.9509,244
GOPR5843_005,val,meadow,1920x1080,none,571,143.9509,152.9446,207
GOPR5843_005,val,meadow,1920x1080,none,571,152.9446,162.5001,208
GOPR5843_005,val,meadow,1920x1080,none,571,162.5001,172.6527,199
GOPR5843_005,val,meadow,1920x1080,none,571,172.6527,183.4396,233
GOPR5843_005,val,meadow,1920x1080,none,571,183.4396,194.9004,194
GOPR5843_005,val,meadow,1920x1080,none,571,194.9004,207.0773,147
GOPR5843_005,val,meadow,1920x1080,none,571,207.0773,220.0149,164
GOPR5843_005,val,meadow,1920x1080,none,571,220.0149,233.7609,139
GOPR5843_005,val,meadow,1920x1080,none,571,233.7609,248.3657,74
GOPR5843_005,val,meadow,1920x1080,none,571,248.3657,263.8829,46
GOPR5843_005,val,meadow,1920x1080,none,571,263.8829,280.3696,39
GOPR5843_005,val,meadow,1920x1080,none,571,280.3696,297.8864,12
GOPR5843_005,val,meadow,1920x1080,none,571,297.8864,316.4975,20
GOPR5843_005,val,meadow,1920x1080,none,571,316.4975,336.2714,21
GOPR5843_005,val,meadow,1920x1080,none,571,336.2714,357.2808,19
GOPR5843_005,val,meadow,1920x1080,none,571,357.2808,379.6028,5
GOPR5843_005,val,meadow,1920x1080,none,571,379.6028,403.3193,14
GOPR5843_005,val,meadow,1920x1080,none,571,403.3193,428.5177,3
GOPR5843_005,val,meadow,1920x1080,none,571,428.5177,455.2903,2
GOPR5843_005,val,meadow,1920x1080,none,571,483.7357,513.9582,1
GOPR5843_005,val,meadow,1920x1080,none,571,1951665.1031,2073600.0,1
GOPR5843_005,val,meadow,1920x1080,open3,571,5.7979,6.1601,224
GOPR5843_005,val,meadow,1920x1080,open3,571,7.85,8.3404,85
GOPR5843_005,val,meadow,1920x1080,open3,571,8.8615,9.4152,18153
GOPR5843_005,val,meadow,1920x1080,open3,571,9.4152,10.0034,31
GOPR5843_005,val,meadow,1920x1080,open3,571,10.6284,11.2924,34
GOPR5843_005,val,meadow,1920x1080,open3,571,11.998,12.7476,6183
GOPR5843_005,val,meadow,1920x1080,open3,571,12.7476,13.544,16
GOPR5843_005,val,meadow,1920x1080,open3,571,13.544,14.3902,901
GOPR5843_005,val,meadow,1920x1080,open3,571,14.3902,15.2892,2735
GOPR5843_005,val,meadow,1920x1080,open3,571,15.2892,16.2445,935
GOPR5843_005,val,meadow,1920x1080,open3,571,16.2445,17.2594,960
GOPR5843_005,val,meadow,1920x1080,open3,571,17.2594,18.3377,1739
GOPR5843_005,val,meadow,1920x1080,open3,571,18.3377,19.4834,855
GOPR5843_005,val,meadow,1920x1080,open3,571,19.4834,20.7007,620
GOPR5843_005,val,meadow,1920x1080,open3,571,20.7007,21.994,920
GOPR5843_005,val,meadow,1920x1080,open3,571,21.994,23.3681,1042
GOPR5843_005,val,meadow,1920x1080,open3,571,23.3681,24.8281,597
GOPR5843_005,val,meadow,1920x1080,open3,571,24.8281,26.3793,1019
GOPR5843_005,val,meadow,1920x1080,open3,571,26.3793,28.0274,802
GOPR5843_005,val,meadow,1920x1080,open3,571,28.0274,29.7785,357
GOPR5843_005,val,meadow,1920x1080,open3,571,29.7785,31.639,616
GOPR5843_005,val,meadow,1920x1080,open3,571,31.639,33.6157,506
GOPR5843_005,val,meadow,1920x1080,open3,571,33.6157,35.7159,458
GOPR5843_005,val,meadow,1920x1080,open3,571,35.7159,37.9473,340
GOPR5843_005,val,meadow,1920x1080,open3,571,37.9473,40.3182,387
GOPR5843_005,val,meadow,1920x1080,open3,571,40.3182,42.8372,184
GOPR5843_005,val,meadow,1920x1080,open3,571,42.8372,45.5135,277
GOPR5843_005,val,meadow,1920x1080,open3,571,45.5135,48.3571,232
GOPR5843_005,val,meadow,1920x1080,open3,571,48.3571,51.3783,219
GOPR5843_005,val,meadow,1920x1080,open3,571,51.3783,54.5883,238
GOPR5843_005,val,meadow,1920x1080,open3,571,54.5883,57.9988,207
GOPR5843_005,val,meadow,1920x1080,open3,571,57.9988,61.6224,270
GOPR5843_005,val,meadow,1920x1080,open3,571,61.6224,65.4724,200
GOPR5843_005,val,meadow,1920x1080,open3,571,65.4724,69.563,164
GOPR5843_005,val,meadow,1920x1080,open3,571,69.563,73.9091,135
GOPR5843_005,val,meadow,1920x1080,open3,571,73.9091,78.5267,112
GOPR5843_005,val,meadow,1920x1080,open3,571,78.5267,83.4329,100
GOPR5843_005,val,meadow,1920x1080,open3,571,83.4329,88.6455,106
GOPR5843_005,val,meadow,1920x1080,open3,571,88.6455,94.1839,143
GOPR5843_005,val,meadow,1920x1080,open3,571,94.1839,100.0682,102
GOPR5843_005,val,meadow,1920x1080,open3,571,100.0682,106.3202,82
GOPR5843_005,val,meadow,1920x1080,open3,571,106.3202,112.9628,65
GOPR5843_005,val,meadow,1920x1080,open3,571,112.9628,120.0205,65
GOPR5843_005,val,meadow,1920x1080,open3,571,120.0205,127.519,63
GOPR5843_005,val,meadow,1920x1080,open3,571,127.519,135.4861,77
GOPR5843_005,val,meadow,1920x1080,open3,571,135.4861,143.9509,56
GOPR5843_005,val,meadow,1920x1080,open3,571,143.9509,152.9446,33
GOPR5843_005,val,meadow,1920x1080,open3,571,152.9446,162.5001,41
GOPR5843_005,val,meadow,1920x1080,open3,571,162.5001,172.6527,16
GOPR5843_005,val,meadow,1920x1080,open3,571,172.6527,183.4396,27
GOPR5843_005,val,meadow,1920x1080,open3,571,183.4396,194.9004,21
GOPR5843_005,val,meadow,1920x1080,open3,571,194.9004,207.0773,6
GOPR5843_005,val,meadow,1920x1080,open3,571,207.0773,220.0149,10
GOPR5843_005,val,meadow,1920x1080,open3,571,220.0149,233.7609,3
GOPR5843_005,val,meadow,1920x1080,open3,571,233.7609,248.3657,10
GOPR5843_005,val,meadow,1920x1080,open3,571,248.3657,263.8829,10
GOPR5843_005,val,meadow,1920x1080,open3,571,263.8829,280.3696,12
GOPR5843_005,val,meadow,1920x1080,open3,571,280.3696,297.8864,6
GOPR5843_005,val,meadow,1920x1080,open3,571,297.8864,316.4975,5
GOPR5843_005,val,meadow,1920x1080,open3,571,336.2714,357.2808,1
GOPR5843_005,val,meadow,1920x1080,open3,571,403.3193,428.5177,1
GOPR5843_005,val,meadow,1920x1080,open3,571,455.2903,483.7357,1
GOPR5843_005,val,meadow,1920x1080,open3,571,1951665.1031,2073600.0,1
GOPR5844_002,train,meadow,1920x1080,none,497,1.0,1.0625,1385797
GOPR5844_002,train,meadow,1920x1080,none,497,1.9477,2.0694,249081
GOPR5844_002,train,meadow,1920x1080,none,497,2.9768,3.1628,95942
GOPR5844_002,train,meadow,1920x1080,none,497,3.7934,4.0304,54278
GOPR5844_002,train,meadow,1920x1080,none,497,4.8341,5.1361,34948
GOPR5844_002,train,meadow,1920x1080,none,497,5.7979,6.1601,24263
GOPR5844_002,train,meadow,1920x1080,none,497,6.9539,7.3884,18015
GOPR5844_002,train,meadow,1920x1080,none,497,7.85,8.3404,14062
GOPR5844_002,train,meadow,1920x1080,none,497,8.8615,9.4152,11090
GOPR5844_002,train,meadow,1920x1080,none,497,9.4152,10.0034,9056
GOPR5844_002,train,meadow,1920x1080,none,497,10.6284,11.2924,7621
GOPR5844_002,train,meadow,1920x1080,none,497,11.998,12.7476,6243
GOPR5844_002,train,meadow,1920x1080,none,497,12.7476,13.544,4911
GOPR5844_002,train,meadow,1920x1080,none,497,13.544,14.3902,4677
GOPR5844_002,train,meadow,1920x1080,none,497,14.3902,15.2892,4022
GOPR5844_002,train,meadow,1920x1080,none,497,15.2892,16.2445,3409
GOPR5844_002,train,meadow,1920x1080,none,497,16.2445,17.2594,3107
GOPR5844_002,train,meadow,1920x1080,none,497,17.2594,18.3377,2572
GOPR5844_002,train,meadow,1920x1080,none,497,18.3377,19.4834,2483
GOPR5844_002,train,meadow,1920x1080,none,497,19.4834,20.7007,2064
GOPR5844_002,train,meadow,1920x1080,none,497,20.7007,21.994,1966
GOPR5844_002,train,meadow,1920x1080,none,497,21.994,23.3681,3220
GOPR5844_002,train,meadow,1920x1080,none,497,23.3681,24.8281,1336
GOPR5844_002,train,meadow,1920x1080,none,497,24.8281,26.3793,2318
GOPR5844_002,train,meadow,1920x1080,none,497,26.3793,28.0274,1946
GOPR5844_002,train,meadow,1920x1080,none,497,28.0274,29.7785,846
GOPR5844_002,train,meadow,1920x1080,none,497,29.7785,31.639,1463
GOPR5844_002,train,meadow,1920x1080,none,497,31.639,33.6157,1325
GOPR5844_002,train,meadow,1920x1080,none,497,33.6157,35.7159,981
GOPR5844_002,train,meadow,1920x1080,none,497,35.7159,37.9473,900
GOPR5844_002,train,meadow,1920x1080,none,497,37.9473,40.3182,1313
GOPR5844_002,train,meadow,1920x1080,none,497,40.3182,42.8372,747
GOPR5844_002,train,meadow,1920x1080,none,497,42.8372,45.5135,961
GOPR5844_002,train,meadow,1920x1080,none,497,45.5135,48.3571,949
GOPR5844_002,train,meadow,1920x1080,none,497,48.3571,51.3783,812
GOPR5844_002,train,meadow,1920x1080,none,497,51.3783,54.5883,673
GOPR5844_002,train,meadow,1920x1080,none,497,54.5883,57.9988,594
GOPR5844_002,train,meadow,1920x1080,none,497,57.9988,61.6224,659
GOPR5844_002,train,meadow,1920x1080,none,497,61.6224,65.4724,595
GOPR5844_002,train,meadow,1920x1080,none,497,65.4724,69.563,497
GOPR5844_002,train,meadow,1920x1080,none,497,69.563,73.9091,406
GOPR5844_002,train,meadow,1920x1080,none,497,73.9091,78.5267,388
GOPR5844_002,train,meadow,1920x1080,none,497,78.5267,83.4329,330
GOPR5844_002,train,meadow,1920x1080,none,497,83.4329,88.6455,267
GOPR5844_002,train,meadow,1920x1080,none,497,88.6455,94.1839,256
GOPR5844_002,train,meadow,1920x1080,none,497,94.1839,100.0682,243
GOPR5844_002,train,meadow,1920x1080,none,497,100.0682,106.3202,181
GOPR5844_002,train,meadow,1920x1080,none,497,106.3202,112.9628,157
GOPR5844_002,train,meadow,1920x1080,none,497,112.9628,120.0205,218
GOPR5844_002,train,meadow,1920x1080,none,497,120.0205,127.519,152
GOPR5844_002,train,meadow,1920x1080,none,497,127.519,135.4861,172
GOPR5844_002,train,meadow,1920x1080,none,497,135.4861,143.9509,130
GOPR5844_002,train,meadow,1920x1080,none,497,143.9509,152.9446,120
GOPR5844_002,train,meadow,1920x1080,none,497,152.9446,162.5001,93
GOPR5844_002,train,meadow,1920x1080,none,497,162.5001,172.6527,105
GOPR5844_002,train,meadow,1920x1080,none,497,172.6527,183.4396,115
GOPR5844_002,train,meadow,1920x1080,none,497,183.4396,194.9004,91
GOPR5844_002,train,meadow,1920x1080,none,497,194.9004,207.0773,54
GOPR5844_002,train,meadow,1920x1080,none,497,207.0773,220.0149,58
GOPR5844_002,train,meadow,1920x1080,none,497,220.0149,233.7609,64
GOPR5844_002,train,meadow,1920x1080,none,497,233.7609,248.3657,56
GOPR5844_002,train,meadow,1920x1080,none,497,248.3657,263.8829,54
GOPR5844_002,train,meadow,1920x1080,none,497,263.8829,280.3696,43
GOPR5844_002,train,meadow,1920x1080,none,497,280.3696,297.8864,34
GOPR5844_002,train,meadow,1920x1080,none,497,297.8864,316.4975,39
GOPR5844_002,train,meadow,1920x1080,none,497,316.4975,336.2714,42
GOPR5844_002,train,meadow,1920x1080,none,497,336.2714,357.2808,36
GOPR5844_002,train,meadow,1920x1080,none,497,357.2808,379.6028,32
GOPR5844_002,train,meadow,1920x1080,none,497,379.6028,403.3193,45
GOPR5844_002,train,meadow,1920x1080,none,497,403.3193,428.5177,36
GOPR5844_002,train,meadow,1920x1080,none,497,428.5177,455.2903,53
GOPR5844_002,train,meadow,1920x1080,none,497,455.2903,483.7357,32
GOPR5844_002,train,meadow,1920x1080,none,497,483.7357,513.9582,36
GOPR5844_002,train,meadow,1920x1080,none,497,513.9582,546.069,27
GOPR5844_002,train,meadow,1920x1080,none,497,546.069,580.1859,32
GOPR5844_002,train,meadow,1920x1080,none,497,580.1859,616.4344,21
GOPR5844_002,train,meadow,1920x1080,none,497,616.4344,654.9476,18
GOPR5844_002,train,meadow,1920x1080,none,497,654.9476,695.867,15
GOPR5844_002,train,meadow,1920x1080,none,497,695.867,739.3429,12
GOPR5844_002,train,meadow,1920x1080,none,497,739.3429,785.5351,12
GOPR5844_002,train,meadow,1920x1080,none,497,785.5351,834.6133,19
GOPR5844_002,train,meadow,1920x1080,none,497,834.6133,886.7577,16
GOPR5844_002,train,meadow,1920x1080,none,497,886.7577,942.16,21
GOPR5844_002,train,meadow,1920x1080,none,497,942.16,1001.0237,17
GOPR5844_002,train,meadow,1920x1080,none,497,1001.0237,1063.565,10
GOPR5844_002,train,meadow,1920x1080,none,497,1063.565,1130.0138,9
GOPR5844_002,train,meadow,1920x1080,none,497,1130.0138,1200.6141,6
GOPR5844_002,train,meadow,1920x1080,none,497,1200.6141,1275.6253,9
GOPR5844_002,train,meadow,1920x1080,none,497,1275.6253,1355.323,7
GOPR5844_002,train,meadow,1920x1080,none,497,1355.323,1440.0,4
GOPR5844_002,train,meadow,1920x1080,none,497,1440.0,1529.9674,2
GOPR5844_002,train,meadow,1920x1080,none,497,1529.9674,1625.5557,9
GOPR5844_002,train,meadow,1920x1080,none,497,1625.5557,1727.1162,3
GOPR5844_002,train,meadow,1920x1080,none,497,1727.1162,1835.0219,3
GOPR5844_002,train,meadow,1920x1080,none,497,1835.0219,1949.6692,6
GOPR5844_002,train,meadow,1920x1080,none,497,1949.6692,2071.4794,6
GOPR5844_002,train,meadow,1920x1080,none,497,2071.4794,2200.9,6
GOPR5844_002,train,meadow,1920x1080,none,497,2200.9,2338.4064,3
GOPR5844_002,train,meadow,1920x1080,none,497,2338.4064,2484.5039,6
GOPR5844_002,train,meadow,1920x1080,none,497,2484.5039,2639.7291,8
GOPR5844_002,train,meadow,1920x1080,none,497,2639.7291,2804.6525,4
GOPR5844_002,train,meadow,1920x1080,none,497,2804.6525,2979.8798,6
GOPR5844_002,train,meadow,1920x1080,none,497,2979.8798,3166.0548,3
GOPR5844_002,train,meadow,1920x1080,none,497,3166.0548,3363.8616,2
GOPR5844_002,train,meadow,1920x1080,none,497,1951665.1031,2073600.0,1
GOPR5844_002,train,meadow,1920x1080,open3,497,5.7979,6.1601,463
GOPR5844_002,train,meadow,1920x1080,open3,497,7.85,8.3404,100
GOPR5844_002,train,meadow,1920x1080,open3,497,8.8615,9.4152,9691
GOPR5844_002,train,meadow,1920x1080,open3,497,9.4152,10.0034,36
GOPR5844_002,train,meadow,1920x1080,open3,497,10.6284,11.2924,11
GOPR5844_002,train,meadow,1920x1080,open3,497,11.998,12.7476,3251
GOPR5844_002,train,meadow,1920x1080,open3,497,12.7476,13.544,8
GOPR5844_002,train,meadow,1920x1080,open3,497,13.544,14.3902,442
GOPR5844_002,train,meadow,1920x1080,open3,497,14.3902,15.2892,1378
GOPR5844_002,train,meadow,1920x1080,open3,497,15.2892,16.2445,487
GOPR5844_002,train,meadow,1920x1080,open3,497,16.2445,17.2594,343
GOPR5844_002,train,meadow,1920x1080,open3,497,17.2594,18.3377,866
GOPR5844_002,train,meadow,1920x1080,open3,497,18.3377,19.4834,381
GOPR5844_002,train,meadow,1920x1080,open3,497,19.4834,20.7007,263
GOPR5844_002,train,meadow,1920x1080,open3,497,20.7007,21.994,519
GOPR5844_002,train,meadow,1920x1080,open3,497,21.994,23.3681,535
GOPR5844_002,train,meadow,1920x1080,open3,497,23.3681,24.8281,354
GOPR5844_002,train,meadow,1920x1080,open3,497,24.8281,26.3793,423
GOPR5844_002,train,meadow,1920x1080,open3,497,26.3793,28.0274,421
GOPR5844_002,train,meadow,1920x1080,open3,497,28.0274,29.7785,155
GOPR5844_002,train,meadow,1920x1080,open3,497,29.7785,31.639,289
GOPR5844_002,train,meadow,1920x1080,open3,497,31.639,33.6157,279
GOPR5844_002,train,meadow,1920x1080,open3,497,33.6157,35.7159,216
GOPR5844_002,train,meadow,1920x1080,open3,497,35.7159,37.9473,154
GOPR5844_002,train,meadow,1920x1080,open3,497,37.9473,40.3182,197
GOPR5844_002,train,meadow,1920x1080,open3,497,40.3182,42.8372,134
GOPR5844_002,train,meadow,1920x1080,open3,497,42.8372,45.5135,149
GOPR5844_002,train,meadow,1920x1080,open3,497,45.5135,48.3571,170
GOPR5844_002,train,meadow,1920x1080,open3,497,48.3571,51.3783,122
GOPR5844_002,train,meadow,1920x1080,open3,497,51.3783,54.5883,97
GOPR5844_002,train,meadow,1920x1080,open3,497,54.5883,57.9988,94
GOPR5844_002,train,meadow,1920x1080,open3,497,57.9988,61.6224,102
GOPR5844_002,train,meadow,1920x1080,open3,497,61.6224,65.4724,117
GOPR5844_002,train,meadow,1920x1080,open3,497,65.4724,69.563,74
GOPR5844_002,train,meadow,1920x1080,open3,497,69.563,73.9091,59
GOPR5844_002,train,meadow,1920x1080,open3,497,73.9091,78.5267,75
GOPR5844_002,train,meadow,1920x1080,open3,497,78.5267,83.4329,64
GOPR5844_002,train,meadow,1920x1080,open3,497,83.4329,88.6455,38
GOPR5844_002,train,meadow,1920x1080,open3,497,88.6455,94.1839,53
GOPR5844_002,train,meadow,1920x1080,open3,497,94.1839,100.0682,45
GOPR5844_002,train,meadow,1920x1080,open3,497,100.0682,106.3202,37
GOPR5844_002,train,meadow,1920x1080,open3,497,106.3202,112.9628,33
GOPR5844_002,train,meadow,1920x1080,open3,497,112.9628,120.0205,53
GOPR5844_002,train,meadow,1920x1080,open3,497,120.0205,127.519,32
GOPR5844_002,train,meadow,1920x1080,open3,497,127.519,135.4861,36
GOPR5844_002,train,meadow,1920x1080,open3,497,135.4861,143.9509,25
GOPR5844_002,train,meadow,1920x1080,open3,497,143.9509,152.9446,32
GOPR5844_002,train,meadow,1920x1080,open3,497,152.9446,162.5001,21
GOPR5844_002,train,meadow,1920x1080,open3,497,162.5001,172.6527,26
GOPR5844_002,train,meadow,1920x1080,open3,497,172.6527,183.4396,20
GOPR5844_002,train,meadow,1920x1080,open3,497,183.4396,194.9004,25
GOPR5844_002,train,meadow,1920x1080,open3,497,194.9004,207.0773,13
GOPR5844_002,train,meadow,1920x1080,open3,497,207.0773,220.0149,13
GOPR5844_002,train,meadow,1920x1080,open3,497,220.0149,233.7609,12
GOPR5844_002,train,meadow,1920x1080,open3,497,233.7609,248.3657,16
GOPR5844_002,train,meadow,1920x1080,open3,497,248.3657,263.8829,6
GOPR5844_002,train,meadow,1920x1080,open3,497,263.8829,280.3696,10
GOPR5844_002,train,meadow,1920x1080,open3,497,280.3696,297.8864,15
GOPR5844_002,train,meadow,1920x1080,open3,497,297.8864,316.4975,6
GOPR5844_002,train,meadow,1920x1080,open3,497,316.4975,336.2714,6
GOPR5844_002,train,meadow,1920x1080,open3,497,336.2714,357.2808,8
GOPR5844_002,train,meadow,1920x1080,open3,497,357.2808,379.6028,7
GOPR5844_002,train,meadow,1920x1080,open3,497,379.6028,403.3193,8
GOPR5844_002,train,meadow,1920x1080,open3,497,403.3193,428.5177,4
GOPR5844_002,train,meadow,1920x1080,open3,497,428.5177,455.2903,3
GOPR5844_002,train,meadow,1920x1080,open3,497,455.2903,483.7357,3
GOPR5844_002,train,meadow,1920x1080,open3,497,483.7357,513.9582,2
GOPR5844_002,train,meadow,1920x1080,open3,497,513.9582,546.069,2
GOPR5844_002,train,meadow,1920x1080,open3,497,546.069,580.1859,2
GOPR5844_002,train,meadow,1920x1080,open3,497,580.1859,616.4344,1
GOPR5844_002,train,meadow,1920x1080,open3,497,616.4344,654.9476,2
GOPR5844_002,train,meadow,1920x1080,open3,497,654.9476,695.867,2
GOPR5844_002,train,meadow,1920x1080,open3,497,695.867,739.3429,5
GOPR5844_002,train,meadow,1920x1080,open3,497,785.5351,834.6133,3
GOPR5844_002,train,meadow,1920x1080,open3,497,834.6133,886.7577,2
GOPR5844_002,train,meadow,1920x1080,open3,497,886.7577,942.16,5
GOPR5844_002,train,meadow,1920x1080,open3,497,942.16,1001.0237,2
GOPR5844_002,train,meadow,1920x1080,open3,497,1001.0237,1063.565,6
GOPR5844_002,train,meadow,1920x1080,open3,497,1063.565,1130.0138,5
GOPR5844_002,train,meadow,1920x1080,open3,497,1130.0138,1200.6141,1
GOPR5844_002,train,meadow,1920x1080,open3,497,1200.6141,1275.6253,1
GOPR5844_002,train,meadow,1920x1080,open3,497,1275.6253,1355.323,4
GOPR5844_002,train,meadow,1920x1080,open3,497,1355.323,1440.0,5
GOPR5844_002,train,meadow,1920x1080,open3,497,1529.9674,1625.5557,2
GOPR5844_002,train,meadow,1920x1080,open3,497,1625.5557,1727.1162,2
GOPR5844_002,train,meadow,1920x1080,open3,497,1727.1162,1835.0219,2
GOPR5844_002,train,meadow,1920x1080,open3,497,1835.0219,1949.6692,1
GOPR5844_002,train,meadow,1920x1080,open3,497,1949.6692,2071.4794,3
GOPR5844_002,train,meadow,1920x1080,open3,497,2071.4794,2200.9,4
GOPR5844_002,train,meadow,1920x1080,open3,497,2200.9,2338.4064,6
GOPR5844_002,train,meadow,1920x1080,open3,497,2338.4064,2484.5039,5
GOPR5844_002,train,meadow,1920x1080,open3,497,2484.5039,2639.7291,4
GOPR5844_002,train,meadow,1920x1080,open3,497,2639.7291,2804.6525,1
GOPR5844_002,train,meadow,1920x1080,open3,497,2804.6525,2979.8798,1
GOPR5844_002,train,meadow,1920x1080,open3,497,1951665.1031,2073600.0,1
GOPR5844_004,train,meadow,1920x1080,none,417,1.0,1.0625,893975
GOPR5844_004,train,meadow,1920x1080,none,417,1.9477,2.0694,156459
GOPR5844_004,train,meadow,1920x1080,none,417,2.9768,3.1628,57944
GOPR5844_004,train,meadow,1920x1080,none,417,3.7934,4.0304,32556
GOPR5844_004,train,meadow,1920x1080,none,417,4.8341,5.1361,19880
GOPR5844_004,train,meadow,1920x1080,none,417,5.7979,6.1601,14001
GOPR5844_004,train,meadow,1920x1080,none,417,6.9539,7.3884,10193
GOPR5844_004,train,meadow,1920x1080,none,417,7.85,8.3404,7833
GOPR5844_004,train,meadow,1920x1080,none,417,8.8615,9.4152,5956
GOPR5844_004,train,meadow,1920x1080,none,417,9.4152,10.0034,4353
GOPR5844_004,train,meadow,1920x1080,none,417,10.6284,11.2924,3632
GOPR5844_004,train,meadow,1920x1080,none,417,11.998,12.7476,2975
GOPR5844_004,train,meadow,1920x1080,none,417,12.7476,13.544,2615
GOPR5844_004,train,meadow,1920x1080,none,417,13.544,14.3902,2230
GOPR5844_004,train,meadow,1920x1080,none,417,14.3902,15.2892,1795
GOPR5844_004,train,meadow,1920x1080,none,417,15.2892,16.2445,1502
GOPR5844_004,train,meadow,1920x1080,none,417,16.2445,17.2594,1351
GOPR5844_004,train,meadow,1920x1080,none,417,17.2594,18.3377,1130
GOPR5844_004,train,meadow,1920x1080,none,417,18.3377,19.4834,1073
GOPR5844_004,train,meadow,1920x1080,none,417,19.4834,20.7007,870
GOPR5844_004,train,meadow,1920x1080,none,417,20.7007,21.994,745
GOPR5844_004,train,meadow,1920x1080,none,417,21.994,23.3681,1311
GOPR5844_004,train,meadow,1920x1080,none,417,23.3681,24.8281,584
GOPR5844_004,train,meadow,1920x1080,none,417,24.8281,26.3793,935
GOPR5844_004,train,meadow,1920x1080,none,417,26.3793,28.0274,786
GOPR5844_004,train,meadow,1920x1080,none,417,28.0274,29.7785,378
GOPR5844_004,train,meadow,1920x1080,none,417,29.7785,31.639,654
GOPR5844_004,train,meadow,1920x1080,none,417,31.639,33.6157,485
GOPR5844_004,train,meadow,1920x1080,none,417,33.6157,35.7159,405
GOPR5844_004,train,meadow,1920x1080,none,417,35.7159,37.9473,352
GOPR5844_004,train,meadow,1920x1080,none,417,37.9473,40.3182,521
GOPR5844_004,train,meadow,1920x1080,none,417,40.3182,42.8372,335
GOPR5844_004,train,meadow,1920x1080,none,417,42.8372,45.5135,451
GOPR5844_004,train,meadow,1920x1080,none,417,45.5135,48.3571,367
GOPR5844_004,train,meadow,1920x1080,none,417,48.3571,51.3783,265
GOPR5844_004,train,meadow,1920x1080,none,417,51.3783,54.5883,197
GOPR5844_004,train,meadow,1920x1080,none,417,54.5883,57.9988,181
GOPR5844_004,train,meadow,1920x1080,none,417,57.9988,61.6224,264
GOPR5844_004,train,meadow,1920x1080,none,417,61.6224,65.4724,151
GOPR5844_004,train,meadow,1920x1080,none,417,65.4724,69.563,129
GOPR5844_004,train,meadow,1920x1080,none,417,69.563,73.9091,117
GOPR5844_004,train,meadow,1920x1080,none,417,73.9091,78.5267,155
GOPR5844_004,train,meadow,1920x1080,none,417,78.5267,83.4329,153
GOPR5844_004,train,meadow,1920x1080,none,417,83.4329,88.6455,164
GOPR5844_004,train,meadow,1920x1080,none,417,88.6455,94.1839,102
GOPR5844_004,train,meadow,1920x1080,none,417,94.1839,100.0682,71
GOPR5844_004,train,meadow,1920x1080,none,417,100.0682,106.3202,63
GOPR5844_004,train,meadow,1920x1080,none,417,106.3202,112.9628,57
GOPR5844_004,train,meadow,1920x1080,none,417,112.9628,120.0205,45
GOPR5844_004,train,meadow,1920x1080,none,417,120.0205,127.519,43
GOPR5844_004,train,meadow,1920x1080,none,417,127.519,135.4861,44
GOPR5844_004,train,meadow,1920x1080,none,417,135.4861,143.9509,33
GOPR5844_004,train,meadow,1920x1080,none,417,143.9509,152.9446,24
GOPR5844_004,train,meadow,1920x1080,none,417,152.9446,162.5001,22
GOPR5844_004,train,meadow,1920x1080,none,417,162.5001,172.6527,18
GOPR5844_004,train,meadow,1920x1080,none,417,172.6527,183.4396,16
GOPR5844_004,train,meadow,1920x1080,none,417,183.4396,194.9004,12
GOPR5844_004,train,meadow,1920x1080,none,417,194.9004,207.0773,5
GOPR5844_004,train,meadow,1920x1080,none,417,207.0773,220.0149,3
GOPR5844_004,train,meadow,1920x1080,none,417,220.0149,233.7609,5
GOPR5844_004,train,meadow,1920x1080,none,417,233.7609,248.3657,19
GOPR5844_004,train,meadow,1920x1080,none,417,248.3657,263.8829,9
GOPR5844_004,train,meadow,1920x1080,none,417,263.8829,280.3696,4
GOPR5844_004,train,meadow,1920x1080,none,417,280.3696,297.8864,9
GOPR5844_004,train,meadow,1920x1080,none,417,297.8864,316.4975,6
GOPR5844_004,train,meadow,1920x1080,none,417,316.4975,336.2714,1
GOPR5844_004,train,meadow,1920x1080,none,417,336.2714,357.2808,4
GOPR5844_004,train,meadow,1920x1080,none,417,357.2808,379.6028,2
GOPR5844_004,train,meadow,1920x1080,none,417,379.6028,403.3193,6
GOPR5844_004,train,meadow,1920x1080,none,417,403.3193,428.5177,7
GOPR5844_004,train,meadow,1920x1080,none,417,428.5177,455.2903,5
GOPR5844_004,train,meadow,1920x1080,none,417,455.2903,483.7357,5
GOPR5844_004,train,meadow,1920x1080,none,417,483.7357,513.9582,10
GOPR5844_004,train,meadow,1920x1080,none,417,513.9582,546.069,13
GOPR5844_004,train,meadow,1920x1080,none,417,546.069,580.1859,17
GOPR5844_004,train,meadow,1920x1080,none,417,580.1859,616.4344,8
GOPR5844_004,train,meadow,1920x1080,none,417,616.4344,654.9476,11
GOPR5844_004,train,meadow,1920x1080,none,417,654.9476,695.867,6
GOPR5844_004,train,meadow,1920x1080,none,417,695.867,739.3429,16
GOPR5844_004,train,meadow,1920x1080,none,417,739.3429,785.5351,9
GOPR5844_004,train,meadow,1920x1080,none,417,785.5351,834.6133,7
GOPR5844_004,train,meadow,1920x1080,none,417,834.6133,886.7577,1
GOPR5844_004,train,meadow,1920x1080,none,417,886.7577,942.16,2
GOPR5844_004,train,meadow,1920x1080,none,417,942.16,1001.0237,2
GOPR5844_004,train,meadow,1920x1080,none,417,1001.0237,1063.565,6
GOPR5844_004,train,meadow,1920x1080,none,417,1063.565,1130.0138,2
GOPR5844_004,train,meadow,1920x1080,none,417,1130.0138,1200.6141,8
GOPR5844_004,train,meadow,1920x1080,none,417,1200.6141,1275.6253,1
GOPR5844_004,train,meadow,1920x1080,none,417,1275.6253,1355.323,8
GOPR5844_004,train,meadow,1920x1080,none,417,1355.323,1440.0,16
GOPR5844_004,train,meadow,1920x1080,none,417,1440.0,1529.9674,30
GOPR5844_004,train,meadow,1920x1080,none,417,1529.9674,1625.5557,26
GOPR5844_004,train,meadow,1920x1080,none,417,1625.5557,1727.1162,25
GOPR5844_004,train,meadow,1920x1080,none,417,1727.1162,1835.0219,13
GOPR5844_004,train,meadow,1920x1080,none,417,1835.0219,1949.6692,13
GOPR5844_004,train,meadow,1920x1080,none,417,1949.6692,2071.4794,7
GOPR5844_004,train,meadow,1920x1080,none,417,2071.4794,2200.9,6
GOPR5844_004,train,meadow,1920x1080,none,417,1951665.1031,2073600.0,1
GOPR5844_004,train,meadow,1920x1080,open3,417,5.7979,6.1601,7
GOPR5844_004,train,meadow,1920x1080,open3,417,7.85,8.3404,1
GOPR5844_004,train,meadow,1920x1080,open3,417,8.8615,9.4152,2885
GOPR5844_004,train,meadow,1920x1080,open3,417,10.6284,11.2924,1
GOPR5844_004,train,meadow,1920x1080,open3,417,11.998,12.7476,825
GOPR5844_004,train,meadow,1920x1080,open3,417,12.7476,13.544,1
GOPR5844_004,train,meadow,1920x1080,open3,417,13.544,14.3902,245
GOPR5844_004,train,meadow,1920x1080,open3,417,14.3902,15.2892,277
GOPR5844_004,train,meadow,1920x1080,open3,417,15.2892,16.2445,113
GOPR5844_004,train,meadow,1920x1080,open3,417,16.2445,17.2594,133
GOPR5844_004,train,meadow,1920x1080,open3,417,17.2594,18.3377,195
GOPR5844_004,train,meadow,1920x1080,open3,417,18.3377,19.4834,57
GOPR5844_004,train,meadow,1920x1080,open3,417,19.4834,20.7007,83
GOPR5844_004,train,meadow,1920x1080,open3,417,20.7007,21.994,97
GOPR5844_004,train,meadow,1920x1080,open3,417,21.994,23.3681,144
GOPR5844_004,train,meadow,1920x1080,open3,417,23.3681,24.8281,70
GOPR5844_004,train,meadow,1920x1080,open3,417,24.8281,26.3793,97
GOPR5844_004,train,meadow,1920x1080,open3,417,26.3793,28.0274,90
GOPR5844_004,train,meadow,1920x1080,open3,417,28.0274,29.7785,31
GOPR5844_004,train,meadow,1920x1080,open3,417,29.7785,31.639,64
GOPR5844_004,train,meadow,1920x1080,open3,417,31.639,33.6157,44
GOPR5844_004,train,meadow,1920x1080,open3,417,33.6157,35.7159,34
GOPR5844_004,train,meadow,1920x1080,open3,417,35.7159,37.9473,57
GOPR5844_004,train,meadow,1920x1080,open3,417,37.9473,40.3182,78
GOPR5844_004,train,meadow,1920x1080,open3,417,40.3182,42.8372,28
GOPR5844_004,train,meadow,1920x1080,open3,417,42.8372,45.5135,52
GOPR5844_004,train,meadow,1920x1080,open3,417,45.5135,48.3571,35
GOPR5844_004,train,meadow,1920x1080,open3,417,48.3571,51.3783,21
GOPR5844_004,train,meadow,1920x1080,open3,417,51.3783,54.5883,22
GOPR5844_004,train,meadow,1920x1080,open3,417,54.5883,57.9988,21
GOPR5844_004,train,meadow,1920x1080,open3,417,57.9988,61.6224,29
GOPR5844_004,train,meadow,1920x1080,open3,417,61.6224,65.4724,34
GOPR5844_004,train,meadow,1920x1080,open3,417,65.4724,69.563,13
GOPR5844_004,train,meadow,1920x1080,open3,417,69.563,73.9091,6
GOPR5844_004,train,meadow,1920x1080,open3,417,73.9091,78.5267,16
GOPR5844_004,train,meadow,1920x1080,open3,417,78.5267,83.4329,11
GOPR5844_004,train,meadow,1920x1080,open3,417,83.4329,88.6455,5
GOPR5844_004,train,meadow,1920x1080,open3,417,88.6455,94.1839,14
GOPR5844_004,train,meadow,1920x1080,open3,417,94.1839,100.0682,18
GOPR5844_004,train,meadow,1920x1080,open3,417,100.0682,106.3202,11
GOPR5844_004,train,meadow,1920x1080,open3,417,106.3202,112.9628,12
GOPR5844_004,train,meadow,1920x1080,open3,417,112.9628,120.0205,6
GOPR5844_004,train,meadow,1920x1080,open3,417,120.0205,127.519,6
GOPR5844_004,train,meadow,1920x1080,open3,417,127.519,135.4861,6
GOPR5844_004,train,meadow,1920x1080,open3,417,135.4861,143.9509,7
GOPR5844_004,train,meadow,1920x1080,open3,417,143.9509,152.9446,5
GOPR5844_004,train,meadow,1920x1080,open3,417,152.9446,162.5001,6
GOPR5844_004,train,meadow,1920x1080,open3,417,162.5001,172.6527,5
GOPR5844_004,train,meadow,1920x1080,open3,417,172.6527,183.4396,12
GOPR5844_004,train,meadow,1920x1080,open3,417,183.4396,194.9004,8
GOPR5844_004,train,meadow,1920x1080,open3,417,194.9004,207.0773,7
GOPR5844_004,train,meadow,1920x1080,open3,417,207.0773,220.0149,9
GOPR5844_004,train,meadow,1920x1080,open3,417,220.0149,233.7609,5
GOPR5844_004,train,meadow,1920x1080,open3,417,233.7609,248.3657,4
GOPR5844_004,train,meadow,1920x1080,open3,417,248.3657,263.8829,8
GOPR5844_004,train,meadow,1920x1080,open3,417,263.8829,280.3696,1
GOPR5844_004,train,meadow,1920x1080,open3,417,280.3696,297.8864,1
GOPR5844_004,train,meadow,1920x1080,open3,417,297.8864,316.4975,2
GOPR5844_004,train,meadow,1920x1080,open3,417,316.4975,336.2714,3
GOPR5844_004,train,meadow,1920x1080,open3,417,336.2714,357.2808,3
GOPR5844_004,train,meadow,1920x1080,open3,417,357.2808,379.6028,3
GOPR5844_004,train,meadow,1920x1080,open3,417,379.6028,403.3193,3
GOPR5844_004,train,meadow,1920x1080,open3,417,403.3193,428.5177,4
GOPR5844_004,train,meadow,1920x1080,open3,417,428.5177,455.2903,4
GOPR5844_004,train,meadow,1920x1080,open3,417,455.2903,483.7357,7
GOPR5844_004,train,meadow,1920x1080,open3,417,483.7357,513.9582,8
GOPR5844_004,train,meadow,1920x1080,open3,417,513.9582,546.069,5
GOPR5844_004,train,meadow,1920x1080,open3,417,546.069,580.1859,9
GOPR5844_004,train,meadow,1920x1080,open3,417,580.1859,616.4344,7
GOPR5844_004,train,meadow,1920x1080,open3,417,616.4344,654.9476,9
GOPR5844_004,train,meadow,1920x1080,open3,417,654.9476,695.867,11
GOPR5844_004,train,meadow,1920x1080,open3,417,695.867,739.3429,7
GOPR5844_004,train,meadow,1920x1080,open3,417,739.3429,785.5351,2
GOPR5844_004,train,meadow,1920x1080,open3,417,785.5351,834.6133,1
GOPR5844_004,train,meadow,1920x1080,open3,417,834.6133,886.7577,4
GOPR5844_004,train,meadow,1920x1080,open3,417,886.7577,942.16,6
GOPR5844_004,train,meadow,1920x1080,open3,417,942.16,1001.0237,10
GOPR5844_004,train,meadow,1920x1080,open3,417,1001.0237,1063.565,5
GOPR5844_004,train,meadow,1920x1080,open3,417,1063.565,1130.0138,4
GOPR5844_004,train,meadow,1920x1080,open3,417,1130.0138,1200.6141,3
GOPR5844_004,train,meadow,1920x1080,open3,417,1200.6141,1275.6253,14
GOPR5844_004,train,meadow,1920x1080,open3,417,1275.6253,1355.323,21
GOPR5844_004,train,meadow,1920x1080,open3,417,1355.323,1440.0,30
GOPR5844_004,train,meadow,1920x1080,open3,417,1440.0,1529.9674,20
GOPR5844_004,train,meadow,1920x1080,open3,417,1529.9674,1625.5557,12
GOPR5844_004,train,meadow,1920x1080,open3,417,1625.5557,1727.1162,15
GOPR5844_004,train,meadow,1920x1080,open3,417,1727.1162,1835.0219,10
GOPR5844_004,train,meadow,1920x1080,open3,417,1835.0219,1949.6692,6
GOPR5844_004,train,meadow,1920x1080,open3,417,1949.6692,2071.4794,3
GOPR5844_004,train,meadow,1920x1080,open3,417,1951665.1031,2073600.0,1
GOPR5845_001,train,meadow,1920x1080,none,601,1.0,1.0625,1661981
GOPR5845_001,train,meadow,1920x1080,none,601,1.9477,2.0694,419365
GOPR5845_001,train,meadow,1920x1080,none,601,2.9768,3.1628,178512
GOPR5845_001,train,meadow,1920x1080,none,601,3.7934,4.0304,100234
GOPR5845_001,train,meadow,1920x1080,none,601,4.8341,5.1361,62833
GOPR5845_001,train,meadow,1920x1080,none,601,5.7979,6.1601,42924
GOPR5845_001,train,meadow,1920x1080,none,601,6.9539,7.3884,30336
GOPR5845_001,train,meadow,1920x1080,none,601,7.85,8.3404,22563
GOPR5845_001,train,meadow,1920x1080,none,601,8.8615,9.4152,17021
GOPR5845_001,train,meadow,1920x1080,none,601,9.4152,10.0034,13248
GOPR5845_001,train,meadow,1920x1080,none,601,10.6284,11.2924,10483
GOPR5845_001,train,meadow,1920x1080,none,601,11.998,12.7476,8432
GOPR5845_001,train,meadow,1920x1080,none,601,12.7476,13.544,7047
GOPR5845_001,train,meadow,1920x1080,none,601,13.544,14.3902,5736
GOPR5845_001,train,meadow,1920x1080,none,601,14.3902,15.2892,4657
GOPR5845_001,train,meadow,1920x1080,none,601,15.2892,16.2445,3991
GOPR5845_001,train,meadow,1920x1080,none,601,16.2445,17.2594,3341
GOPR5845_001,train,meadow,1920x1080,none,601,17.2594,18.3377,2881
GOPR5845_001,train,meadow,1920x1080,none,601,18.3377,19.4834,2492
GOPR5845_001,train,meadow,1920x1080,none,601,19.4834,20.7007,2147
GOPR5845_001,train,meadow,1920x1080,none,601,20.7007,21.994,2021
GOPR5845_001,train,meadow,1920x1080,none,601,21.994,23.3681,3169
GOPR5845_001,train,meadow,1920x1080,none,601,23.3681,24.8281,1305
GOPR5845_001,train,meadow,1920x1080,none,601,24.8281,26.3793,2179
GOPR5845_001,train,meadow,1920x1080,none,601,26.3793,28.0274,1748
GOPR5845_001,train,meadow,1920x1080,none,601,28.0274,29.7785,735
GOPR5845_001,train,meadow,1920x1080,none,601,29.7785,31.639,1129
GOPR5845_001,train,meadow,1920x1080,none,601,31.639,33.6157,938
GOPR5845_001,train,meadow,1920x1080,none,601,33.6157,35.7159,787
GOPR5845_001,train,meadow,1920x1080,none,601,35.7159,37.9473,749
GOPR5845_001,train,meadow,1920x1080,none,601,37.9473,40.3182,826
GOPR5845_001,train,meadow,1920x1080,none,601,40.3182,42.8372,436
GOPR5845_001,train,meadow,1920x1080,none,601,42.8372,45.5135,592
GOPR5845_001,train,meadow,1920x1080,none,601,45.5135,48.3571,474
GOPR5845_001,train,meadow,1920x1080,none,601,48.3571,51.3783,397
GOPR5845_001,train,meadow,1920x1080,none,601,51.3783,54.5883,367
GOPR5845_001,train,meadow,1920x1080,none,601,54.5883,57.9988,255
GOPR5845_001,train,meadow,1920x1080,none,601,57.9988,61.6224,315
GOPR5845_001,train,meadow,1920x1080,none,601,61.6224,65.4724,266
GOPR5845_001,train,meadow,1920x1080,none,601,65.4724,69.563,185
GOPR5845_001,train,meadow,1920x1080,none,601,69.563,73.9091,96
GOPR5845_001,train,meadow,1920x1080,none,601,73.9091,78.5267,51
GOPR5845_001,train,meadow,1920x1080,none,601,78.5267,83.4329,46
GOPR5845_001,train,meadow,1920x1080,none,601,83.4329,88.6455,46
GOPR5845_001,train,meadow,1920x1080,none,601,88.6455,94.1839,48
GOPR5845_001,train,meadow,1920x1080,none,601,94.1839,100.0682,48
GOPR5845_001,train,meadow,1920x1080,none,601,100.0682,106.3202,13
GOPR5845_001,train,meadow,1920x1080,none,601,106.3202,112.9628,8
GOPR5845_001,train,meadow,1920x1080,none,601,112.9628,120.0205,15
GOPR5845_001,train,meadow,1920x1080,none,601,120.0205,127.519,20
GOPR5845_001,train,meadow,1920x1080,none,601,127.519,135.4861,30
GOPR5845_001,train,meadow,1920x1080,none,601,135.4861,143.9509,19
GOPR5845_001,train,meadow,1920x1080,none,601,143.9509,152.9446,20
GOPR5845_001,train,meadow,1920x1080,none,601,152.9446,162.5001,10
GOPR5845_001,train,meadow,1920x1080,none,601,162.5001,172.6527,10
GOPR5845_001,train,meadow,1920x1080,none,601,172.6527,183.4396,8
GOPR5845_001,train,meadow,1920x1080,none,601,183.4396,194.9004,6
GOPR5845_001,train,meadow,1920x1080,none,601,194.9004,207.0773,9
GOPR5845_001,train,meadow,1920x1080,none,601,207.0773,220.0149,4
GOPR5845_001,train,meadow,1920x1080,none,601,220.0149,233.7609,5
GOPR5845_001,train,meadow,1920x1080,none,601,233.7609,248.3657,3
GOPR5845_001,train,meadow,1920x1080,none,601,248.3657,263.8829,4
GOPR5845_001,train,meadow,1920x1080,none,601,263.8829,280.3696,5
GOPR5845_001,train,meadow,1920x1080,none,601,280.3696,297.8864,2
GOPR5845_001,train,meadow,1920x1080,none,601,297.8864,316.4975,2
GOPR5845_001,train,meadow,1920x1080,none,601,316.4975,336.2714,2
GOPR5845_001,train,meadow,1920x1080,none,601,336.2714,357.2808,4
GOPR5845_001,train,meadow,1920x1080,none,601,357.2808,379.6028,4
GOPR5845_001,train,meadow,1920x1080,none,601,379.6028,403.3193,14
GOPR5845_001,train,meadow,1920x1080,none,601,403.3193,428.5177,9
GOPR5845_001,train,meadow,1920x1080,none,601,428.5177,455.2903,3
GOPR5845_001,train,meadow,1920x1080,none,601,455.2903,483.7357,5
GOPR5845_001,train,meadow,1920x1080,none,601,483.7357,513.9582,9
GOPR5845_001,train,meadow,1920x1080,none,601,513.9582,546.069,18
GOPR5845_001,train,meadow,1920x1080,none,601,546.069,580.1859,2
GOPR5845_001,train,meadow,1920x1080,none,601,1951665.1031,2073600.0,1
GOPR5845_001,train,meadow,1920x1080,open3,601,5.7979,6.1601,142
GOPR5845_001,train,meadow,1920x1080,open3,601,7.85,8.3404,51
GOPR5845_001,train,meadow,1920x1080,open3,601,8.8615,9.4152,4900
GOPR5845_001,train,meadow,1920x1080,open3,601,9.4152,10.0034,15
GOPR5845_001,train,meadow,1920x1080,open3,601,11.998,12.7476,1161
GOPR5845_001,train,meadow,1920x1080,open3,601,12.7476,13.544,12
GOPR5845_001,train,meadow,1920x1080,open3,601,13.544,14.3902,179
GOPR5845_001,train,meadow,1920x1080,open3,601,14.3902,15.2892,369
GOPR5845_001,train,meadow,1920x1080,open3,601,15.2892,16.2445,176
GOPR5845_001,train,meadow,1920x1080,open3,601,16.2445,17.2594,156
GOPR5845_001,train,meadow,1920x1080,open3,601,17.2594,18.3377,215
GOPR5845_001,train,meadow,1920x1080,open3,601,18.3377,19.4834,116
GOPR5845_001,train,meadow,1920x1080,open3,601,19.4834,20.7007,73
GOPR5845_001,train,meadow,1920x1080,open3,601,20.7007,21.994,101
GOPR5845_001,train,meadow,1920x1080,open3,601,21.994,23.3681,115
GOPR5845_001,train,meadow,1920x1080,open3,601,23.3681,24.8281,83
GOPR5845_001,train,meadow,1920x1080,open3,601,24.8281,26.3793,105
GOPR5845_001,train,meadow,1920x1080,open3,601,26.3793,28.0274,44
GOPR5845_001,train,meadow,1920x1080,open3,601,28.0274,29.7785,22
GOPR5845_001,train,meadow,1920x1080,open3,601,29.7785,31.639,50
GOPR5845_001,train,meadow,1920x1080,open3,601,31.639,33.6157,51
GOPR5845_001,train,meadow,1920x1080,open3,601,33.6157,35.7159,36
GOPR5845_001,train,meadow,1920x1080,open3,601,35.7159,37.9473,26
GOPR5845_001,train,meadow,1920x1080,open3,601,37.9473,40.3182,37
GOPR5845_001,train,meadow,1920x1080,open3,601,40.3182,42.8372,20
GOPR5845_001,train,meadow,1920x1080,open3,601,42.8372,45.5135,24
GOPR5845_001,train,meadow,1920x1080,open3,601,45.5135,48.3571,11
GOPR5845_001,train,meadow,1920x1080,open3,601,48.3571,51.3783,8
GOPR5845_001,train,meadow,1920x1080,open3,601,51.3783,54.5883,9
GOPR5845_001,train,meadow,1920x1080,open3,601,54.5883,57.9988,13
GOPR5845_001,train,meadow,1920x1080,open3,601,57.9988,61.6224,17
GOPR5845_001,train,meadow,1920x1080,open3,601,61.6224,65.4724,2
GOPR5845_001,train,meadow,1920x1080,open3,601,65.4724,69.563,4
GOPR5845_001,train,meadow,1920x1080,open3,601,69.563,73.9091,9
GOPR5845_001,train,meadow,1920x1080,open3,601,73.9091,78.5267,10
GOPR5845_001,train,meadow,1920x1080,open3,601,78.5267,83.4329,12
GOPR5845_001,train,meadow,1920x1080,open3,601,83.4329,88.6455,10
GOPR5845_001,train,meadow,1920x1080,open3,601,88.6455,94.1839,16
GOPR5845_001,train,meadow,1920x1080,open3,601,94.1839,100.0682,9
GOPR5845_001,train,meadow,1920x1080,open3,601,100.0682,106.3202,8
GOPR5845_001,train,meadow,1920x1080,open3,601,106.3202,112.9628,14
GOPR5845_001,train,meadow,1920x1080,open3,601,112.9628,120.0205,6
GOPR5845_001,train,meadow,1920x1080,open3,601,120.0205,127.519,3
GOPR5845_001,train,meadow,1920x1080,open3,601,127.519,135.4861,2
GOPR5845_001,train,meadow,1920x1080,open3,601,135.4861,143.9509,3
GOPR5845_001,train,meadow,1920x1080,open3,601,143.9509,152.9446,2
GOPR5845_001,train,meadow,1920x1080,open3,601,152.9446,162.5001,7
GOPR5845_001,train,meadow,1920x1080,open3,601,162.5001,172.6527,2
GOPR5845_001,train,meadow,1920x1080,open3,601,172.6527,183.4396,4
GOPR5845_001,train,meadow,1920x1080,open3,601,207.0773,220.0149,4
GOPR5845_001,train,meadow,1920x1080,open3,601,220.0149,233.7609,2
GOPR5845_001,train,meadow,1920x1080,open3,601,233.7609,248.3657,6
GOPR5845_001,train,meadow,1920x1080,open3,601,248.3657,263.8829,3
GOPR5845_001,train,meadow,1920x1080,open3,601,263.8829,280.3696,7
GOPR5845_001,train,meadow,1920x1080,open3,601,280.3696,297.8864,3
GOPR5845_001,train,meadow,1920x1080,open3,601,297.8864,316.4975,6
GOPR5845_001,train,meadow,1920x1080,open3,601,316.4975,336.2714,7
GOPR5845_001,train,meadow,1920x1080,open3,601,336.2714,357.2808,8
GOPR5845_001,train,meadow,1920x1080,open3,601,357.2808,379.6028,6
GOPR5845_001,train,meadow,1920x1080,open3,601,379.6028,403.3193,7
GOPR5845_001,train,meadow,1920x1080,open3,601,403.3193,428.5177,10
GOPR5845_001,train,meadow,1920x1080,open3,601,428.5177,455.2903,8
GOPR5845_001,train,meadow,1920x1080,open3,601,1951665.1031,2073600.0,1
GOPR5845_004,train,meadow,1920x1080,none,391,1.0,1.0625,1290335
GOPR5845_004,train,meadow,1920x1080,none,391,1.9477,2.0694,283371
GOPR5845_004,train,meadow,1920x1080,none,391,2.9768,3.1628,111930
GOPR5845_004,train,meadow,1920x1080,none,391,3.7934,4.0304,59963
GOPR5845_004,train,meadow,1920x1080,none,391,4.8341,5.1361,35265
GOPR5845_004,train,meadow,1920x1080,none,391,5.7979,6.1601,22786
GOPR5845_004,train,meadow,1920x1080,none,391,6.9539,7.3884,15111
GOPR5845_004,train,meadow,1920x1080,none,391,7.85,8.3404,10628
GOPR5845_004,train,meadow,1920x1080,none,391,8.8615,9.4152,7654
GOPR5845_004,train,meadow,1920x1080,none,391,9.4152,10.0034,5578
GOPR5845_004,train,meadow,1920x1080,none,391,10.6284,11.2924,4204
GOPR5845_004,train,meadow,1920x1080,none,391,11.998,12.7476,3404
GOPR5845_004,train,meadow,1920x1080,none,391,12.7476,13.544,2603
GOPR5845_004,train,meadow,1920x1080,none,391,13.544,14.3902,2099
GOPR5845_004,train,meadow,1920x1080,none,391,14.3902,15.2892,1688
GOPR5845_004,train,meadow,1920x1080,none,391,15.2892,16.2445,1409
GOPR5845_004,train,meadow,1920x1080,none,391,16.2445,17.2594,1038
GOPR5845_004,train,meadow,1920x1080,none,391,17.2594,18.3377,895
GOPR5845_004,train,meadow,1920x1080,none,391,18.3377,19.4834,732
GOPR5845_004,train,meadow,1920x1080,none,391,19.4834,20.7007,587
GOPR5845_004,train,meadow,1920x1080,none,391,20.7007,21.994,570
GOPR5845_004,train,meadow,1920x1080,none,391,21.994,23.3681,917
GOPR5845_004,train,meadow,1920x1080,none,391,23.3681,24.8281,299
GOPR5845_004,train,meadow,1920x1080,none,391,24.8281,26.3793,547
GOPR5845_004,train,meadow,1920x1080,none,391,26.3793,28.0274,382
GOPR5845_004,train,meadow,1920x1080,none,391,28.0274,29.7785,126
GOPR5845_004,train,meadow,1920x1080,none,391,29.7785,31.639,184
GOPR5845_004,train,meadow,1920x1080,none,391,31.639,33.6157,142
GOPR5845_004,train,meadow,1920x1080,none,391,33.6157,35.7159,97
GOPR5845_004,train,meadow,1920x1080,none,391,35.7159,37.9473,88
GOPR5845_004,train,meadow,1920x1080,none,391,37.9473,40.3182,104
GOPR5845_004,train,meadow,1920x1080,none,391,40.3182,42.8372,54
GOPR5845_004,train,meadow,1920x1080,none,391,42.8372,45.5135,76
GOPR5845_004,train,meadow,1920x1080,none,391,45.5135,48.3571,43
GOPR5845_004,train,meadow,1920x1080,none,391,48.3571,51.3783,39
GOPR5845_004,train,meadow,1920x1080,none,391,51.3783,54.5883,53
GOPR5845_004,train,meadow,1920x1080,none,391,54.5883,57.9988,44
GOPR5845_004,train,meadow,1920x1080,none,391,57.9988,61.6224,37
GOPR5845_004,train,meadow,1920x1080,none,391,61.6224,65.4724,33
GOPR5845_004,train,meadow,1920x1080,none,391,65.4724,69.563,17
GOPR5845_004,train,meadow,1920x1080,none,391,69.563,73.9091,19
GOPR5845_004,train,meadow,1920x1080,none,391,73.9091,78.5267,12
GOPR5845_004,train,meadow,1920x1080,none,391,78.5267,83.4329,9
GOPR5845_004,train,meadow,1920x1080,none,391,83.4329,88.6455,12
GOPR5845_004,train,meadow,1920x1080,none,391,88.6455,94.1839,33
GOPR5845_004,train,meadow,1920x1080,none,391,94.1839,100.0682,59
GOPR5845_004,train,meadow,1920x1080,none,391,100.0682,106.3202,60
GOPR5845_004,train,meadow,1920x1080,none,391,106.3202,112.9628,70
GOPR5845_004,train,meadow,1920x1080,none,391,112.9628,120.0205,76
GOPR5845_004,train,meadow,1920x1080,none,391,120.0205,127.519,36
GOPR5845_004,train,meadow,1920x1080,none,391,127.519,135.4861,12
GOPR5845_004,train,meadow,1920x1080,none,391,135.4861,143.9509,11
GOPR5845_004,train,meadow,1920x1080,none,391,143.9509,152.9446,9
GOPR5845_004,train,meadow,1920x1080,none,391,152.9446,162.5001,6
GOPR5845_004,train,meadow,1920x1080,none,391,162.5001,172.6527,12
GOPR5845_004,train,meadow,1920x1080,none,391,172.6527,183.4396,13
GOPR5845_004,train,meadow,1920x1080,none,391,183.4396,194.9004,13
GOPR5845_004,train,meadow,1920x1080,none,391,194.9004,207.0773,16
GOPR5845_004,train,meadow,1920x1080,none,391,207.0773,220.0149,14
GOPR5845_004,train,meadow,1920x1080,none,391,220.0149,233.7609,12
GOPR5845_004,train,meadow,1920x1080,none,391,233.7609,248.3657,12
GOPR5845_004,train,meadow,1920x1080,none,391,248.3657,263.8829,9
GOPR5845_004,train,meadow,1920x1080,none,391,263.8829,280.3696,16
GOPR5845_004,train,meadow,1920x1080,none,391,280.3696,297.8864,10
GOPR5845_004,train,meadow,1920x1080,none,391,297.8864,316.4975,12
GOPR5845_004,train,meadow,1920x1080,none,391,316.4975,336.2714,10
GOPR5845_004,train,meadow,1920x1080,none,391,336.2714,357.2808,5
GOPR5845_004,train,meadow,1920x1080,none,391,357.2808,379.6028,3
GOPR5845_004,train,meadow,1920x1080,none,391,379.6028,403.3193,8
GOPR5845_004,train,meadow,1920x1080,none,391,403.3193,428.5177,3
GOPR5845_004,train,meadow,1920x1080,none,391,455.2903,483.7357,5
GOPR5845_004,train,meadow,1920x1080,none,391,483.7357,513.9582,3
GOPR5845_004,train,meadow,1920x1080,none,391,513.9582,546.069,3
GOPR5845_004,train,meadow,1920x1080,none,391,546.069,580.1859,2
GOPR5845_004,train,meadow,1920x1080,none,391,580.1859,616.4344,3
GOPR5845_004,train,meadow,1920x1080,none,391,616.4344,654.9476,2
GOPR5845_004,train,meadow,1920x1080,none,391,654.9476,695.867,1
GOPR5845_004,train,meadow,1920x1080,none,391,695.867,739.3429,1
GOPR5845_004,train,meadow,1920x1080,none,391,739.3429,785.5351,3
GOPR5845_004,train,meadow,1920x1080,none,391,785.5351,834.6133,5
GOPR5845_004,train,meadow,1920x1080,none,391,834.6133,886.7577,5
GOPR5845_004,train,meadow,1920x1080,none,391,886.7577,942.16,5
GOPR5845_004,train,meadow,1920x1080,none,391,942.16,1001.0237,2
GOPR5845_004,train,meadow,1920x1080,none,391,1001.0237,1063.565,2
GOPR5845_004,train,meadow,1920x1080,none,391,1063.565,1130.0138,2
GOPR5845_004,train,meadow,1920x1080,none,391,1130.0138,1200.6141,1
GOPR5845_004,train,meadow,1920x1080,none,391,1200.6141,1275.6253,5
GOPR5845_004,train,meadow,1920x1080,none,391,1275.6253,1355.323,2
GOPR5845_004,train,meadow,1920x1080,none,391,1355.323,1440.0,5
GOPR5845_004,train,meadow,1920x1080,none,391,1440.0,1529.9674,3
GOPR5845_004,train,meadow,1920x1080,none,391,1529.9674,1625.5557,8
GOPR5845_004,train,meadow,1920x1080,none,391,1625.5557,1727.1162,4
GOPR5845_004,train,meadow,1920x1080,none,391,1727.1162,1835.0219,5
GOPR5845_004,train,meadow,1920x1080,none,391,1835.0219,1949.6692,7
GOPR5845_004,train,meadow,1920x1080,none,391,1949.6692,2071.4794,5
GOPR5845_004,train,meadow,1920x1080,none,391,2071.4794,2200.9,7
GOPR5845_004,train,meadow,1920x1080,none,391,2200.9,2338.4064,6
GOPR5845_004,train,meadow,1920x1080,none,391,2338.4064,2484.5039,1
GOPR5845_004,train,meadow,1920x1080,none,391,1951665.1031,2073600.0,1
GOPR5845_004,train,meadow,1920x1080,open3,391,5.7979,6.1601,18
GOPR5845_004,train,meadow,1920x1080,open3,391,7.85,8.3404,4
GOPR5845_004,train,meadow,1920x1080,open3,391,8.8615,9.4152,758
GOPR5845_004,train,meadow,1920x1080,open3,391,10.6284,11.2924,2
GOPR5845_004,train,meadow,1920x1080,open3,391,11.998,12.7476,275
GOPR5845_004,train,meadow,1920x1080,open3,391,13.544,14.3902,24
GOPR5845_004,train,meadow,1920x1080,open3,391,14.3902,15.2892,90
GOPR5845_004,train,meadow,1920x1080,open3,391,15.2892,16.2445,26
GOPR5845_004,train,meadow,1920x1080,open3,391,16.2445,17.2594,18
GOPR5845_004,train,meadow,1920x1080,open3,391,17.2594,18.3377,70
GOPR5845_004,train,meadow,1920x1080,open3,391,18.3377,19.4834,15
GOPR5845_004,train,meadow,1920x1080,open3,391,19.4834,20.7007,20
GOPR5845_004,train,meadow,1920x1080,open3,391,20.7007,21.994,28
GOPR5845_004,train,meadow,1920x1080,open3,391,21.994,23.3681,46
GOPR5845_004,train,meadow,1920x1080,open3,391,23.3681,24.8281,26
GOPR5845_004,train,meadow,1920x1080,open3,391,24.8281,26.3793,27
GOPR5845_004,train,meadow,1920x1080,open3,391,26.3793,28.0274,46
GOPR5845_004,train,meadow,1920x1080,open3,391,28.0274,29.7785,13
GOPR5845_004,train,meadow,1920x1080,open3,391,29.7785,31.639,29
GOPR5845_004,train,meadow,1920x1080,open3,391,31.639,33.6157,24
GOPR5845_004,train,meadow,1920x1080,open3,391,33.6157,35.7159,14
GOPR5845_004,train,meadow,1920x1080,open3,391,35.7159,37.9473,23
GOPR5845_004,train,meadow,1920x1080,open3,391,37.9473,40.3182,28
GOPR5845_004,train,meadow,1920x1080,open3,391,40.3182,42.8372,12
GOPR5845_004,train,meadow,1920x1080,open3,391,42.8372,45.5135,18
GOPR5845_004,train,meadow,1920x1080,open3,391,45.5135,48.3571,19
GOPR5845_004,train,meadow,1920x1080,open3,391,48.3571,51.3783,22
GOPR5845_004,train,meadow,1920x1080,open3,391,51.3783,54.5883,18
GOPR5845_004,train,meadow,1920x1080,open3,391,54.5883,57.9988,33
GOPR5845_004,train,meadow,1920x1080,open3,391,57.9988,61.6224,25
GOPR5845_004,train,meadow,1920x1080,open3,391,61.6224,65.4724,33
GOPR5845_004,train,meadow,1920x1080,open3,391,65.4724,69.563,40
GOPR5845_004,train,meadow,1920x1080,open3,391,69.563,73.9091,40
GOPR5845_004,train,meadow,1920x1080,open3,391,73.9091,78.5267,47
GOPR5845_004,train,meadow,1920x1080,open3,391,78.5267,83.4329,23
GOPR5845_004,train,meadow,1920x1080,open3,391,83.4329,88.6455,24
GOPR5845_004,train,meadow,1920x1080,open3,391,88.6455,94.1839,27
GOPR5845_004,train,meadow,1920x1080,open3,391,94.1839,100.0682,18
GOPR5845_004,train,meadow,1920x1080,open3,391,100.0682,106.3202,9
GOPR5845_004,train,meadow,1920x1080,open3,391,106.3202,112.9628,12
GOPR5845_004,train,meadow,1920x1080,open3,391,112.9628,120.0205,7
GOPR5845_004,train,meadow,1920x1080,open3,391,120.0205,127.519,8
GOPR5845_004,train,meadow,1920x1080,open3,391,127.519,135.4861,8
GOPR5845_004,train,meadow,1920x1080,open3,391,135.4861,143.9509,9
GOPR5845_004,train,meadow,1920x1080,open3,391,143.9509,152.9446,8
GOPR5845_004,train,meadow,1920x1080,open3,391,152.9446,162.5001,12
GOPR5845_004,train,meadow,1920x1080,open3,391,162.5001,172.6527,15
GOPR5845_004,train,meadow,1920x1080,open3,391,172.6527,183.4396,17
GOPR5845_004,train,meadow,1920x1080,open3,391,183.4396,194.9004,15
GOPR5845_004,train,meadow,1920x1080,open3,391,194.9004,207.0773,7
GOPR5845_004,train,meadow,1920x1080,open3,391,207.0773,220.0149,20
GOPR5845_004,train,meadow,1920x1080,open3,391,220.0149,233.7609,10
GOPR5845_004,train,meadow,1920x1080,open3,391,233.7609,248.3657,7
GOPR5845_004,train,meadow,1920x1080,open3,391,248.3657,263.8829,4
GOPR5845_004,train,meadow,1920x1080,open3,391,263.8829,280.3696,4
GOPR5845_004,train,meadow,1920x1080,open3,391,280.3696,297.8864,3
GOPR5845_004,train,meadow,1920x1080,open3,391,297.8864,316.4975,3
GOPR5845_004,train,meadow,1920x1080,open3,391,316.4975,336.2714,1
GOPR5845_004,train,meadow,1920x1080,open3,391,336.2714,357.2808,1
GOPR5845_004,train,meadow,1920x1080,open3,391,357.2808,379.6028,3
GOPR5845_004,train,meadow,1920x1080,open3,391,403.3193,428.5177,2
GOPR5845_004,train,meadow,1920x1080,open3,391,428.5177,455.2903,1
GOPR5845_004,train,meadow,1920x1080,open3,391,455.2903,483.7357,3
GOPR5845_004,train,meadow,1920x1080,open3,391,483.7357,513.9582,4
GOPR5845_004,train,meadow,1920x1080,open3,391,513.9582,546.069,4
GOPR5845_004,train,meadow,1920x1080,open3,391,546.069,580.1859,1
GOPR5845_004,train,meadow,1920x1080,open3,391,580.1859,616.4344,2
GOPR5845_004,train,meadow,1920x1080,open3,391,616.4344,654.9476,1
GOPR5845_004,train,meadow,1920x1080,open3,391,739.3429,785.5351,1
GOPR5845_004,train,meadow,1920x1080,open3,391,785.5351,834.6133,3
GOPR5845_004,train,meadow,1920x1080,open3,391,834.6133,886.7577,1
GOPR5845_004,train,meadow,1920x1080,open3,391,942.16,1001.0237,4
GOPR5845_004,train,meadow,1920x1080,open3,391,1001.0237,1063.565,2
GOPR5845_004,train,meadow,1920x1080,open3,391,1130.0138,1200.6141,7
GOPR5845_004,train,meadow,1920x1080,open3,391,1200.6141,1275.6253,7
GOPR5845_004,train,meadow,1920x1080,open3,391,1275.6253,1355.323,4
GOPR5845_004,train,meadow,1920x1080,open3,391,1355.323,1440.0,5
GOPR5845_004,train,meadow,1920x1080,open3,391,1440.0,1529.9674,1
GOPR5845_004,train,meadow,1920x1080,open3,391,1529.9674,1625.5557,9
GOPR5845_004,train,meadow,1920x1080,open3,391,1625.5557,1727.1162,8
GOPR5845_004,train,meadow,1920x1080,open3,391,1727.1162,1835.0219,4
GOPR5845_004,train,meadow,1920x1080,open3,391,1835.0219,1949.6692,2
GOPR5845_004,train,meadow,1920x1080,open3,391,1951665.1031,2073600.0,1
GOPR5846_002,val,meadow,1920x1080,none,686,1.0,1.0625,1969396
GOPR5846_002,val,meadow,1920x1080,none,686,1.9477,2.0694,436353
GOPR5846_002,val,meadow,1920x1080,none,686,2.9768,3.1628,177636
GOPR5846_002,val,meadow,1920x1080,none,686,3.7934,4.0304,100114
GOPR5846_002,val,meadow,1920x1080,none,686,4.8341,5.1361,65559
GOPR5846_002,val,meadow,1920x1080,none,686,5.7979,6.1601,46415
GOPR5846_002,val,meadow,1920x1080,none,686,6.9539,7.3884,34865
GOPR5846_002,val,meadow,1920x1080,none,686,7.85,8.3404,26376
GOPR5846_002,val,meadow,1920x1080,none,686,8.8615,9.4152,21531
GOPR5846_002,val,meadow,1920x1080,none,686,9.4152,10.0034,17873
GOPR5846_002,val,meadow,1920x1080,none,686,10.6284,11.2924,14712
GOPR5846_002,val,meadow,1920x1080,none,686,11.998,12.7476,12326
GOPR5846_002,val,meadow,1920x1080,none,686,12.7476,13.544,10922
GOPR5846_002,val,meadow,1920x1080,none,686,13.544,14.3902,9411
GOPR5846_002,val,meadow,1920x1080,none,686,14.3902,15.2892,8099
GOPR5846_002,val,meadow,1920x1080,none,686,15.2892,16.2445,7310
GOPR5846_002,val,meadow,1920x1080,none,686,16.2445,17.2594,6444
GOPR5846_002,val,meadow,1920x1080,none,686,17.2594,18.3377,5498
GOPR5846_002,val,meadow,1920x1080,none,686,18.3377,19.4834,5044
GOPR5846_002,val,meadow,1920x1080,none,686,19.4834,20.7007,4370
GOPR5846_002,val,meadow,1920x1080,none,686,20.7007,21.994,3883
GOPR5846_002,val,meadow,1920x1080,none,686,21.994,23.3681,6884
GOPR5846_002,val,meadow,1920x1080,none,686,23.3681,24.8281,3088
GOPR5846_002,val,meadow,1920x1080,none,686,24.8281,26.3793,5702
GOPR5846_002,val,meadow,1920x1080,none,686,26.3793,28.0274,4618
GOPR5846_002,val,meadow,1920x1080,none,686,28.0274,29.7785,2077
GOPR5846_002,val,meadow,1920x1080,none,686,29.7785,31.639,3635
GOPR5846_002,val,meadow,1920x1080,none,686,31.639,33.6157,2927
GOPR5846_002,val,meadow,1920x1080,none,686,33.6157,35.7159,2392
GOPR5846_002,val,meadow,1920x1080,none,686,35.7159,37.9473,2090
GOPR5846_002,val,meadow,1920x1080,none,686,37.9473,40.3182,2497
GOPR5846_002,val,meadow,1920x1080,none,686,40.3182,42.8372,1491
GOPR5846_002,val,meadow,1920x1080,none,686,42.8372,45.5135,1834
GOPR5846_002,val,meadow,1920x1080,none,686,45.5135,48.3571,1666
GOPR5846_002,val,meadow,1920x1080,none,686,48.3571,51.3783,1459
GOPR5846_002,val,meadow,1920x1080,none,686,51.3783,54.5883,1259
GOPR5846_002,val,meadow,1920x1080,none,686,54.5883,57.9988,1170
GOPR5846_002,val,meadow,1920x1080,none,686,57.9988,61.6224,1281
GOPR5846_002,val,meadow,1920x1080,none,686,61.6224,65.4724,1076
GOPR5846_002,val,meadow,1920x1080,none,686,65.4724,69.563,915
GOPR5846_002,val,meadow,1920x1080,none,686,69.563,73.9091,829
GOPR5846_002,val,meadow,1920x1080,none,686,73.9091,78.5267,718
GOPR5846_002,val,meadow,1920x1080,none,686,78.5267,83.4329,582
GOPR5846_002,val,meadow,1920x1080,none,686,83.4329,88.6455,469
GOPR5846_002,val,meadow,1920x1080,none,686,88.6455,94.1839,377
GOPR5846_002,val,meadow,1920x1080,none,686,94.1839,100.0682,281
GOPR5846_002,val,meadow,1920x1080,none,686,100.0682,106.3202,280
GOPR5846_002,val,meadow,1920x1080,none,686,106.3202,112.9628,230
GOPR5846_002,val,meadow,1920x1080,none,686,112.9628,120.0205,212
GOPR5846_002,val,meadow,1920x1080,none,686,120.0205,127.519,164
GOPR5846_002,val,meadow,1920x1080,none,686,127.519,135.4861,134
GOPR5846_002,val,meadow,1920x1080,none,686,135.4861,143.9509,198
GOPR5846_002,val,meadow,1920x1080,none,686,143.9509,152.9446,186
GOPR5846_002,val,meadow,1920x1080,none,686,152.9446,162.5001,145
GOPR5846_002,val,meadow,1920x1080,none,686,162.5001,172.6527,116
GOPR5846_002,val,meadow,1920x1080,none,686,172.6527,183.4396,96
GOPR5846_002,val,meadow,1920x1080,none,686,183.4396,194.9004,43
GOPR5846_002,val,meadow,1920x1080,none,686,194.9004,207.0773,30
GOPR5846_002,val,meadow,1920x1080,none,686,207.0773,220.0149,53
GOPR5846_002,val,meadow,1920x1080,none,686,220.0149,233.7609,65
GOPR5846_002,val,meadow,1920x1080,none,686,233.7609,248.3657,30
GOPR5846_002,val,meadow,1920x1080,none,686,248.3657,263.8829,16
GOPR5846_002,val,meadow,1920x1080,none,686,263.8829,280.3696,15
GOPR5846_002,val,meadow,1920x1080,none,686,280.3696,297.8864,15
GOPR5846_002,val,meadow,1920x1080,none,686,297.8864,316.4975,32
GOPR5846_002,val,meadow,1920x1080,none,686,316.4975,336.2714,25
GOPR5846_002,val,meadow,1920x1080,none,686,336.2714,357.2808,16
GOPR5846_002,val,meadow,1920x1080,none,686,357.2808,379.6028,10
GOPR5846_002,val,meadow,1920x1080,none,686,379.6028,403.3193,8
GOPR5846_002,val,meadow,1920x1080,none,686,403.3193,428.5177,9
GOPR5846_002,val,meadow,1920x1080,none,686,428.5177,455.2903,12
GOPR5846_002,val,meadow,1920x1080,none,686,455.2903,483.7357,11
GOPR5846_002,val,meadow,1920x1080,none,686,483.7357,513.9582,11
GOPR5846_002,val,meadow,1920x1080,none,686,513.9582,546.069,11
GOPR5846_002,val,meadow,1920x1080,none,686,546.069,580.1859,11
GOPR5846_002,val,meadow,1920x1080,none,686,580.1859,616.4344,18
GOPR5846_002,val,meadow,1920x1080,none,686,616.4344,654.9476,6
GOPR5846_002,val,meadow,1920x1080,none,686,654.9476,695.867,4
GOPR5846_002,val,meadow,1920x1080,none,686,695.867,739.3429,5
GOPR5846_002,val,meadow,1920x1080,none,686,739.3429,785.5351,8
GOPR5846_002,val,meadow,1920x1080,none,686,785.5351,834.6133,7
GOPR5846_002,val,meadow,1920x1080,none,686,834.6133,886.7577,5
GOPR5846_002,val,meadow,1920x1080,none,686,886.7577,942.16,5
GOPR5846_002,val,meadow,1920x1080,none,686,942.16,1001.0237,5
GOPR5846_002,val,meadow,1920x1080,none,686,1001.0237,1063.565,7
GOPR5846_002,val,meadow,1920x1080,none,686,1063.565,1130.0138,2
GOPR5846_002,val,meadow,1920x1080,none,686,1130.0138,1200.6141,6
GOPR5846_002,val,meadow,1920x1080,none,686,1200.6141,1275.6253,5
GOPR5846_002,val,meadow,1920x1080,none,686,1275.6253,1355.323,3
GOPR5846_002,val,meadow,1920x1080,none,686,1355.323,1440.0,1
GOPR5846_002,val,meadow,1920x1080,none,686,1440.0,1529.9674,1
GOPR5846_002,val,meadow,1920x1080,none,686,1529.9674,1625.5557,4
GOPR5846_002,val,meadow,1920x1080,none,686,1625.5557,1727.1162,5
GOPR5846_002,val,meadow,1920x1080,none,686,1727.1162,1835.0219,2
GOPR5846_002,val,meadow,1920x1080,none,686,1835.0219,1949.6692,3
GOPR5846_002,val,meadow,1920x1080,none,686,1949.6692,2071.4794,4
GOPR5846_002,val,meadow,1920x1080,none,686,2071.4794,2200.9,4
GOPR5846_002,val,meadow,1920x1080,none,686,2200.9,2338.4064,2
GOPR5846_002,val,meadow,1920x1080,none,686,2338.4064,2484.5039,4
GOPR5846_002,val,meadow,1920x1080,none,686,2484.5039,2639.7291,3
GOPR5846_002,val,meadow,1920x1080,none,686,2639.7291,2804.6525,1
GOPR5846_002,val,meadow,1920x1080,none,686,2804.6525,2979.8798,11
GOPR5846_002,val,meadow,1920x1080,none,686,2979.8798,3166.0548,1
GOPR5846_002,val,meadow,1920x1080,none,686,1951665.1031,2073600.0,1
GOPR5846_002,val,meadow,1920x1080,open3,686,5.7979,6.1601,615
GOPR5846_002,val,meadow,1920x1080,open3,686,7.85,8.3404,321
GOPR5846_002,val,meadow,1920x1080,open3,686,8.8615,9.4152,18908
GOPR5846_002,val,meadow,1920x1080,open3,686,9.4152,10.0034,148
GOPR5846_002,val,meadow,1920x1080,open3,686,10.6284,11.2924,51
GOPR5846_002,val,meadow,1920x1080,open3,686,11.998,12.7476,6588
GOPR5846_002,val,meadow,1920x1080,open3,686,12.7476,13.544,53
GOPR5846_002,val,meadow,1920x1080,open3,686,13.544,14.3902,875
GOPR5846_002,val,meadow,1920x1080,open3,686,14.3902,15.2892,2671
GOPR5846_002,val,meadow,1920x1080,open3,686,15.2892,16.2445,882
GOPR5846_002,val,meadow,1920x1080,open3,686,16.2445,17.2594,807
GOPR5846_002,val,meadow,1920x1080,open3,686,17.2594,18.3377,1662
GOPR5846_002,val,meadow,1920x1080,open3,686,18.3377,19.4834,811
GOPR5846_002,val,meadow,1920x1080,open3,686,19.4834,20.7007,577
GOPR5846_002,val,meadow,1920x1080,open3,686,20.7007,21.994,1021
GOPR5846_002,val,meadow,1920x1080,open3,686,21.994,23.3681,1033
GOPR5846_002,val,meadow,1920x1080,open3,686,23.3681,24.8281,507
GOPR5846_002,val,meadow,1920x1080,open3,686,24.8281,26.3793,779
GOPR5846_002,val,meadow,1920x1080,open3,686,26.3793,28.0274,631
GOPR5846_002,val,meadow,1920x1080,open3,686,28.0274,29.7785,238
GOPR5846_002,val,meadow,1920x1080,open3,686,29.7785,31.639,435
GOPR5846_002,val,meadow,1920x1080,open3,686,31.639,33.6157,417
GOPR5846_002,val,meadow,1920x1080,open3,686,33.6157,35.7159,333
GOPR5846_002,val,meadow,1920x1080,open3,686,35.7159,37.9473,271
GOPR5846_002,val,meadow,1920x1080,open3,686,37.9473,40.3182,388
GOPR5846_002,val,meadow,1920x1080,open3,686,40.3182,42.8372,218
GOPR5846_002,val,meadow,1920x1080,open3,686,42.8372,45.5135,210
GOPR5846_002,val,meadow,1920x1080,open3,686,45.5135,48.3571,227
GOPR5846_002,val,meadow,1920x1080,open3,686,48.3571,51.3783,181
GOPR5846_002,val,meadow,1920x1080,open3,686,51.3783,54.5883,152
GOPR5846_002,val,meadow,1920x1080,open3,686,54.5883,57.9988,101
GOPR5846_002,val,meadow,1920x1080,open3,686,57.9988,61.6224,115
GOPR5846_002,val,meadow,1920x1080,open3,686,61.6224,65.4724,58
GOPR5846_002,val,meadow,1920x1080,open3,686,65.4724,69.563,66
GOPR5846_002,val,meadow,1920x1080,open3,686,69.563,73.9091,61
GOPR5846_002,val,meadow,1920x1080,open3,686,73.9091,78.5267,51
GOPR5846_002,val,meadow,1920x1080,open3,686,78.5267,83.4329,21
GOPR5846_002,val,meadow,1920x1080,open3,686,83.4329,88.6455,27
GOPR5846_002,val,meadow,1920x1080,open3,686,88.6455,94.1839,34
GOPR5846_002,val,meadow,1920x1080,open3,686,94.1839,100.0682,31
GOPR5846_002,val,meadow,1920x1080,open3,686,100.0682,106.3202,31
GOPR5846_002,val,meadow,1920x1080,open3,686,106.3202,112.9628,24
GOPR5846_002,val,meadow,1920x1080,open3,686,112.9628,120.0205,34
GOPR5846_002,val,meadow,1920x1080,open3,686,120.0205,127.519,26
GOPR5846_002,val,meadow,1920x1080,open3,686,127.519,135.4861,21
GOPR5846_002,val,meadow,1920x1080,open3,686,135.4861,143.9509,19
GOPR5846_002,val,meadow,1920x1080,open3,686,143.9509,152.9446,24
GOPR5846_002,val,meadow,1920x1080,open3,686,152.9446,162.5001,19
GOPR5846_002,val,meadow,1920x1080,open3,686,162.5001,172.6527,25
GOPR5846_002,val,meadow,1920x1080,open3,686,172.6527,183.4396,20
GOPR5846_002,val,meadow,1920x1080,open3,686,183.4396,194.9004,11
GOPR5846_002,val,meadow,1920x1080,open3,686,194.9004,207.0773,8
GOPR5846_002,val,meadow,1920x1080,open3,686,207.0773,220.0149,10
GOPR5846_002,val,meadow,1920x1080,open3,686,220.0149,233.7609,5
GOPR5846_002,val,meadow,1920x1080,open3,686,233.7609,248.3657,9
GOPR5846_002,val,meadow,1920x1080,open3,686,248.3657,263.8829,9
GOPR5846_002,val,meadow,1920x1080,open3,686,263.8829,280.3696,8
GOPR5846_002,val,meadow,1920x1080,open3,686,280.3696,297.8864,8
GOPR5846_002,val,meadow,1920x1080,open3,686,297.8864,316.4975,8
GOPR5846_002,val,meadow,1920x1080,open3,686,316.4975,336.2714,9
GOPR5846_002,val,meadow,1920x1080,open3,686,336.2714,357.2808,6
GOPR5846_002,val,meadow,1920x1080,open3,686,357.2808,379.6028,6
GOPR5846_002,val,meadow,1920x1080,open3,686,379.6028,403.3193,10
GOPR5846_002,val,meadow,1920x1080,open3,686,403.3193,428.5177,4
GOPR5846_002,val,meadow,1920x1080,open3,686,428.5177,455.2903,7
GOPR5846_002,val,meadow,1920x1080,open3,686,455.2903,483.7357,6
GOPR5846_002,val,meadow,1920x1080,open3,686,483.7357,513.9582,5
GOPR5846_002,val,meadow,1920x1080,open3,686,513.9582,546.069,4
GOPR5846_002,val,meadow,1920x1080,open3,686,546.069,580.1859,7
GOPR5846_002,val,meadow,1920x1080,open3,686,580.1859,616.4344,6
GOPR5846_002,val,meadow,1920x1080,open3,686,616.4344,654.9476,5
GOPR5846_002,val,meadow,1920x1080,open3,686,654.9476,695.867,4
GOPR5846_002,val,meadow,1920x1080,open3,686,695.867,739.3429,8
GOPR5846_002,val,meadow,1920x1080,open3,686,739.3429,785.5351,5
GOPR5846_002,val,meadow,1920x1080,open3,686,785.5351,834.6133,5
GOPR5846_002,val,meadow,1920x1080,open3,686,834.6133,886.7577,6
GOPR5846_002,val,meadow,1920x1080,open3,686,886.7577,942.16,2
GOPR5846_002,val,meadow,1920x1080,open3,686,942.16,1001.0237,1
GOPR5846_002,val,meadow,1920x1080,open3,686,1001.0237,1063.565,1
GOPR5846_002,val,meadow,1920x1080,open3,686,1063.565,1130.0138,5
GOPR5846_002,val,meadow,1920x1080,open3,686,1130.0138,1200.6141,3
GOPR5846_002,val,meadow,1920x1080,open3,686,1200.6141,1275.6253,2
GOPR5846_002,val,meadow,1920x1080,open3,686,1275.6253,1355.323,3
GOPR5846_002,val,meadow,1920x1080,open3,686,1355.323,1440.0,2
GOPR5846_002,val,meadow,1920x1080,open3,686,1440.0,1529.9674,1
GOPR5846_002,val,meadow,1920x1080,open3,686,1529.9674,1625.5557,4
GOPR5846_002,val,meadow,1920x1080,open3,686,1625.5557,1727.1162,4
GOPR5846_002,val,meadow,1920x1080,open3,686,1727.1162,1835.0219,3
GOPR5846_002,val,meadow,1920x1080,open3,686,1835.0219,1949.6692,2
GOPR5846_002,val,meadow,1920x1080,open3,686,1949.6692,2071.4794,3
GOPR5846_002,val,meadow,1920x1080,open3,686,2071.4794,2200.9,1
GOPR5846_002,val,meadow,1920x1080,open3,686,2200.9,2338.4064,2
GOPR5846_002,val,meadow,1920x1080,open3,686,2338.4064,2484.5039,7
GOPR5846_002,val,meadow,1920x1080,open3,686,2484.5039,2639.7291,5
GOPR5846_002,val,meadow,1920x1080,open3,686,2639.7291,2804.6525,1
GOPR5846_002,val,meadow,1920x1080,open3,686,1951665.1031,2073600.0,1
GOPR5846_005,val,meadow,1920x1080,none,450,1.0,1.0625,1393510
GOPR5846_005,val,meadow,1920x1080,none,450,1.9477,2.0694,286966
GOPR5846_005,val,meadow,1920x1080,none,450,2.9768,3.1628,108650
GOPR5846_005,val,meadow,1920x1080,none,450,3.7934,4.0304,58271
GOPR5846_005,val,meadow,1920x1080,none,450,4.8341,5.1361,34334
GOPR5846_005,val,meadow,1920x1080,none,450,5.7979,6.1601,23310
GOPR5846_005,val,meadow,1920x1080,none,450,6.9539,7.3884,16829
GOPR5846_005,val,meadow,1920x1080,none,450,7.85,8.3404,12662
GOPR5846_005,val,meadow,1920x1080,none,450,8.8615,9.4152,9731
GOPR5846_005,val,meadow,1920x1080,none,450,9.4152,10.0034,7547
GOPR5846_005,val,meadow,1920x1080,none,450,10.6284,11.2924,5960
GOPR5846_005,val,meadow,1920x1080,none,450,11.998,12.7476,4850
GOPR5846_005,val,meadow,1920x1080,none,450,12.7476,13.544,4009
GOPR5846_005,val,meadow,1920x1080,none,450,13.544,14.3902,3308
GOPR5846_005,val,meadow,1920x1080,none,450,14.3902,15.2892,2796
GOPR5846_005,val,meadow,1920x1080,none,450,15.2892,16.2445,2229
GOPR5846_005,val,meadow,1920x1080,none,450,16.2445,17.2594,1847
GOPR5846_005,val,meadow,1920x1080,none,450,17.2594,18.3377,1718
GOPR5846_005,val,meadow,1920x1080,none,450,18.3377,19.4834,1450
GOPR5846_005,val,meadow,1920x1080,none,450,19.4834,20.7007,1269
GOPR5846_005,val,meadow,1920x1080,none,450,20.7007,21.994,1065
GOPR5846_005,val,meadow,1920x1080,none,450,21.994,23.3681,1691
GOPR5846_005,val,meadow,1920x1080,none,450,23.3681,24.8281,722
GOPR5846_005,val,meadow,1920x1080,none,450,24.8281,26.3793,1220
GOPR5846_005,val,meadow,1920x1080,none,450,26.3793,28.0274,949
GOPR5846_005,val,meadow,1920x1080,none,450,28.0274,29.7785,452
GOPR5846_005,val,meadow,1920x1080,none,450,29.7785,31.639,795
GOPR5846_005,val,meadow,1920x1080,none,450,31.639,33.6157,667
GOPR5846_005,val,meadow,1920x1080,none,450,33.6157,35.7159,594
GOPR5846_005,val,meadow,1920x1080,none,450,35.7159,37.9473,485
GOPR5846_005,val,meadow,1920x1080,none,450,37.9473,40.3182,540
GOPR5846_005,val,meadow,1920x1080,none,450,40.3182,42.8372,303
GOPR5846_005,val,meadow,1920x1080,none,450,42.8372,45.5135,385
GOPR5846_005,val,meadow,1920x1080,none,450,45.5135,48.3571,338
GOPR5846_005,val,meadow,1920x1080,none,450,48.3571,51.3783,222
GOPR5846_005,val,meadow,1920x1080,none,450,51.3783,54.5883,192
GOPR5846_005,val,meadow,1920x1080,none,450,54.5883,57.9988,189
GOPR5846_005,val,meadow,1920x1080,none,450,57.9988,61.6224,187
GOPR5846_005,val,meadow,1920x1080,none,450,61.6224,65.4724,175
GOPR5846_005,val,meadow,1920x1080,none,450,65.4724,69.563,169
GOPR5846_005,val,meadow,1920x1080,none,450,69.563,73.9091,124
GOPR5846_005,val,meadow,1920x1080,none,450,73.9091,78.5267,102
GOPR5846_005,val,meadow,1920x1080,none,450,78.5267,83.4329,83
GOPR5846_005,val,meadow,1920x1080,none,450,83.4329,88.6455,93
GOPR5846_005,val,meadow,1920x1080,none,450,88.6455,94.1839,68
GOPR5846_005,val,meadow,1920x1080,none,450,94.1839,100.0682,67
GOPR5846_005,val,meadow,1920x1080,none,450,100.0682,106.3202,63
GOPR5846_005,val,meadow,1920x1080,none,450,106.3202,112.9628,51
GOPR5846_005,val,meadow,1920x1080,none,450,112.9628,120.0205,72
GOPR5846_005,val,meadow,1920x1080,none,450,120.0205,127.519,27
GOPR5846_005,val,meadow,1920x1080,none,450,127.519,135.4861,40
GOPR5846_005,val,meadow,1920x1080,none,450,135.4861,143.9509,31
GOPR5846_005,val,meadow,1920x1080,none,450,143.9509,152.9446,25
GOPR5846_005,val,meadow,1920x1080,none,450,152.9446,162.5001,11
GOPR5846_005,val,meadow,1920x1080,none,450,162.5001,172.6527,8
GOPR5846_005,val,meadow,1920x1080,none,450,172.6527,183.4396,13
GOPR5846_005,val,meadow,1920x1080,none,450,183.4396,194.9004,5
GOPR5846_005,val,meadow,1920x1080,none,450,194.9004,207.0773,3
GOPR5846_005,val,meadow,1920x1080,none,450,207.0773,220.0149,6
GOPR5846_005,val,meadow,1920x1080,none,450,220.0149,233.7609,4
GOPR5846_005,val,meadow,1920x1080,none,450,233.7609,248.3657,4
GOPR5846_005,val,meadow,1920x1080,none,450,248.3657,263.8829,2
GOPR5846_005,val,meadow,1920x1080,none,450,263.8829,280.3696,1
GOPR5846_005,val,meadow,1920x1080,none,450,280.3696,297.8864,1
GOPR5846_005,val,meadow,1920x1080,none,450,297.8864,316.4975,1
GOPR5846_005,val,meadow,1920x1080,none,450,316.4975,336.2714,5
GOPR5846_005,val,meadow,1920x1080,none,450,336.2714,357.2808,5
GOPR5846_005,val,meadow,1920x1080,none,450,357.2808,379.6028,6
GOPR5846_005,val,meadow,1920x1080,none,450,379.6028,403.3193,7
GOPR5846_005,val,meadow,1920x1080,none,450,403.3193,428.5177,3
GOPR5846_005,val,meadow,1920x1080,none,450,428.5177,455.2903,4
GOPR5846_005,val,meadow,1920x1080,none,450,455.2903,483.7357,2
GOPR5846_005,val,meadow,1920x1080,none,450,483.7357,513.9582,1
GOPR5846_005,val,meadow,1920x1080,none,450,546.069,580.1859,1
GOPR5846_005,val,meadow,1920x1080,none,450,1951665.1031,2073600.0,1
GOPR5846_005,val,meadow,1920x1080,open3,450,5.7979,6.1601,194
GOPR5846_005,val,meadow,1920x1080,open3,450,7.85,8.3404,31
GOPR5846_005,val,meadow,1920x1080,open3,450,8.8615,9.4152,2696
GOPR5846_005,val,meadow,1920x1080,open3,450,9.4152,10.0034,16
GOPR5846_005,val,meadow,1920x1080,open3,450,10.6284,11.2924,13
GOPR5846_005,val,meadow,1920x1080,open3,450,11.998,12.7476,754
GOPR5846_005,val,meadow,1920x1080,open3,450,12.7476,13.544,3
GOPR5846_005,val,meadow,1920x1080,open3,450,13.544,14.3902,108
GOPR5846_005,val,meadow,1920x1080,open3,450,14.3902,15.2892,161
GOPR5846_005,val,meadow,1920x1080,open3,450,15.2892,16.2445,66
GOPR5846_005,val,meadow,1920x1080,open3,450,16.2445,17.2594,74
GOPR5846_005,val,meadow,1920x1080,open3,450,17.2594,18.3377,125
GOPR5846_005,val,meadow,1920x1080,open3,450,18.3377,19.4834,56
GOPR5846_005,val,meadow,1920x1080,open3,450,19.4834,20.7007,36
GOPR5846_005,val,meadow,1920x1080,open3,450,20.7007,21.994,49
GOPR5846_005,val,meadow,1920x1080,open3,450,21.994,23.3681,59
GOPR5846_005,val,meadow,1920x1080,open3,450,23.3681,24.8281,50
GOPR5846_005,val,meadow,1920x1080,open3,450,24.8281,26.3793,45
GOPR5846_005,val,meadow,1920x1080,open3,450,26.3793,28.0274,72
GOPR5846_005,val,meadow,1920x1080,open3,450,28.0274,29.7785,21
GOPR5846_005,val,meadow,1920x1080,open3,450,29.7785,31.639,55
GOPR5846_005,val,meadow,1920x1080,open3,450,31.639,33.6157,20
GOPR5846_005,val,meadow,1920x1080,open3,450,33.6157,35.7159,26
GOPR5846_005,val,meadow,1920x1080,open3,450,35.7159,37.9473,27
GOPR5846_005,val,meadow,1920x1080,open3,450,37.9473,40.3182,25
GOPR5846_005,val,meadow,1920x1080,open3,450,40.3182,42.8372,13
GOPR5846_005,val,meadow,1920x1080,open3,450,42.8372,45.5135,31
GOPR5846_005,val,meadow,1920x1080,open3,450,45.5135,48.3571,27
GOPR5846_005,val,meadow,1920x1080,open3,450,48.3571,51.3783,31
GOPR5846_005,val,meadow,1920x1080,open3,450,51.3783,54.5883,33
GOPR5846_005,val,meadow,1920x1080,open3,450,54.5883,57.9988,23
GOPR5846_005,val,meadow,1920x1080,open3,450,57.9988,61.6224,29
GOPR5846_005,val,meadow,1920x1080,open3,450,61.6224,65.4724,30
GOPR5846_005,val,meadow,1920x1080,open3,450,65.4724,69.563,25
GOPR5846_005,val,meadow,1920x1080,open3,450,69.563,73.9091,19
GOPR5846_005,val,meadow,1920x1080,open3,450,73.9091,78.5267,14
GOPR5846_005,val,meadow,1920x1080,open3,450,78.5267,83.4329,17
GOPR5846_005,val,meadow,1920x1080,open3,450,83.4329,88.6455,17
GOPR5846_005,val,meadow,1920x1080,open3,450,88.6455,94.1839,14
GOPR5846_005,val,meadow,1920x1080,open3,450,94.1839,100.0682,13
GOPR5846_005,val,meadow,1920x1080,open3,450,100.0682,106.3202,21
GOPR5846_005,val,meadow,1920x1080,open3,450,106.3202,112.9628,13
GOPR5846_005,val,meadow,1920x1080,open3,450,112.9628,120.0205,12
GOPR5846_005,val,meadow,1920x1080,open3,450,120.0205,127.519,9
GOPR5846_005,val,meadow,1920x1080,open3,450,127.519,135.4861,3
GOPR5846_005,val,meadow,1920x1080,open3,450,135.4861,143.9509,4
GOPR5846_005,val,meadow,1920x1080,open3,450,143.9509,152.9446,1
GOPR5846_005,val,meadow,1920x1080,open3,450,152.9446,162.5001,3
GOPR5846_005,val,meadow,1920x1080,open3,450,162.5001,172.6527,2
GOPR5846_005,val,meadow,1920x1080,open3,450,172.6527,183.4396,5
GOPR5846_005,val,meadow,1920x1080,open3,450,183.4396,194.9004,1
GOPR5846_005,val,meadow,1920x1080,open3,450,194.9004,207.0773,5
GOPR5846_005,val,meadow,1920x1080,open3,450,207.0773,220.0149,2
GOPR5846_005,val,meadow,1920x1080,open3,450,220.0149,233.7609,1
GOPR5846_005,val,meadow,1920x1080,open3,450,233.7609,248.3657,1
GOPR5846_005,val,meadow,1920x1080,open3,450,248.3657,263.8829,1
GOPR5846_005,val,meadow,1920x1080,open3,450,263.8829,280.3696,1
GOPR5846_005,val,meadow,1920x1080,open3,450,280.3696,297.8864,1
GOPR5846_005,val,meadow,1920x1080,open3,450,297.8864,316.4975,2
GOPR5846_005,val,meadow,1920x1080,open3,450,316.4975,336.2714,1
GOPR5846_005,val,meadow,1920x1080,open3,450,336.2714,357.2808,5
GOPR5846_005,val,meadow,1920x1080,open3,450,1951665.1031,2073600.0,1
GOPR5847_003,train,lake,1920x1080,none,496,1.0,1.0625,1798736
GOPR5847_003,train,lake,1920x1080,none,496,1.9477,2.0694,478258
GOPR5847_003,train,lake,1920x1080,none,496,2.9768,3.1628,184872
GOPR5847_003,train,lake,1920x1080,none,496,3.7934,4.0304,95609
GOPR5847_003,train,lake,1920x1080,none,496,4.8341,5.1361,56561
GOPR5847_003,train,lake,1920x1080,none,496,5.7979,6.1601,36571
GOPR5847_003,train,lake,1920x1080,none,496,6.9539,7.3884,25237
GOPR5847_003,train,lake,1920x1080,none,496,7.85,8.3404,18518
GOPR5847_003,train,lake,1920x1080,none,496,8.8615,9.4152,13638
GOPR5847_003,train,lake,1920x1080,none,496,9.4152,10.0034,10494
GOPR5847_003,train,lake,1920x1080,none,496,10.6284,11.2924,8234
GOPR5847_003,train,lake,1920x1080,none,496,11.998,12.7476,6901
GOPR5847_003,train,lake,1920x1080,none,496,12.7476,13.544,5486
GOPR5847_003,train,lake,1920x1080,none,496,13.544,14.3902,4709
GOPR5847_003,train,lake,1920x1080,none,496,14.3902,15.2892,3785
GOPR5847_003,train,lake,1920x1080,none,496,15.2892,16.2445,3269
GOPR5847_003,train,lake,1920x1080,none,496,16.2445,17.2594,2684
GOPR5847_003,train,lake,1920x1080,none,496,17.2594,18.3377,2384
GOPR5847_003,train,lake,1920x1080,none,496,18.3377,19.4834,1988
GOPR5847_003,train,lake,1920x1080,none,496,19.4834,20.7007,1895
GOPR5847_003,train,lake,1920x1080,none,496,20.7007,21.994,1711
GOPR5847_003,train,lake,1920x1080,none,496,21.994,23.3681,2820
GOPR5847_003,train,lake,1920x1080,none,496,23.3681,24.8281,1200
GOPR5847_003,train,lake,1920x1080,none,496,24.8281,26.3793,2091
GOPR5847_003,train,lake,1920x1080,none,496,26.3793,28.0274,1602
GOPR5847_003,train,lake,1920x1080,none,496,28.0274,29.7785,698
GOPR5847_003,train,lake,1920x1080,none,496,29.7785,31.639,1190
GOPR5847_003,train,lake,1920x1080,none,496,31.639,33.6157,1086
GOPR5847_003,train,lake,1920x1080,none,496,33.6157,35.7159,933
GOPR5847_003,train,lake,1920x1080,none,496,35.7159,37.9473,820
GOPR5847_003,train,lake,1920x1080,none,496,37.9473,40.3182,983
GOPR5847_003,train,lake,1920x1080,none,496,40.3182,42.8372,551
GOPR5847_003,train,lake,1920x1080,none,496,42.8372,45.5135,696
GOPR5847_003,train,lake,1920x1080,none,496,45.5135,48.3571,574
GOPR5847_003,train,lake,1920x1080,none,496,48.3571,51.3783,475
GOPR5847_003,train,lake,1920x1080,none,496,51.3783,54.5883,372
GOPR5847_003,train,lake,1920x1080,none,496,54.5883,57.9988,299
GOPR5847_003,train,lake,1920x1080,none,496,57.9988,61.6224,376
GOPR5847_003,train,lake,1920x1080,none,496,61.6224,65.4724,295
GOPR5847_003,train,lake,1920x1080,none,496,65.4724,69.563,239
GOPR5847_003,train,lake,1920x1080,none,496,69.563,73.9091,163
GOPR5847_003,train,lake,1920x1080,none,496,73.9091,78.5267,180
GOPR5847_003,train,lake,1920x1080,none,496,78.5267,83.4329,152
GOPR5847_003,train,lake,1920x1080,none,496,83.4329,88.6455,149
GOPR5847_003,train,lake,1920x1080,none,496,88.6455,94.1839,149
GOPR5847_003,train,lake,1920x1080,none,496,94.1839,100.0682,140
GOPR5847_003,train,lake,1920x1080,none,496,100.0682,106.3202,136
GOPR5847_003,train,lake,1920x1080,none,496,106.3202,112.9628,140
GOPR5847_003,train,lake,1920x1080,none,496,112.9628,120.0205,101
GOPR5847_003,train,lake,1920x1080,none,496,120.0205,127.519,85
GOPR5847_003,train,lake,1920x1080,none,496,127.519,135.4861,55
GOPR5847_003,train,lake,1920x1080,none,496,135.4861,143.9509,92
GOPR5847_003,train,lake,1920x1080,none,496,143.9509,152.9446,63
GOPR5847_003,train,lake,1920x1080,none,496,152.9446,162.5001,53
GOPR5847_003,train,lake,1920x1080,none,496,162.5001,172.6527,45
GOPR5847_003,train,lake,1920x1080,none,496,172.6527,183.4396,38
GOPR5847_003,train,lake,1920x1080,none,496,183.4396,194.9004,29
GOPR5847_003,train,lake,1920x1080,none,496,194.9004,207.0773,39
GOPR5847_003,train,lake,1920x1080,none,496,207.0773,220.0149,47
GOPR5847_003,train,lake,1920x1080,none,496,220.0149,233.7609,40
GOPR5847_003,train,lake,1920x1080,none,496,233.7609,248.3657,40
GOPR5847_003,train,lake,1920x1080,none,496,248.3657,263.8829,38
GOPR5847_003,train,lake,1920x1080,none,496,263.8829,280.3696,30
GOPR5847_003,train,lake,1920x1080,none,496,280.3696,297.8864,24
GOPR5847_003,train,lake,1920x1080,none,496,297.8864,316.4975,17
GOPR5847_003,train,lake,1920x1080,none,496,316.4975,336.2714,25
GOPR5847_003,train,lake,1920x1080,none,496,336.2714,357.2808,8
GOPR5847_003,train,lake,1920x1080,none,496,357.2808,379.6028,3
GOPR5847_003,train,lake,1920x1080,none,496,379.6028,403.3193,1
GOPR5847_003,train,lake,1920x1080,none,496,403.3193,428.5177,3
GOPR5847_003,train,lake,1920x1080,none,496,428.5177,455.2903,3
GOPR5847_003,train,lake,1920x1080,none,496,455.2903,483.7357,1
GOPR5847_003,train,lake,1920x1080,none,496,483.7357,513.9582,1
GOPR5847_003,train,lake,1920x1080,none,496,513.9582,546.069,2
GOPR5847_003,train,lake,1920x1080,none,496,546.069,580.1859,1
GOPR5847_003,train,lake,1920x1080,none,496,580.1859,616.4344,3
GOPR5847_003,train,lake,1920x1080,none,496,616.4344,654.9476,3
GOPR5847_003,train,lake,1920x1080,none,496,654.9476,695.867,3
GOPR5847_003,train,lake,1920x1080,none,496,695.867,739.3429,1
GOPR5847_003,train,lake,1920x1080,none,496,739.3429,785.5351,1
GOPR5847_003,train,lake,1920x1080,none,496,834.6133,886.7577,2
GOPR5847_003,train,lake,1920x1080,none,496,1951665.1031,2073600.0,1
GOPR5847_003,train,lake,1920x1080,open3,496,5.7979,6.1601,9
GOPR5847_003,train,lake,1920x1080,open3,496,7.85,8.3404,1
GOPR5847_003,train,lake,1920x1080,open3,496,8.8615,9.4152,4716
GOPR5847_003,train,lake,1920x1080,open3,496,9.4152,10.0034,1
GOPR5847_003,train,lake,1920x1080,open3,496,11.998,12.7476,1543
GOPR5847_003,train,lake,1920x1080,open3,496,13.544,14.3902,194
GOPR5847_003,train,lake,1920x1080,open3,496,14.3902,15.2892,642
GOPR5847_003,train,lake,1920x1080,open3,496,15.2892,16.2445,118
GOPR5847_003,train,lake,1920x1080,open3,496,16.2445,17.2594,109
GOPR5847_003,train,lake,1920x1080,open3,496,17.2594,18.3377,346
GOPR5847_003,train,lake,1920x1080,open3,496,18.3377,19.4834,95
GOPR5847_003,train,lake,1920x1080,open3,496,19.4834,20.7007,94
GOPR5847_003,train,lake,1920x1080,open3,496,20.7007,21.994,163
GOPR5847_003,train,lake,1920x1080,open3,496,21.994,23.3681,148
GOPR5847_003,train,lake,1920x1080,open3,496,23.3681,24.8281,166
GOPR5847_003,train,lake,1920x1080,open3,496,24.8281,26.3793,98
GOPR5847_003,train,lake,1920x1080,open3,496,26.3793,28.0274,119
GOPR5847_003,train,lake,1920x1080,open3,496,28.0274,29.7785,30
GOPR5847_003,train,lake,1920x1080,open3,496,29.7785,31.639,84
GOPR5847_003,train,lake,1920x1080,open3,496,31.639,33.6157,74
GOPR5847_003,train,lake,1920x1080,open3,496,33.6157,35.7159,57
GOPR5847_003,train,lake,1920x1080,open3,496,35.7159,37.9473,48
GOPR5847_003,train,lake,1920x1080,open3,496,37.9473,40.3182,77
GOPR5847_003,train,lake,1920x1080,open3,496,40.3182,42.8372,32
GOPR5847_003,train,lake,1920x1080,open3,496,42.8372,45.5135,52
GOPR5847_003,train,lake,1920x1080,open3,496,45.5135,48.3571,32
GOPR5847_003,train,lake,1920x1080,open3,496,48.3571,51.3783,23
GOPR5847_003,train,lake,1920x1080,open3,496,51.3783,54.5883,31
GOPR5847_003,train,lake,1920x1080,open3,496,54.5883,57.9988,27
GOPR5847_003,train,lake,1920x1080,open3,496,57.9988,61.6224,44
GOPR5847_003,train,lake,1920x1080,open3,496,61.6224,65.4724,26
GOPR5847_003,train,lake,1920x1080,open3,496,65.4724,69.563,25
GOPR5847_003,train,lake,1920x1080,open3,496,69.563,73.9091,22
GOPR5847_003,train,lake,1920x1080,open3,496,73.9091,78.5267,22
GOPR5847_003,train,lake,1920x1080,open3,496,78.5267,83.4329,20
GOPR5847_003,train,lake,1920x1080,open3,496,83.4329,88.6455,21
GOPR5847_003,train,lake,1920x1080,open3,496,88.6455,94.1839,30
GOPR5847_003,train,lake,1920x1080,open3,496,94.1839,100.0682,18
GOPR5847_003,train,lake,1920x1080,open3,496,100.0682,106.3202,23
GOPR5847_003,train,lake,1920x1080,open3,496,106.3202,112.9628,20
GOPR5847_003,train,lake,1920x1080,open3,496,112.9628,120.0205,27
GOPR5847_003,train,lake,1920x1080,open3,496,120.0205,127.519,19
GOPR5847_003,train,lake,1920x1080,open3,496,127.519,135.4861,12
GOPR5847_003,train,lake,1920x1080,open3,496,135.4861,143.9509,4
GOPR5847_003,train,lake,1920x1080,open3,496,143.9509,152.9446,5
GOPR5847_003,train,lake,1920x1080,open3,496,152.9446,162.5001,4
GOPR5847_003,train,lake,1920x1080,open3,496,162.5001,172.6527,5
GOPR5847_003,train,lake,1920x1080,open3,496,172.6527,183.4396,5
GOPR5847_003,train,lake,1920x1080,open3,496,183.4396,194.9004,14
GOPR5847_003,train,lake,1920x1080,open3,496,194.9004,207.0773,10
GOPR5847_003,train,lake,1920x1080,open3,496,207.0773,220.0149,8
GOPR5847_003,train,lake,1920x1080,open3,496,220.0149,233.7609,12
GOPR5847_003,train,lake,1920x1080,open3,496,233.7609,248.3657,17
GOPR5847_003,train,lake,1920x1080,open3,496,248.3657,263.8829,9
GOPR5847_003,train,lake,1920x1080,open3,496,263.8829,280.3696,3
GOPR5847_003,train,lake,1920x1080,open3,496,280.3696,297.8864,1
GOPR5847_003,train,lake,1920x1080,open3,496,297.8864,316.4975,3
GOPR5847_003,train,lake,1920x1080,open3,496,316.4975,336.2714,4
GOPR5847_003,train,lake,1920x1080,open3,496,336.2714,357.2808,3
GOPR5847_003,train,lake,1920x1080,open3,496,357.2808,379.6028,1
GOPR5847_003,train,lake,1920x1080,open3,496,403.3193,428.5177,3
GOPR5847_003,train,lake,1920x1080,open3,496,428.5177,455.2903,3
GOPR5847_003,train,lake,1920x1080,open3,496,455.2903,483.7357,1
GOPR5847_003,train,lake,1920x1080,open3,496,483.7357,513.9582,3
GOPR5847_003,train,lake,1920x1080,open3,496,513.9582,546.069,1
GOPR5847_003,train,lake,1920x1080,open3,496,546.069,580.1859,1
GOPR5847_003,train,lake,1920x1080,open3,496,580.1859,616.4344,1
GOPR5847_003,train,lake,1920x1080,open3,496,1951665.1031,2073600.0,1
GOPR5847_004,train,lake,1920x1080,none,721,1.0,1.0625,3906968
GOPR5847_004,train,lake,1920x1080,none,721,1.9477,2.0694,1137712
GOPR5847_004,train,lake,1920x1080,none,721,2.9768,3.1628,470636
GOPR5847_004,train,lake,1920x1080,none,721,3.7934,4.0304,260782
GOPR5847_004,train,lake,1920x1080,none,721,4.8341,5.1361,160416
GOPR5847_004,train,lake,1920x1080,none,721,5.7979,6.1601,108633
GOPR5847_004,train,lake,1920x1080,none,721,6.9539,7.3884,76905
GOPR5847_004,train,lake,1920x1080,none,721,7.85,8.3404,57898
GOPR5847_004,train,lake,1920x1080,none,721,8.8615,9.4152,43953
GOPR5847_004,train,lake,1920x1080,none,721,9.4152,10.0034,35384
GOPR5847_004,train,lake,1920x1080,none,721,10.6284,11.2924,28707
GOPR5847_004,train,lake,1920x1080,none,721,11.998,12.7476,23930
GOPR5847_004,train,lake,1920x1080,none,721,12.7476,13.544,20612
GOPR5847_004,train,lake,1920x1080,none,721,13.544,14.3902,17131
GOPR5847_004,train,lake,1920x1080,none,721,14.3902,15.2892,14838
GOPR5847_004,train,lake,1920x1080,none,721,15.2892,16.2445,12949
GOPR5847_004,train,lake,1920x1080,none,721,16.2445,17.2594,11700
GOPR5847_004,train,lake,1920x1080,none,721,17.2594,18.3377,10417
GOPR5847_004,train,lake,1920x1080,none,721,18.3377,19.4834,9191
GOPR5847_004,train,lake,1920x1080,none,721,19.4834,20.7007,8108
GOPR5847_004,train,lake,1920x1080,none,721,20.7007,21.994,7286
GOPR5847_004,train,lake,1920x1080,none,721,21.994,23.3681,12940
GOPR5847_004,train,lake,1920x1080,none,721,23.3681,24.8281,5680
GOPR5847_004,train,lake,1920x1080,none,721,24.8281,26.3793,9945
GOPR5847_004,train,lake,1920x1080,none,721,26.3793,28.0274,8460
GOPR5847_004,train,lake,1920x1080,none,721,28.0274,29.7785,3787
GOPR5847_004,train,lake,1920x1080,none,721,29.7785,31.639,6558
GOPR5847_004,train,lake,1920x1080,none,721,31.639,33.6157,5980
GOPR5847_004,train,lake,1920x1080,none,721,33.6157,35.7159,5449
GOPR5847_004,train,lake,1920x1080,none,721,35.7159,37.9473,4695
GOPR5847_004,train,lake,1920x1080,none,721,37.9473,40.3182,6308
GOPR5847_004,train,lake,1920x1080,none,721,40.3182,42.8372,3540
GOPR5847_004,train,lake,1920x1080,none,721,42.8372,45.5135,4707
GOPR5847_004,train,lake,1920x1080,none,721,45.5135,48.3571,4155
GOPR5847_004,train,lake,1920x1080,none,721,48.3571,51.3783,3683
GOPR5847_004,train,lake,1920x1080,none,721,51.3783,54.5883,3305
GOPR5847_004,train,lake,1920x1080,none,721,54.5883,57.9988,2843
GOPR5847_004,train,lake,1920x1080,none,721,57.9988,61.6224,3305
GOPR5847_004,train,lake,1920x1080,none,721,61.6224,65.4724,2665
GOPR5847_004,train,lake,1920x1080,none,721,65.4724,69.563,2407
GOPR5847_004,train,lake,1920x1080,none,721,69.563,73.9091,2111
GOPR5847_004,train,lake,1920x1080,none,721,73.9091,78.5267,2286
GOPR5847_004,train,lake,1920x1080,none,721,78.5267,83.4329,1895
GOPR5847_004,train,lake,1920x1080,none,721,83.4329,88.6455,1681
GOPR5847_004,train,lake,1920x1080,none,721,88.6455,94.1839,1773
GOPR5847_004,train,lake,1920x1080,none,721,94.1839,100.0682,1688
GOPR5847_004,train,lake,1920x1080,none,721,100.0682,106.3202,1455
GOPR5847_004,train,lake,1920x1080,none,721,106.3202,112.9628,1176
GOPR5847_004,train,lake,1920x1080,none,721,112.9628,120.0205,1354
GOPR5847_004,train,lake,1920x1080,none,721,120.0205,127.519,1102
GOPR5847_004,train,lake,1920x1080,none,721,127.519,135.4861,1247
GOPR5847_004,train,lake,1920x1080,none,721,135.4861,143.9509,1271
GOPR5847_004,train,lake,1920x1080,none,721,143.9509,152.9446,1250
GOPR5847_004,train,lake,1920x1080,none,721,152.9446,162.5001,1148
GOPR5847_004,train,lake,1920x1080,none,721,162.5001,172.6527,976
GOPR5847_004,train,lake,1920x1080,none,721,172.6527,183.4396,937
GOPR5847_004,train,lake,1920x1080,none,721,183.4396,194.9004,853
GOPR5847_004,train,lake,1920x1080,none,721,194.9004,207.0773,903
GOPR5847_004,train,lake,1920x1080,none,721,207.0773,220.0149,757
GOPR5847_004,train,lake,1920x1080,none,721,220.0149,233.7609,628
GOPR5847_004,train,lake,1920x1080,none,721,233.7609,248.3657,635
GOPR5847_004,train,lake,1920x1080,none,721,248.3657,263.8829,525
GOPR5847_004,train,lake,1920x1080,none,721,263.8829,280.3696,532
GOPR5847_004,train,lake,1920x1080,none,721,280.3696,297.8864,547
GOPR5847_004,train,lake,1920x1080,none,721,297.8864,316.4975,556
GOPR5847_004,train,lake,1920x1080,none,721,316.4975,336.2714,495
GOPR5847_004,train,lake,1920x1080,none,721,336.2714,357.2808,535
GOPR5847_004,train,lake,1920x1080,none,721,357.2808,379.6028,497
GOPR5847_004,train,lake,1920x1080,none,721,379.6028,403.3193,464
GOPR5847_004,train,lake,1920x1080,none,721,403.3193,428.5177,405
GOPR5847_004,train,lake,1920x1080,none,721,428.5177,455.2903,326
GOPR5847_004,train,lake,1920x1080,none,721,455.2903,483.7357,294
GOPR5847_004,train,lake,1920x1080,none,721,483.7357,513.9582,256
GOPR5847_004,train,lake,1920x1080,none,721,513.9582,546.069,220
GOPR5847_004,train,lake,1920x1080,none,721,546.069,580.1859,244
GOPR5847_004,train,lake,1920x1080,none,721,580.1859,616.4344,198
GOPR5847_004,train,lake,1920x1080,none,721,616.4344,654.9476,209
GOPR5847_004,train,lake,1920x1080,none,721,654.9476,695.867,204
GOPR5847_004,train,lake,1920x1080,none,721,695.867,739.3429,204
GOPR5847_004,train,lake,1920x1080,none,721,739.3429,785.5351,301
GOPR5847_004,train,lake,1920x1080,none,721,785.5351,834.6133,261
GOPR5847_004,train,lake,1920x1080,none,721,834.6133,886.7577,214
GOPR5847_004,train,lake,1920x1080,none,721,886.7577,942.16,165
GOPR5847_004,train,lake,1920x1080,none,721,942.16,1001.0237,153
GOPR5847_004,train,lake,1920x1080,none,721,1001.0237,1063.565,118
GOPR5847_004,train,lake,1920x1080,none,721,1063.565,1130.0138,136
GOPR5847_004,train,lake,1920x1080,none,721,1130.0138,1200.6141,131
GOPR5847_004,train,lake,1920x1080,none,721,1200.6141,1275.6253,140
GOPR5847_004,train,lake,1920x1080,none,721,1275.6253,1355.323,119
GOPR5847_004,train,lake,1920x1080,none,721,1355.323,1440.0,130
GOPR5847_004,train,lake,1920x1080,none,721,1440.0,1529.9674,111
GOPR5847_004,train,lake,1920x1080,none,721,1529.9674,1625.5557,91
GOPR5847_004,train,lake,1920x1080,none,721,1625.5557,1727.1162,96
GOPR5847_004,train,lake,1920x1080,none,721,1727.1162,1835.0219,79
GOPR5847_004,train,lake,1920x1080,none,721,1835.0219,1949.6692,40
GOPR5847_004,train,lake,1920x1080,none,721,1949.6692,2071.4794,48
GOPR5847_004,train,lake,1920x1080,none,721,2071.4794,2200.9,36
GOPR5847_004,train,lake,1920x1080,none,721,2200.9,2338.4064,34
GOPR5847_004,train,lake,1920x1080,none,721,2338.4064,2484.5039,34
GOPR5847_004,train,lake,1920x1080,none,721,2484.5039,2639.7291,58
GOPR5847_004,train,lake,1920x1080,none,721,2639.7291,2804.6525,39
GOPR5847_004,train,lake,1920x1080,none,721,2804.6525,2979.8798,28
GOPR5847_004,train,lake,1920x1080,none,721,2979.8798,3166.0548,21
GOPR5847_004,train,lake,1920x1080,none,721,3166.0548,3363.8616,21
GOPR5847_004,train,lake,1920x1080,none,721,3363.8616,3574.0268,25
GOPR5847_004,train,lake,1920x1080,none,721,3574.0268,3797.3226,22
GOPR5847_004,train,lake,1920x1080,none,721,3797.3226,4034.5693,25
GOPR5847_004,train,lake,1920x1080,none,721,4034.5693,4286.6386,12
GOPR5847_004,train,lake,1920x1080,none,721,4286.6386,4554.4564,15
GOPR5847_004,train,lake,1920x1080,none,721,4554.4564,4839.0069,13
GOPR5847_004,train,lake,1920x1080,none,721,4839.0069,5141.3353,4
GOPR5847_004,train,lake,1920x1080,none,721,5141.3353,5462.5524,5
GOPR5847_004,train,lake,1920x1080,none,721,5462.5524,5803.8383,7
GOPR5847_004,train,lake,1920x1080,none,721,5803.8383,6166.4468,6
GOPR5847_004,train,lake,1920x1080,none,721,6166.4468,6551.7102,4
GOPR5847_004,train,lake,1920x1080,none,721,6551.7102,6961.0438,1
GOPR5847_004,train,lake,1920x1080,none,721,6961.0438,7395.9515,1
GOPR5847_004,train,lake,1920x1080,none,721,7858.031,8348.9801,1
GOPR5847_004,train,lake,1920x1080,none,721,1951665.1031,2073600.0,1
GOPR5847_004,train,lake,1920x1080,open3,721,5.7979,6.1601,236
GOPR5847_004,train,lake,1920x1080,open3,721,7.85,8.3404,96
GOPR5847_004,train,lake,1920x1080,open3,721,8.8615,9.4152,53413
GOPR5847_004,train,lake,1920x1080,open3,721,9.4152,10.0034,54
GOPR5847_004,train,lake,1920x1080,open3,721,10.6284,11.2924,17
GOPR5847_004,train,lake,1920x1080,open3,721,11.998,12.7476,25613
GOPR5847_004,train,lake,1920x1080,open3,721,12.7476,13.544,8
GOPR5847_004,train,lake,1920x1080,open3,721,13.544,14.3902,1903
GOPR5847_004,train,lake,1920x1080,open3,721,14.3902,15.2892,11882
GOPR5847_004,train,lake,1920x1080,open3,721,15.2892,16.2445,3658
GOPR5847_004,train,lake,1920x1080,open3,721,16.2445,17.2594,1927
GOPR5847_004,train,lake,1920x1080,open3,721,17.2594,18.3377,7089
GOPR5847_004,train,lake,1920x1080,open3,721,18.3377,19.4834,3204
GOPR5847_004,train,lake,1920x1080,open3,721,19.4834,20.7007,2692
GOPR5847_004,train,lake,1920x1080,open3,721,20.7007,21.994,3959
GOPR5847_004,train,lake,1920x1080,open3,721,21.994,23.3681,4753
GOPR5847_004,train,lake,1920x1080,open3,721,23.3681,24.8281,3013
GOPR5847_004,train,lake,1920x1080,open3,721,24.8281,26.3793,3866
GOPR5847_004,train,lake,1920x1080,open3,721,26.3793,28.0274,4109
GOPR5847_004,train,lake,1920x1080,open3,721,28.0274,29.7785,1556
GOPR5847_004,train,lake,1920x1080,open3,721,29.7785,31.639,3268
GOPR5847_004,train,lake,1920x1080,open3,721,31.639,33.6157,2911
GOPR5847_004,train,lake,1920x1080,open3,721,33.6157,35.7159,2534
GOPR5847_004,train,lake,1920x1080,open3,721,35.7159,37.9473,2227
GOPR5847_004,train,lake,1920x1080,open3,721,37.9473,40.3182,3015
GOPR5847_004,train,lake,1920x1080,open3,721,40.3182,42.8372,1819
GOPR5847_004,train,lake,1920x1080,open3,721,42.8372,45.5135,2296
GOPR5847_004,train,lake,1920x1080,open3,721,45.5135,48.3571,2004
GOPR5847_004,train,lake,1920x1080,open3,721,48.3571,51.3783,1826
GOPR5847_004,train,lake,1920x1080,open3,721,51.3783,54.5883,1591
GOPR5847_004,train,lake,1920x1080,open3,721,54.5883,57.9988,1364
GOPR5847_004,train,lake,1920x1080,open3,721,57.9988,61.6224,1577
GOPR5847_004,train,lake,1920x1080,open3,721,61.6224,65.4724,1353
GOPR5847_004,train,lake,1920x1080,open3,721,65.4724,69.563,1251
GOPR5847_004,train,lake,1920x1080,open3,721,69.563,73.9091,1117
GOPR5847_004,train,lake,1920x1080,open3,721,73.9091,78.5267,1172
GOPR5847_004,train,lake,1920x1080,open3,721,78.5267,83.4329,1129
GOPR5847_004,train,lake,1920x1080,open3,721,83.4329,88.6455,930
GOPR5847_004,train,lake,1920x1080,open3,721,88.6455,94.1839,990
GOPR5847_004,train,lake,1920x1080,open3,721,94.1839,100.0682,893
GOPR5847_004,train,lake,1920x1080,open3,721,100.0682,106.3202,756
GOPR5847_004,train,lake,1920x1080,open3,721,106.3202,112.9628,692
GOPR5847_004,train,lake,1920x1080,open3,721,112.9628,120.0205,818
GOPR5847_004,train,lake,1920x1080,open3,721,120.0205,127.519,678
GOPR5847_004,train,lake,1920x1080,open3,721,127.519,135.4861,683
GOPR5847_004,train,lake,1920x1080,open3,721,135.4861,143.9509,582
GOPR5847_004,train,lake,1920x1080,open3,721,143.9509,152.9446,613
GOPR5847_004,train,lake,1920x1080,open3,721,152.9446,162.5001,577
GOPR5847_004,train,lake,1920x1080,open3,721,162.5001,172.6527,469
GOPR5847_004,train,lake,1920x1080,open3,721,172.6527,183.4396,426
GOPR5847_004,train,lake,1920x1080,open3,721,183.4396,194.9004,343
GOPR5847_004,train,lake,1920x1080,open3,721,194.9004,207.0773,371
GOPR5847_004,train,lake,1920x1080,open3,721,207.0773,220.0149,294
GOPR5847_004,train,lake,1920x1080,open3,721,220.0149,233.7609,299
GOPR5847_004,train,lake,1920x1080,open3,721,233.7609,248.3657,305
GOPR5847_004,train,lake,1920x1080,open3,721,248.3657,263.8829,261
GOPR5847_004,train,lake,1920x1080,open3,721,263.8829,280.3696,242
GOPR5847_004,train,lake,1920x1080,open3,721,280.3696,297.8864,220
GOPR5847_004,train,lake,1920x1080,open3,721,297.8864,316.4975,237
GOPR5847_004,train,lake,1920x1080,open3,721,316.4975,336.2714,180
GOPR5847_004,train,lake,1920x1080,open3,721,336.2714,357.2808,171
GOPR5847_004,train,lake,1920x1080,open3,721,357.2808,379.6028,165
GOPR5847_004,train,lake,1920x1080,open3,721,379.6028,403.3193,126
GOPR5847_004,train,lake,1920x1080,open3,721,403.3193,428.5177,125
GOPR5847_004,train,lake,1920x1080,open3,721,428.5177,455.2903,156
GOPR5847_004,train,lake,1920x1080,open3,721,455.2903,483.7357,127
GOPR5847_004,train,lake,1920x1080,open3,721,483.7357,513.9582,87
GOPR5847_004,train,lake,1920x1080,open3,721,513.9582,546.069,76
GOPR5847_004,train,lake,1920x1080,open3,721,546.069,580.1859,68
GOPR5847_004,train,lake,1920x1080,open3,721,580.1859,616.4344,82
GOPR5847_004,train,lake,1920x1080,open3,721,616.4344,654.9476,64
GOPR5847_004,train,lake,1920x1080,open3,721,654.9476,695.867,39
GOPR5847_004,train,lake,1920x1080,open3,721,695.867,739.3429,34
GOPR5847_004,train,lake,1920x1080,open3,721,739.3429,785.5351,28
GOPR5847_004,train,lake,1920x1080,open3,721,785.5351,834.6133,31
GOPR5847_004,train,lake,1920x1080,open3,721,834.6133,886.7577,35
GOPR5847_004,train,lake,1920x1080,open3,721,886.7577,942.16,26
GOPR5847_004,train,lake,1920x1080,open3,721,942.16,1001.0237,16
GOPR5847_004,train,lake,1920x1080,open3,721,1001.0237,1063.565,17
GOPR5847_004,train,lake,1920x1080,open3,721,1063.565,1130.0138,18
GOPR5847_004,train,lake,1920x1080,open3,721,1130.0138,1200.6141,15
GOPR5847_004,train,lake,1920x1080,open3,721,1200.6141,1275.6253,18
GOPR5847_004,train,lake,1920x1080,open3,721,1275.6253,1355.323,15
GOPR5847_004,train,lake,1920x1080,open3,721,1355.323,1440.0,11
GOPR5847_004,train,lake,1920x1080,open3,721,1440.0,1529.9674,18
GOPR5847_004,train,lake,1920x1080,open3,721,1529.9674,1625.5557,16
GOPR5847_004,train,lake,1920x1080,open3,721,1625.5557,1727.1162,18
GOPR5847_004,train,lake,1920x1080,open3,721,1727.1162,1835.0219,16
GOPR5847_004,train,lake,1920x1080,open3,721,1835.0219,1949.6692,8
GOPR5847_004,train,lake,1920x1080,open3,721,1949.6692,2071.4794,3
GOPR5847_004,train,lake,1920x1080,open3,721,1951665.1031,2073600.0,1
GOPR5848_002,train,meadow,1920x1080,none,511,1.0,1.0625,840318
GOPR5848_002,train,meadow,1920x1080,none,511,1.9477,2.0694,212565
GOPR5848_002,train,meadow,1920x1080,none,511,2.9768,3.1628,90755
GOPR5848_002,train,meadow,1920x1080,none,511,3.7934,4.0304,51845
GOPR5848_002,train,meadow,1920x1080,none,511,4.8341,5.1361,32452
GOPR5848_002,train,meadow,1920x1080,none,511,5.7979,6.1601,23103
GOPR5848_002,train,meadow,1920x1080,none,511,6.9539,7.3884,17035
GOPR5848_002,train,meadow,1920x1080,none,511,7.85,8.3404,12921
GOPR5848_002,train,meadow,1920x1080,none,511,8.8615,9.4152,10298
GOPR5848_002,train,meadow,1920x1080,none,511,9.4152,10.0034,8211
GOPR5848_002,train,meadow,1920x1080,none,511,10.6284,11.2924,6493
GOPR5848_002,train,meadow,1920x1080,none,511,11.998,12.7476,5275
GOPR5848_002,train,meadow,1920x1080,none,511,12.7476,13.544,4488
GOPR5848_002,train,meadow,1920x1080,none,511,13.544,14.3902,3614
GOPR5848_002,train,meadow,1920x1080,none,511,14.3902,15.2892,3174
GOPR5848_002,train,meadow,1920x1080,none,511,15.2892,16.2445,2722
GOPR5848_002,train,meadow,1920x1080,none,511,16.2445,17.2594,2286
GOPR5848_002,train,meadow,1920x1080,none,511,17.2594,18.3377,2009
GOPR5848_002,train,meadow,1920x1080,none,511,18.3377,19.4834,1723
GOPR5848_002,train,meadow,1920x1080,none,511,19.4834,20.7007,1533
GOPR5848_002,train,meadow,1920x1080,none,511,20.7007,21.994,1289
GOPR5848_002,train,meadow,1920x1080,none,511,21.994,23.3681,2062
GOPR5848_002,train,meadow,1920x1080,none,511,23.3681,24.8281,887
GOPR5848_002,train,meadow,1920x1080,none,511,24.8281,26.3793,1530
GOPR5848_002,train,meadow,1920x1080,none,511,26.3793,28.0274,1172
GOPR5848_002,train,meadow,1920x1080,none,511,28.0274,29.7785,543
GOPR5848_002,train,meadow,1920x1080,none,511,29.7785,31.639,891
GOPR5848_002,train,meadow,1920x1080,none,511,31.639,33.6157,729
GOPR5848_002,train,meadow,1920x1080,none,511,33.6157,35.7159,644
GOPR5848_002,train,meadow,1920x1080,none,511,35.7159,37.9473,544
GOPR5848_002,train,meadow,1920x1080,none,511,37.9473,40.3182,732
GOPR5848_002,train,meadow,1920x1080,none,511,40.3182,42.8372,396
GOPR5848_002,train,meadow,1920x1080,none,511,42.8372,45.5135,432
GOPR5848_002,train,meadow,1920x1080,none,511,45.5135,48.3571,363
GOPR5848_002,train,meadow,1920x1080,none,511,48.3571,51.3783,227
GOPR5848_002,train,meadow,1920x1080,none,511,51.3783,54.5883,225
GOPR5848_002,train,meadow,1920x1080,none,511,54.5883,57.9988,180
GOPR5848_002,train,meadow,1920x1080,none,511,57.9988,61.6224,199
GOPR5848_002,train,meadow,1920x1080,none,511,61.6224,65.4724,167
GOPR5848_002,train,meadow,1920x1080,none,511,65.4724,69.563,125
GOPR5848_002,train,meadow,1920x1080,none,511,69.563,73.9091,99
GOPR5848_002,train,meadow,1920x1080,none,511,73.9091,78.5267,97
GOPR5848_002,train,meadow,1920x1080,none,511,78.5267,83.4329,86
GOPR5848_002,train,meadow,1920x1080,none,511,83.4329,88.6455,81
GOPR5848_002,train,meadow,1920x1080,none,511,88.6455,94.1839,108
GOPR5848_002,train,meadow,1920x1080,none,511,94.1839,100.0682,75
GOPR5848_002,train,meadow,1920x1080,none,511,100.0682,106.3202,37
GOPR5848_002,train,meadow,1920x1080,none,511,106.3202,112.9628,29
GOPR5848_002,train,meadow,1920x1080,none,511,112.9628,120.0205,12
GOPR5848_002,train,meadow,1920x1080,none,511,120.0205,127.519,21
GOPR5848_002,train,meadow,1920x1080,none,511,127.519,135.4861,30
GOPR5848_002,train,meadow,1920x1080,none,511,135.4861,143.9509,12
GOPR5848_002,train,meadow,1920x1080,none,511,143.9509,152.9446,11
GOPR5848_002,train,meadow,1920x1080,none,511,152.9446,162.5001,9
GOPR5848_002,train,meadow,1920x1080,none,511,162.5001,172.6527,9
GOPR5848_002,train,meadow,1920x1080,none,511,172.6527,183.4396,8
GOPR5848_002,train,meadow,1920x1080,none,511,183.4396,194.9004,6
GOPR5848_002,train,meadow,1920x1080,none,511,194.9004,207.0773,10
GOPR5848_002,train,meadow,1920x1080,none,511,207.0773,220.0149,8
GOPR5848_002,train,meadow,1920x1080,none,511,220.0149,233.7609,6
GOPR5848_002,train,meadow,1920x1080,none,511,233.7609,248.3657,4
GOPR5848_002,train,meadow,1920x1080,none,511,248.3657,263.8829,3
GOPR5848_002,train,meadow,1920x1080,none,511,263.8829,280.3696,2
GOPR5848_002,train,meadow,1920x1080,none,511,280.3696,297.8864,4
GOPR5848_002,train,meadow,1920x1080,none,511,297.8864,316.4975,5
GOPR5848_002,train,meadow,1920x1080,none,511,316.4975,336.2714,6
GOPR5848_002,train,meadow,1920x1080,none,511,336.2714,357.2808,6
GOPR5848_002,train,meadow,1920x1080,none,511,357.2808,379.6028,5
GOPR5848_002,train,meadow,1920x1080,none,511,379.6028,403.3193,8
GOPR5848_002,train,meadow,1920x1080,none,511,403.3193,428.5177,10
GOPR5848_002,train,meadow,1920x1080,none,511,428.5177,455.2903,11
GOPR5848_002,train,meadow,1920x1080,none,511,455.2903,483.7357,11
GOPR5848_002,train,meadow,1920x1080,none,511,483.7357,513.9582,3
GOPR5848_002,train,meadow,1920x1080,none,511,513.9582,546.069,3
GOPR5848_002,train,meadow,1920x1080,none,511,546.069,580.1859,1
GOPR5848_002,train,meadow,1920x1080,none,511,1951665.1031,2073600.0,1
GOPR5848_002,train,meadow,1920x1080,open3,511,5.7979,6.1601,157
GOPR5848_002,train,meadow,1920x1080,open3,511,7.85,8.3404,21
GOPR5848_002,train,meadow,1920x1080,open3,511,8.8615,9.4152,3541
GOPR5848_002,train,meadow,1920x1080,open3,511,9.4152,10.0034,10
GOPR5848_002,train,meadow,1920x1080,open3,511,10.6284,11.2924,10
GOPR5848_002,train,meadow,1920x1080,open3,511,11.998,12.7476,976
GOPR5848_002,train,meadow,1920x1080,open3,511,12.7476,13.544,2
GOPR5848_002,train,meadow,1920x1080,open3,511,13.544,14.3902,122
GOPR5848_002,train,meadow,1920x1080,open3,511,14.3902,15.2892,424
GOPR5848_002,train,meadow,1920x1080,open3,511,15.2892,16.2445,89
GOPR5848_002,train,meadow,1920x1080,open3,511,16.2445,17.2594,105
GOPR5848_002,train,meadow,1920x1080,open3,511,17.2594,18.3377,237
GOPR5848_002,train,meadow,1920x1080,open3,511,18.3377,19.4834,86
GOPR5848_002,train,meadow,1920x1080,open3,511,19.4834,20.7007,80
GOPR5848_002,train,meadow,1920x1080,open3,511,20.7007,21.994,122
GOPR5848_002,train,meadow,1920x1080,open3,511,21.994,23.3681,90
GOPR5848_002,train,meadow,1920x1080,open3,511,23.3681,24.8281,58
GOPR5848_002,train,meadow,1920x1080,open3,511,24.8281,26.3793,76
GOPR5848_002,train,meadow,1920x1080,open3,511,26.3793,28.0274,63
GOPR5848_002,train,meadow,1920x1080,open3,511,28.0274,29.7785,30
GOPR5848_002,train,meadow,1920x1080,open3,511,29.7785,31.639,51
GOPR5848_002,train,meadow,1920x1080,open3,511,31.639,33.6157,58
GOPR5848_002,train,meadow,1920x1080,open3,511,33.6157,35.7159,38
GOPR5848_002,train,meadow,1920x1080,open3,511,35.7159,37.9473,35
GOPR5848_002,train,meadow,1920x1080,open3,511,37.9473,40.3182,20
GOPR5848_002,train,meadow,1920x1080,open3,511,40.3182,42.8372,25
GOPR5848_002,train,meadow,1920x1080,open3,511,42.8372,45.5135,44
GOPR5848_002,train,meadow,1920x1080,open3,511,45.5135,48.3571,53
GOPR5848_002,train,meadow,1920x1080,open3,511,48.3571,51.3783,28
GOPR5848_002,train,meadow,1920x1080,open3,511,51.3783,54.5883,21
GOPR5848_002,train,meadow,1920x1080,open3,511,54.5883,57.9988,36
GOPR5848_002,train,meadow,1920x1080,open3,511,57.9988,61.6224,35
GOPR5848_002,train,meadow,1920x1080,open3,511,61.6224,65.4724,13
GOPR5848_002,train,meadow,1920x1080,open3,511,65.4724,69.563,13
GOPR5848_002,train,meadow,1920x1080,open3,511,69.563,73.9091,6
GOPR5848_002,train,meadow,1920x1080,open3,511,73.9091,78.5267,5
GOPR5848_002,train,meadow,1920x1080,open3,511,78.5267,83.4329,18
GOPR5848_002,train,meadow,1920x1080,open3,511,83.4329,88.6455,4
GOPR5848_002,train,meadow,1920x1080,open3,511,88.6455,94.1839,11
GOPR5848_002,train,meadow,1920x1080,open3,511,94.1839,100.0682,8
GOPR5848_002,train,meadow,1920x1080,open3,511,100.0682,106.3202,10
GOPR5848_002,train,meadow,1920x1080,open3,511,106.3202,112.9628,5
GOPR5848_002,train,meadow,1920x1080,open3,511,112.9628,120.0205,5
GOPR5848_002,train,meadow,1920x1080,open3,511,120.0205,127.519,2
GOPR5848_002,train,meadow,1920x1080,open3,511,135.4861,143.9509,5
GOPR5848_002,train,meadow,1920x1080,open3,511,143.9509,152.9446,3
GOPR5848_002,train,meadow,1920x1080,open3,511,152.9446,162.5001,6
GOPR5848_002,train,meadow,1920x1080,open3,511,162.5001,172.6527,2
GOPR5848_002,train,meadow,1920x1080,open3,511,172.6527,183.4396,2
GOPR5848_002,train,meadow,1920x1080,open3,511,183.4396,194.9004,2
GOPR5848_002,train,meadow,1920x1080,open3,511,194.9004,207.0773,2
GOPR5848_002,train,meadow,1920x1080,open3,511,207.0773,220.0149,3
GOPR5848_002,train,meadow,1920x1080,open3,511,220.0149,233.7609,2
GOPR5848_002,train,meadow,1920x1080,open3,511,233.7609,248.3657,3
GOPR5848_002,train,meadow,1920x1080,open3,511,248.3657,263.8829,1
GOPR5848_002,train,meadow,1920x1080,open3,511,263.8829,280.3696,5
GOPR5848_002,train,meadow,1920x1080,open3,511,280.3696,297.8864,2
GOPR5848_002,train,meadow,1920x1080,open3,511,297.8864,316.4975,2
GOPR5848_002,train,meadow,1920x1080,open3,511,316.4975,336.2714,4
GOPR5848_002,train,meadow,1920x1080,open3,511,336.2714,357.2808,7
GOPR5848_002,train,meadow,1920x1080,open3,511,357.2808,379.6028,11
GOPR5848_002,train,meadow,1920x1080,open3,511,379.6028,403.3193,10
GOPR5848_002,train,meadow,1920x1080,open3,511,403.3193,428.5177,8
GOPR5848_002,train,meadow,1920x1080,open3,511,428.5177,455.2903,4
GOPR5848_002,train,meadow,1920x1080,open3,511,455.2903,483.7357,2
GOPR5848_002,train,meadow,1920x1080,open3,511,483.7357,513.9582,2
GOPR5848_002,train,meadow,1920x1080,open3,511,1951665.1031,2073600.0,1
GOPR5848_004,train,meadow,1920x1080,none,691,1.0,1.0625,1183341
GOPR5848_004,train,meadow,1920x1080,none,691,1.9477,2.0694,311927
GOPR5848_004,train,meadow,1920x1080,none,691,2.9768,3.1628,134951
GOPR5848_004,train,meadow,1920x1080,none,691,3.7934,4.0304,76907
GOPR5848_004,train,meadow,1920x1080,none,691,4.8341,5.1361,49382
GOPR5848_004,train,meadow,1920x1080,none,691,5.7979,6.1601,34332
GOPR5848_004,train,meadow,1920x1080,none,691,6.9539,7.3884,24904
GOPR5848_004,train,meadow,1920x1080,none,691,7.85,8.3404,19411
GOPR5848_004,train,meadow,1920x1080,none,691,8.8615,9.4152,15447
GOPR5848_004,train,meadow,1920x1080,none,691,9.4152,10.0034,12495
GOPR5848_004,train,meadow,1920x1080,none,691,10.6284,11.2924,10724
GOPR5848_004,train,meadow,1920x1080,none,691,11.998,12.7476,8739
GOPR5848_004,train,meadow,1920x1080,none,691,12.7476,13.544,7558
GOPR5848_004,train,meadow,1920x1080,none,691,13.544,14.3902,6308
GOPR5848_004,train,meadow,1920x1080,none,691,14.3902,15.2892,5545
GOPR5848_004,train,meadow,1920x1080,none,691,15.2892,16.2445,4619
GOPR5848_004,train,meadow,1920x1080,none,691,16.2445,17.2594,4124
GOPR5848_004,train,meadow,1920x1080,none,691,17.2594,18.3377,3803
GOPR5848_004,train,meadow,1920x1080,none,691,18.3377,19.4834,3392
GOPR5848_004,train,meadow,1920x1080,none,691,19.4834,20.7007,2947
GOPR5848_004,train,meadow,1920x1080,none,691,20.7007,21.994,2693
GOPR5848_004,train,meadow,1920x1080,none,691,21.994,23.3681,4665
GOPR5848_004,train,meadow,1920x1080,none,691,23.3681,24.8281,2028
GOPR5848_004,train,meadow,1920x1080,none,691,24.8281,26.3793,3384
GOPR5848_004,train,meadow,1920x1080,none,691,26.3793,28.0274,3115
GOPR5848_004,train,meadow,1920x1080,none,691,28.0274,29.7785,1305
GOPR5848_004,train,meadow,1920x1080,none,691,29.7785,31.639,2423
GOPR5848_004,train,meadow,1920x1080,none,691,31.639,33.6157,2098
GOPR5848_004,train,meadow,1920x1080,none,691,33.6157,35.7159,1792
GOPR5848_004,train,meadow,1920x1080,none,691,35.7159,37.9473,1643
GOPR5848_004,train,meadow,1920x1080,none,691,37.9473,40.3182,1984
GOPR5848_004,train,meadow,1920x1080,none,691,40.3182,42.8372,1196
GOPR5848_004,train,meadow,1920x1080,none,691,42.8372,45.5135,1568
GOPR5848_004,train,meadow,1920x1080,none,691,45.5135,48.3571,1061
GOPR5848_004,train,meadow,1920x1080,none,691,48.3571,51.3783,884
GOPR5848_004,train,meadow,1920x1080,none,691,51.3783,54.5883,785
GOPR5848_004,train,meadow,1920x1080,none,691,54.5883,57.9988,630
GOPR5848_004,train,meadow,1920x1080,none,691,57.9988,61.6224,633
GOPR5848_004,train,meadow,1920x1080,none,691,61.6224,65.4724,615
GOPR5848_004,train,meadow,1920x1080,none,691,65.4724,69.563,546
GOPR5848_004,train,meadow,1920x1080,none,691,69.563,73.9091,464
GOPR5848_004,train,meadow,1920x1080,none,691,73.9091,78.5267,436
GOPR5848_004,train,meadow,1920x1080,none,691,78.5267,83.4329,366
GOPR5848_004,train,meadow,1920x1080,none,691,83.4329,88.6455,305
GOPR5848_004,train,meadow,1920x1080,none,691,88.6455,94.1839,241
GOPR5848_004,train,meadow,1920x1080,none,691,94.1839,100.0682,226
GOPR5848_004,train,meadow,1920x1080,none,691,100.0682,106.3202,246
GOPR5848_004,train,meadow,1920x1080,none,691,106.3202,112.9628,190
GOPR5848_004,train,meadow,1920x1080,none,691,112.9628,120.0205,204
GOPR5848_004,train,meadow,1920x1080,none,691,120.0205,127.519,187
GOPR5848_004,train,meadow,1920x1080,none,691,127.519,135.4861,118
GOPR5848_004,train,meadow,1920x1080,none,691,135.4861,143.9509,118
GOPR5848_004,train,meadow,1920x1080,none,691,143.9509,152.9446,113
GOPR5848_004,train,meadow,1920x1080,none,691,152.9446,162.5001,103
GOPR5848_004,train,meadow,1920x1080,none,691,162.5001,172.6527,122
GOPR5848_004,train,meadow,1920x1080,none,691,172.6527,183.4396,143
GOPR5848_004,train,meadow,1920x1080,none,691,183.4396,194.9004,42
GOPR5848_004,train,meadow,1920x1080,none,691,194.9004,207.0773,28
GOPR5848_004,train,meadow,1920x1080,none,691,207.0773,220.0149,14
GOPR5848_004,train,meadow,1920x1080,none,691,220.0149,233.7609,13
GOPR5848_004,train,meadow,1920x1080,none,691,233.7609,248.3657,7
GOPR5848_004,train,meadow,1920x1080,none,691,248.3657,263.8829,11
GOPR5848_004,train,meadow,1920x1080,none,691,263.8829,280.3696,14
GOPR5848_004,train,meadow,1920x1080,none,691,280.3696,297.8864,32
GOPR5848_004,train,meadow,1920x1080,none,691,297.8864,316.4975,13
GOPR5848_004,train,meadow,1920x1080,none,691,316.4975,336.2714,7
GOPR5848_004,train,meadow,1920x1080,none,691,336.2714,357.2808,12
GOPR5848_004,train,meadow,1920x1080,none,691,357.2808,379.6028,8
GOPR5848_004,train,meadow,1920x1080,none,691,379.6028,403.3193,13
GOPR5848_004,train,meadow,1920x1080,none,691,403.3193,428.5177,8
GOPR5848_004,train,meadow,1920x1080,none,691,428.5177,455.2903,20
GOPR5848_004,train,meadow,1920x1080,none,691,455.2903,483.7357,19
GOPR5848_004,train,meadow,1920x1080,none,691,483.7357,513.9582,8
GOPR5848_004,train,meadow,1920x1080,none,691,513.9582,546.069,7
GOPR5848_004,train,meadow,1920x1080,none,691,546.069,580.1859,7
GOPR5848_004,train,meadow,1920x1080,none,691,580.1859,616.4344,7
GOPR5848_004,train,meadow,1920x1080,none,691,616.4344,654.9476,7
GOPR5848_004,train,meadow,1920x1080,none,691,654.9476,695.867,12
GOPR5848_004,train,meadow,1920x1080,none,691,695.867,739.3429,24
GOPR5848_004,train,meadow,1920x1080,none,691,739.3429,785.5351,10
GOPR5848_004,train,meadow,1920x1080,none,691,785.5351,834.6133,7
GOPR5848_004,train,meadow,1920x1080,none,691,834.6133,886.7577,7
GOPR5848_004,train,meadow,1920x1080,none,691,886.7577,942.16,1
GOPR5848_004,train,meadow,1920x1080,none,691,942.16,1001.0237,2
GOPR5848_004,train,meadow,1920x1080,none,691,1001.0237,1063.565,1
GOPR5848_004,train,meadow,1920x1080,none,691,1063.565,1130.0138,3
GOPR5848_004,train,meadow,1920x1080,none,691,1130.0138,1200.6141,2
GOPR5848_004,train,meadow,1920x1080,none,691,1200.6141,1275.6253,2
GOPR5848_004,train,meadow,1920x1080,none,691,1275.6253,1355.323,1
GOPR5848_004,train,meadow,1920x1080,none,691,1355.323,1440.0,3
GOPR5848_004,train,meadow,1920x1080,none,691,1440.0,1529.9674,1
GOPR5848_004,train,meadow,1920x1080,none,691,1529.9674,1625.5557,4
GOPR5848_004,train,meadow,1920x1080,none,691,1727.1162,1835.0219,2
GOPR5848_004,train,meadow,1920x1080,none,691,1835.0219,1949.6692,1
GOPR5848_004,train,meadow,1920x1080,none,691,1949.6692,2071.4794,2
GOPR5848_004,train,meadow,1920x1080,none,691,2071.4794,2200.9,1
GOPR5848_004,train,meadow,1920x1080,none,691,2200.9,2338.4064,1
GOPR5848_004,train,meadow,1920x1080,none,691,2484.5039,2639.7291,3
GOPR5848_004,train,meadow,1920x1080,none,691,2639.7291,2804.6525,1
GOPR5848_004,train,meadow,1920x1080,none,691,2804.6525,2979.8798,2
GOPR5848_004,train,meadow,1920x1080,none,691,2979.8798,3166.0548,3
GOPR5848_004,train,meadow,1920x1080,none,691,3166.0548,3363.8616,3
GOPR5848_004,train,meadow,1920x1080,none,691,3363.8616,3574.0268,3
GOPR5848_004,train,meadow,1920x1080,none,691,3574.0268,3797.3226,3
GOPR5848_004,train,meadow,1920x1080,none,691,3797.3226,4034.5693,1
GOPR5848_004,train,meadow,1920x1080,none,691,1951665.1031,2073600.0,1
GOPR5848_004,train,meadow,1920x1080,open3,691,5.7979,6.1601,108
GOPR5848_004,train,meadow,1920x1080,open3,691,7.85,8.3404,49
GOPR5848_004,train,meadow,1920x1080,open3,691,8.8615,9.4152,11888
GOPR5848_004,train,meadow,1920x1080,open3,691,9.4152,10.0034,21
GOPR5848_004,train,meadow,1920x1080,open3,691,10.6284,11.2924,3
GOPR5848_004,train,meadow,1920x1080,open3,691,11.998,12.7476,4149
GOPR5848_004,train,meadow,1920x1080,open3,691,12.7476,13.544,1
GOPR5848_004,train,meadow,1920x1080,open3,691,13.544,14.3902,531
GOPR5848_004,train,meadow,1920x1080,open3,691,14.3902,15.2892,1876
GOPR5848_004,train,meadow,1920x1080,open3,691,15.2892,16.2445,594
GOPR5848_004,train,meadow,1920x1080,open3,691,16.2445,17.2594,440
GOPR5848_004,train,meadow,1920x1080,open3,691,17.2594,18.3377,1171
GOPR5848_004,train,meadow,1920x1080,open3,691,18.3377,19.4834,390
GOPR5848_004,train,meadow,1920x1080,open3,691,19.4834,20.7007,358
GOPR5848_004,train,meadow,1920x1080,open3,691,20.7007,21.994,703
GOPR5848_004,train,meadow,1920x1080,open3,691,21.994,23.3681,696
GOPR5848_004,train,meadow,1920x1080,open3,691,23.3681,24.8281,445
GOPR5848_004,train,meadow,1920x1080,open3,691,24.8281,26.3793,527
GOPR5848_004,train,meadow,1920x1080,open3,691,26.3793,28.0274,680
GOPR5848_004,train,meadow,1920x1080,open3,691,28.0274,29.7785,208
GOPR5848_004,train,meadow,1920x1080,open3,691,29.7785,31.639,422
GOPR5848_004,train,meadow,1920x1080,open3,691,31.639,33.6157,337
GOPR5848_004,train,meadow,1920x1080,open3,691,33.6157,35.7159,309
GOPR5848_004,train,meadow,1920x1080,open3,691,35.7159,37.9473,259
GOPR5848_004,train,meadow,1920x1080,open3,691,37.9473,40.3182,275
GOPR5848_004,train,meadow,1920x1080,open3,691,40.3182,42.8372,170
GOPR5848_004,train,meadow,1920x1080,open3,691,42.8372,45.5135,178
GOPR5848_004,train,meadow,1920x1080,open3,691,45.5135,48.3571,148
GOPR5848_004,train,meadow,1920x1080,open3,691,48.3571,51.3783,105
GOPR5848_004,train,meadow,1920x1080,open3,691,51.3783,54.5883,102
GOPR5848_004,train,meadow,1920x1080,open3,691,54.5883,57.9988,86
GOPR5848_004,train,meadow,1920x1080,open3,691,57.9988,61.6224,69
GOPR5848_004,train,meadow,1920x1080,open3,691,61.6224,65.4724,75
GOPR5848_004,train,meadow,1920x1080,open3,691,65.4724,69.563,104
GOPR5848_004,train,meadow,1920x1080,open3,691,69.563,73.9091,75
GOPR5848_004,train,meadow,1920x1080,open3,691,73.9091,78.5267,89
GOPR5848_004,train,meadow,1920x1080,open3,691,78.5267,83.4329,82
GOPR5848_004,train,meadow,1920x1080,open3,691,83.4329,88.6455,73
GOPR5848_004,train,meadow,1920x1080,open3,691,88.6455,94.1839,76
GOPR5848_004,train,meadow,1920x1080,open3,691,94.1839,100.0682,69
GOPR5848_004,train,meadow,1920x1080,open3,691,100.0682,106.3202,40
GOPR5848_004,train,meadow,1920x1080,open3,691,106.3202,112.9628,49
GOPR5848_004,train,meadow,1920x1080,open3,691,112.9628,120.0205,21
GOPR5848_004,train,meadow,1920x1080,open3,691,120.0205,127.519,16
GOPR5848_004,train,meadow,1920x1080,open3,691,127.519,135.4861,10
GOPR5848_004,train,meadow,1920x1080,open3,691,135.4861,143.9509,7
GOPR5848_004,train,meadow,1920x1080,open3,691,143.9509,152.9446,6
GOPR5848_004,train,meadow,1920x1080,open3,691,152.9446,162.5001,5
GOPR5848_004,train,meadow,1920x1080,open3,691,162.5001,172.6527,4
GOPR5848_004,train,meadow,1920x1080,open3,691,172.6527,183.4396,6
GOPR5848_004,train,meadow,1920x1080,open3,691,183.4396,194.9004,5
GOPR5848_004,train,meadow,1920x1080,open3,691,194.9004,207.0773,6
GOPR5848_004,train,meadow,1920x1080,open3,691,207.0773,220.0149,8
GOPR5848_004,train,meadow,1920x1080,open3,691,220.0149,233.7609,5
GOPR5848_004,train,meadow,1920x1080,open3,691,233.7609,248.3657,13
GOPR5848_004,train,meadow,1920x1080,open3,691,248.3657,263.8829,12
GOPR5848_004,train,meadow,1920x1080,open3,691,263.8829,280.3696,10
GOPR5848_004,train,meadow,1920x1080,open3,691,280.3696,297.8864,9
GOPR5848_004,train,meadow,1920x1080,open3,691,297.8864,316.4975,13
GOPR5848_004,train,meadow,1920x1080,open3,691,316.4975,336.2714,9
GOPR5848_004,train,meadow,1920x1080,open3,691,336.2714,357.2808,5
GOPR5848_004,train,meadow,1920x1080,open3,691,357.2808,379.6028,3
GOPR5848_004,train,meadow,1920x1080,open3,691,379.6028,403.3193,5
GOPR5848_004,train,meadow,1920x1080,open3,691,403.3193,428.5177,5
GOPR5848_004,train,meadow,1920x1080,open3,691,428.5177,455.2903,7
GOPR5848_004,train,meadow,1920x1080,open3,691,455.2903,483.7357,10
GOPR5848_004,train,meadow,1920x1080,open3,691,483.7357,513.9582,6
GOPR5848_004,train,meadow,1920x1080,open3,691,513.9582,546.069,13
GOPR5848_004,train,meadow,1920x1080,open3,691,546.069,580.1859,15
GOPR5848_004,train,meadow,1920x1080,open3,691,580.1859,616.4344,10
GOPR5848_004,train,meadow,1920x1080,open3,691,616.4344,654.9476,10
GOPR5848_004,train,meadow,1920x1080,open3,691,654.9476,695.867,10
GOPR5848_004,train,meadow,1920x1080,open3,691,739.3429,785.5351,1
GOPR5848_004,train,meadow,1920x1080,open3,691,785.5351,834.6133,1
GOPR5848_004,train,meadow,1920x1080,open3,691,834.6133,886.7577,2
GOPR5848_004,train,meadow,1920x1080,open3,691,886.7577,942.16,3
GOPR5848_004,train,meadow,1920x1080,open3,691,942.16,1001.0237,1
GOPR5848_004,train,meadow,1920x1080,open3,691,1001.0237,1063.565,1
GOPR5848_004,train,meadow,1920x1080,open3,691,1063.565,1130.0138,1
GOPR5848_004,train,meadow,1920x1080,open3,691,1130.0138,1200.6141,2
GOPR5848_004,train,meadow,1920x1080,open3,691,1200.6141,1275.6253,5
GOPR5848_004,train,meadow,1920x1080,open3,691,1275.6253,1355.323,2
GOPR5848_004,train,meadow,1920x1080,open3,691,1355.323,1440.0,1
GOPR5848_004,train,meadow,1920x1080,open3,691,1440.0,1529.9674,1
GOPR5848_004,train,meadow,1920x1080,open3,691,1625.5557,1727.1162,1
GOPR5848_004,train,meadow,1920x1080,open3,691,1727.1162,1835.0219,2
GOPR5848_004,train,meadow,1920x1080,open3,691,1835.0219,1949.6692,1
GOPR5848_004,train,meadow,1920x1080,open3,691,1949.6692,2071.4794,1
GOPR5848_004,train,meadow,1920x1080,open3,691,2071.4794,2200.9,2
GOPR5848_004,train,meadow,1920x1080,open3,691,2200.9,2338.4064,2
GOPR5848_004,train,meadow,1920x1080,open3,691,2484.5039,2639.7291,2
GOPR5848_004,train,meadow,1920x1080,open3,691,2804.6525,2979.8798,3
GOPR5848_004,train,meadow,1920x1080,open3,691,2979.8798,3166.0548,4
GOPR5848_004,train,meadow,1920x1080,open3,691,3166.0548,3363.8616,2
GOPR5848_004,train,meadow,1920x1080,open3,691,3363.8616,3574.0268,2
GOPR5848_004,train,meadow,1920x1080,open3,691,3574.0268,3797.3226,2
GOPR5848_004,train,meadow,1920x1080,open3,691,3797.3226,4034.5693,1
GOPR5848_004,train,meadow,1920x1080,open3,691,1951665.1031,2073600.0,1
gopro_000,train,gopro_fisheye,1920x1080,none,481,1.0,1.0625,6082258
gopro_000,train,gopro_fisheye,1920x1080,none,481,1.9477,2.0694,1989743
gopro_000,train,gopro_fisheye,1920x1080,none,481,2.9768,3.1628,957506
gopro_000,train,gopro_fisheye,1920x1080,none,481,3.7934,4.0304,579946
gopro_000,train,gopro_fisheye,1920x1080,none,481,4.8341,5.1361,380627
gopro_000,train,gopro_fisheye,1920x1080,none,481,5.7979,6.1601,270230
gopro_000,train,gopro_fisheye,1920x1080,none,481,6.9539,7.3884,200056
gopro_000,train,gopro_fisheye,1920x1080,none,481,7.85,8.3404,154505
gopro_000,train,gopro_fisheye,1920x1080,none,481,8.8615,9.4152,120237
gopro_000,train,gopro_fisheye,1920x1080,none,481,9.4152,10.0034,96500
gopro_000,train,gopro_fisheye,1920x1080,none,481,10.6284,11.2924,78103
gopro_000,train,gopro_fisheye,1920x1080,none,481,11.998,12.7476,65262
gopro_000,train,gopro_fisheye,1920x1080,none,481,12.7476,13.544,54265
gopro_000,train,gopro_fisheye,1920x1080,none,481,13.544,14.3902,45956
gopro_000,train,gopro_fisheye,1920x1080,none,481,14.3902,15.2892,39166
gopro_000,train,gopro_fisheye,1920x1080,none,481,15.2892,16.2445,34159
gopro_000,train,gopro_fisheye,1920x1080,none,481,16.2445,17.2594,29622
gopro_000,train,gopro_fisheye,1920x1080,none,481,17.2594,18.3377,26138
gopro_000,train,gopro_fisheye,1920x1080,none,481,18.3377,19.4834,22613
gopro_000,train,gopro_fisheye,1920x1080,none,481,19.4834,20.7007,20041
gopro_000,train,gopro_fisheye,1920x1080,none,481,20.7007,21.994,18100
gopro_000,train,gopro_fisheye,1920x1080,none,481,21.994,23.3681,30246
gopro_000,train,gopro_fisheye,1920x1080,none,481,23.3681,24.8281,13094
gopro_000,train,gopro_fisheye,1920x1080,none,481,24.8281,26.3793,22604
gopro_000,train,gopro_fisheye,1920x1080,none,481,26.3793,28.0274,18520
gopro_000,train,gopro_fisheye,1920x1080,none,481,28.0274,29.7785,8151
gopro_000,train,gopro_fisheye,1920x1080,none,481,29.7785,31.639,14375
gopro_000,train,gopro_fisheye,1920x1080,none,481,31.639,33.6157,12440
gopro_000,train,gopro_fisheye,1920x1080,none,481,33.6157,35.7159,10693
gopro_000,train,gopro_fisheye,1920x1080,none,481,35.7159,37.9473,9312
gopro_000,train,gopro_fisheye,1920x1080,none,481,37.9473,40.3182,11628
gopro_000,train,gopro_fisheye,1920x1080,none,481,40.3182,42.8372,6823
gopro_000,train,gopro_fisheye,1920x1080,none,481,42.8372,45.5135,8738
gopro_000,train,gopro_fisheye,1920x1080,none,481,45.5135,48.3571,7416
gopro_000,train,gopro_fisheye,1920x1080,none,481,48.3571,51.3783,6348
gopro_000,train,gopro_fisheye,1920x1080,none,481,51.3783,54.5883,5762
gopro_000,train,gopro_fisheye,1920x1080,none,481,54.5883,57.9988,4889
gopro_000,train,gopro_fisheye,1920x1080,none,481,57.9988,61.6224,5633
gopro_000,train,gopro_fisheye,1920x1080,none,481,61.6224,65.4724,4689
gopro_000,train,gopro_fisheye,1920x1080,none,481,65.4724,69.563,3936
gopro_000,train,gopro_fisheye,1920x1080,none,481,69.563,73.9091,3421
gopro_000,train,gopro_fisheye,1920x1080,none,481,73.9091,78.5267,3783
gopro_000,train,gopro_fisheye,1920x1080,none,481,78.5267,83.4329,3248
gopro_000,train,gopro_fisheye,1920x1080,none,481,83.4329,88.6455,2863
gopro_000,train,gopro_fisheye,1920x1080,none,481,88.6455,94.1839,2918
gopro_000,train,gopro_fisheye,1920x1080,none,481,94.1839,100.0682,2399
gopro_000,train,gopro_fisheye,1920x1080,none,481,100.0682,106.3202,2206
gopro_000,train,gopro_fisheye,1920x1080,none,481,106.3202,112.9628,1891
gopro_000,train,gopro_fisheye,1920x1080,none,481,112.9628,120.0205,2187
gopro_000,train,gopro_fisheye,1920x1080,none,481,120.0205,127.519,1695
gopro_000,train,gopro_fisheye,1920x1080,none,481,127.519,135.4861,1685
gopro_000,train,gopro_fisheye,1920x1080,none,481,135.4861,143.9509,1408
gopro_000,train,gopro_fisheye,1920x1080,none,481,143.9509,152.9446,1318
gopro_000,train,gopro_fisheye,1920x1080,none,481,152.9446,162.5001,1177
gopro_000,train,gopro_fisheye,1920x1080,none,481,162.5001,172.6527,1144
gopro_000,train,gopro_fisheye,1920x1080,none,481,172.6527,183.4396,1131
gopro_000,train,gopro_fisheye,1920x1080,none,481,183.4396,194.9004,1012
gopro_000,train,gopro_fisheye,1920x1080,none,481,194.9004,207.0773,1059
gopro_000,train,gopro_fisheye,1920x1080,none,481,207.0773,220.0149,891
gopro_000,train,gopro_fisheye,1920x1080,none,481,220.0149,233.7609,753
gopro_000,train,gopro_fisheye,1920x1080,none,481,233.7609,248.3657,752
gopro_000,train,gopro_fisheye,1920x1080,none,481,248.3657,263.8829,593
gopro_000,train,gopro_fisheye,1920x1080,none,481,263.8829,280.3696,640
gopro_000,train,gopro_fisheye,1920x1080,none,481,280.3696,297.8864,563
gopro_000,train,gopro_fisheye,1920x1080,none,481,297.8864,316.4975,503
gopro_000,train,gopro_fisheye,1920x1080,none,481,316.4975,336.2714,467
gopro_000,train,gopro_fisheye,1920x1080,none,481,336.2714,357.2808,404
gopro_000,train,gopro_fisheye,1920x1080,none,481,357.2808,379.6028,378
gopro_000,train,gopro_fisheye,1920x1080,none,481,379.6028,403.3193,339
gopro_000,train,gopro_fisheye,1920x1080,none,481,403.3193,428.5177,305
gopro_000,train,gopro_fisheye,1920x1080,none,481,428.5177,455.2903,312
gopro_000,train,gopro_fisheye,1920x1080,none,481,455.2903,483.7357,286
gopro_000,train,gopro_fisheye,1920x1080,none,481,483.7357,513.9582,221
gopro_000,train,gopro_fisheye,1920x1080,none,481,513.9582,546.069,230
gopro_000,train,gopro_fisheye,1920x1080,none,481,546.069,580.1859,201
gopro_000,train,gopro_fisheye,1920x1080,none,481,580.1859,616.4344,183
gopro_000,train,gopro_fisheye,1920x1080,none,481,616.4344,654.9476,150
gopro_000,train,gopro_fisheye,1920x1080,none,481,654.9476,695.867,150
gopro_000,train,gopro_fisheye,1920x1080,none,481,695.867,739.3429,129
gopro_000,train,gopro_fisheye,1920x1080,none,481,739.3429,785.5351,128
gopro_000,train,gopro_fisheye,1920x1080,none,481,785.5351,834.6133,104
gopro_000,train,gopro_fisheye,1920x1080,none,481,834.6133,886.7577,106
gopro_000,train,gopro_fisheye,1920x1080,none,481,886.7577,942.16,94
gopro_000,train,gopro_fisheye,1920x1080,none,481,942.16,1001.0237,86
gopro_000,train,gopro_fisheye,1920x1080,none,481,1001.0237,1063.565,57
gopro_000,train,gopro_fisheye,1920x1080,none,481,1063.565,1130.0138,65
gopro_000,train,gopro_fisheye,1920x1080,none,481,1130.0138,1200.6141,47
gopro_000,train,gopro_fisheye,1920x1080,none,481,1200.6141,1275.6253,42
gopro_000,train,gopro_fisheye,1920x1080,none,481,1275.6253,1355.323,41
gopro_000,train,gopro_fisheye,1920x1080,none,481,1355.323,1440.0,21
gopro_000,train,gopro_fisheye,1920x1080,none,481,1440.0,1529.9674,27
gopro_000,train,gopro_fisheye,1920x1080,none,481,1529.9674,1625.5557,34
gopro_000,train,gopro_fisheye,1920x1080,none,481,1625.5557,1727.1162,29
gopro_000,train,gopro_fisheye,1920x1080,none,481,1727.1162,1835.0219,29
gopro_000,train,gopro_fisheye,1920x1080,none,481,1835.0219,1949.6692,19
gopro_000,train,gopro_fisheye,1920x1080,none,481,1949.6692,2071.4794,18
gopro_000,train,gopro_fisheye,1920x1080,none,481,2071.4794,2200.9,25
gopro_000,train,gopro_fisheye,1920x1080,none,481,2200.9,2338.4064,14
gopro_000,train,gopro_fisheye,1920x1080,none,481,2338.4064,2484.5039,14
gopro_000,train,gopro_fisheye,1920x1080,none,481,2484.5039,2639.7291,8
gopro_000,train,gopro_fisheye,1920x1080,none,481,2639.7291,2804.6525,12
gopro_000,train,gopro_fisheye,1920x1080,none,481,2804.6525,2979.8798,6
gopro_000,train,gopro_fisheye,1920x1080,none,481,2979.8798,3166.0548,9
gopro_000,train,gopro_fisheye,1920x1080,none,481,3166.0548,3363.8616,6
gopro_000,train,gopro_fisheye,1920x1080,none,481,3363.8616,3574.0268,10
gopro_000,train,gopro_fisheye,1920x1080,none,481,3574.0268,3797.3226,6
gopro_000,train,gopro_fisheye,1920x1080,none,481,3797.3226,4034.5693,8
gopro_000,train,gopro_fisheye,1920x1080,none,481,4034.5693,4286.6386,5
gopro_000,train,gopro_fisheye,1920x1080,none,481,4286.6386,4554.4564,3
gopro_000,train,gopro_fisheye,1920x1080,none,481,4554.4564,4839.0069,15
gopro_000,train,gopro_fisheye,1920x1080,none,481,4839.0069,5141.3353,15
gopro_000,train,gopro_fisheye,1920x1080,none,481,5141.3353,5462.5524,8
gopro_000,train,gopro_fisheye,1920x1080,none,481,5462.5524,5803.8383,18
gopro_000,train,gopro_fisheye,1920x1080,none,481,5803.8383,6166.4468,11
gopro_000,train,gopro_fisheye,1920x1080,none,481,6166.4468,6551.7102,18
gopro_000,train,gopro_fisheye,1920x1080,none,481,6551.7102,6961.0438,10
gopro_000,train,gopro_fisheye,1920x1080,none,481,7395.9515,7858.031,4
gopro_000,train,gopro_fisheye,1920x1080,none,481,7858.031,8348.9801,6
gopro_000,train,gopro_fisheye,1920x1080,none,481,8348.9801,8870.6024,6
gopro_000,train,gopro_fisheye,1920x1080,none,481,8870.6024,9424.8143,7
gopro_000,train,gopro_fisheye,1920x1080,none,481,9424.8143,10013.6519,8
gopro_000,train,gopro_fisheye,1920x1080,none,481,10013.6519,10639.2785,12
gopro_000,train,gopro_fisheye,1920x1080,none,481,10639.2785,11303.9926,32
gopro_000,train,gopro_fisheye,1920x1080,none,481,11303.9926,12010.2363,7
gopro_000,train,gopro_fisheye,1920x1080,none,481,12010.2363,12760.6042,4
gopro_000,train,gopro_fisheye,1920x1080,none,481,12760.6042,13557.8532,4
gopro_000,train,gopro_fisheye,1920x1080,none,481,13557.8532,14404.9122,2
gopro_000,train,gopro_fisheye,1920x1080,none,481,14404.9122,15304.8932,3
gopro_000,train,gopro_fisheye,1920x1080,none,481,15304.8932,16261.1026,2
gopro_000,train,gopro_fisheye,1920x1080,none,481,16261.1026,17277.0535,5
gopro_000,train,gopro_fisheye,1920x1080,none,481,17277.0535,18356.4783,1
gopro_000,train,gopro_fisheye,1920x1080,none,481,1951665.1031,2073600.0,1
gopro_000,train,gopro_fisheye,1920x1080,open3,481,3.7934,4.0304,11
gopro_000,train,gopro_fisheye,1920x1080,open3,481,5.7979,6.1601,3112
gopro_000,train,gopro_fisheye,1920x1080,open3,481,7.85,8.3404,934
gopro_000,train,gopro_fisheye,1920x1080,open3,481,8.8615,9.4152,90480
gopro_000,train,gopro_fisheye,1920x1080,open3,481,9.4152,10.0034,259
gopro_000,train,gopro_fisheye,1920x1080,open3,481,10.6284,11.2924,284
gopro_000,train,gopro_fisheye,1920x1080,open3,481,11.998,12.7476,32232
gopro_000,train,gopro_fisheye,1920x1080,open3,481,12.7476,13.544,131
gopro_000,train,gopro_fisheye,1920x1080,open3,481,13.544,14.3902,3963
gopro_000,train,gopro_fisheye,1920x1080,open3,481,14.3902,15.2892,14293
gopro_000,train,gopro_fisheye,1920x1080,open3,481,15.2892,16.2445,4085
gopro_000,train,gopro_fisheye,1920x1080,open3,481,16.2445,17.2594,3129
gopro_000,train,gopro_fisheye,1920x1080,open3,481,17.2594,18.3377,7824
gopro_000,train,gopro_fisheye,1920x1080,open3,481,18.3377,19.4834,3826
gopro_000,train,gopro_fisheye,1920x1080,open3,481,19.4834,20.7007,2939
gopro_000,train,gopro_fisheye,1920x1080,open3,481,20.7007,21.994,4446
gopro_000,train,gopro_fisheye,1920x1080,open3,481,21.994,23.3681,5114
gopro_000,train,gopro_fisheye,1920x1080,open3,481,23.3681,24.8281,2829
gopro_000,train,gopro_fisheye,1920x1080,open3,481,24.8281,26.3793,4024
gopro_000,train,gopro_fisheye,1920x1080,open3,481,26.3793,28.0274,3738
gopro_000,train,gopro_fisheye,1920x1080,open3,481,28.0274,29.7785,1496
gopro_000,train,gopro_fisheye,1920x1080,open3,481,29.7785,31.639,2828
gopro_000,train,gopro_fisheye,1920x1080,open3,481,31.639,33.6157,2393
gopro_000,train,gopro_fisheye,1920x1080,open3,481,33.6157,35.7159,1904
gopro_000,train,gopro_fisheye,1920x1080,open3,481,35.7159,37.9473,1781
gopro_000,train,gopro_fisheye,1920x1080,open3,481,37.9473,40.3182,2108
gopro_000,train,gopro_fisheye,1920x1080,open3,481,40.3182,42.8372,1190
gopro_000,train,gopro_fisheye,1920x1080,open3,481,42.8372,45.5135,1672
gopro_000,train,gopro_fisheye,1920x1080,open3,481,45.5135,48.3571,1342
gopro_000,train,gopro_fisheye,1920x1080,open3,481,48.3571,51.3783,1086
gopro_000,train,gopro_fisheye,1920x1080,open3,481,51.3783,54.5883,1017
gopro_000,train,gopro_fisheye,1920x1080,open3,481,54.5883,57.9988,821
gopro_000,train,gopro_fisheye,1920x1080,open3,481,57.9988,61.6224,927
gopro_000,train,gopro_fisheye,1920x1080,open3,481,61.6224,65.4724,796
gopro_000,train,gopro_fisheye,1920x1080,open3,481,65.4724,69.563,656
gopro_000,train,gopro_fisheye,1920x1080,open3,481,69.563,73.9091,595
gopro_000,train,gopro_fisheye,1920x1080,open3,481,73.9091,78.5267,611
gopro_000,train,gopro_fisheye,1920x1080,open3,481,78.5267,83.4329,541
gopro_000,train,gopro_fisheye,1920x1080,open3,481,83.4329,88.6455,459
gopro_000,train,gopro_fisheye,1920x1080,open3,481,88.6455,94.1839,430
gopro_000,train,gopro_fisheye,1920x1080,open3,481,94.1839,100.0682,375
gopro_000,train,gopro_fisheye,1920x1080,open3,481,100.0682,106.3202,331
gopro_000,train,gopro_fisheye,1920x1080,open3,481,106.3202,112.9628,304
gopro_000,train,gopro_fisheye,1920x1080,open3,481,112.9628,120.0205,361
gopro_000,train,gopro_fisheye,1920x1080,open3,481,120.0205,127.519,244
gopro_000,train,gopro_fisheye,1920x1080,open3,481,127.519,135.4861,295
gopro_000,train,gopro_fisheye,1920x1080,open3,481,135.4861,143.9509,242
gopro_000,train,gopro_fisheye,1920x1080,open3,481,143.9509,152.9446,231
gopro_000,train,gopro_fisheye,1920x1080,open3,481,152.9446,162.5001,216
gopro_000,train,gopro_fisheye,1920x1080,open3,481,162.5001,172.6527,190
gopro_000,train,gopro_fisheye,1920x1080,open3,481,172.6527,183.4396,169
gopro_000,train,gopro_fisheye,1920x1080,open3,481,183.4396,194.9004,124
gopro_000,train,gopro_fisheye,1920x1080,open3,481,194.9004,207.0773,114
gopro_000,train,gopro_fisheye,1920x1080,open3,481,207.0773,220.0149,123
gopro_000,train,gopro_fisheye,1920x1080,open3,481,220.0149,233.7609,117
gopro_000,train,gopro_fisheye,1920x1080,open3,481,233.7609,248.3657,97
gopro_000,train,gopro_fisheye,1920x1080,open3,481,248.3657,263.8829,87
gopro_000,train,gopro_fisheye,1920x1080,open3,481,263.8829,280.3696,66
gopro_000,train,gopro_fisheye,1920x1080,open3,481,280.3696,297.8864,55
gopro_000,train,gopro_fisheye,1920x1080,open3,481,297.8864,316.4975,50
gopro_000,train,gopro_fisheye,1920x1080,open3,481,316.4975,336.2714,49
gopro_000,train,gopro_fisheye,1920x1080,open3,481,336.2714,357.2808,42
gopro_000,train,gopro_fisheye,1920x1080,open3,481,357.2808,379.6028,47
gopro_000,train,gopro_fisheye,1920x1080,open3,481,379.6028,403.3193,41
gopro_000,train,gopro_fisheye,1920x1080,open3,481,403.3193,428.5177,25
gopro_000,train,gopro_fisheye,1920x1080,open3,481,428.5177,455.2903,28
gopro_000,train,gopro_fisheye,1920x1080,open3,481,455.2903,483.7357,15
gopro_000,train,gopro_fisheye,1920x1080,open3,481,483.7357,513.9582,18
gopro_000,train,gopro_fisheye,1920x1080,open3,481,513.9582,546.069,33
gopro_000,train,gopro_fisheye,1920x1080,open3,481,546.069,580.1859,29
gopro_000,train,gopro_fisheye,1920x1080,open3,481,580.1859,616.4344,25
gopro_000,train,gopro_fisheye,1920x1080,open3,481,616.4344,654.9476,14
gopro_000,train,gopro_fisheye,1920x1080,open3,481,654.9476,695.867,14
gopro_000,train,gopro_fisheye,1920x1080,open3,481,695.867,739.3429,34
gopro_000,train,gopro_fisheye,1920x1080,open3,481,739.3429,785.5351,16
gopro_000,train,gopro_fisheye,1920x1080,open3,481,785.5351,834.6133,8
gopro_000,train,gopro_fisheye,1920x1080,open3,481,834.6133,886.7577,11
gopro_000,train,gopro_fisheye,1920x1080,open3,481,886.7577,942.16,7
gopro_000,train,gopro_fisheye,1920x1080,open3,481,942.16,1001.0237,2
gopro_000,train,gopro_fisheye,1920x1080,open3,481,1001.0237,1063.565,6
gopro_000,train,gopro_fisheye,1920x1080,open3,481,1063.565,1130.0138,4
gopro_000,train,gopro_fisheye,1920x1080,open3,481,1130.0138,1200.6141,3
gopro_000,train,gopro_fisheye,1920x1080,open3,481,1200.6141,1275.6253,7
gopro_000,train,gopro_fisheye,1920x1080,open3,481,1275.6253,1355.323,5
gopro_000,train,gopro_fisheye,1920x1080,open3,481,1355.323,1440.0,5
gopro_000,train,gopro_fisheye,1920x1080,open3,481,1529.9674,1625.5557,4
gopro_000,train,gopro_fisheye,1920x1080,open3,481,1625.5557,1727.1162,11
gopro_000,train,gopro_fisheye,1920x1080,open3,481,1727.1162,1835.0219,10
gopro_000,train,gopro_fisheye,1920x1080,open3,481,1835.0219,1949.6692,4
gopro_000,train,gopro_fisheye,1920x1080,open3,481,1949.6692,2071.4794,4
gopro_000,train,gopro_fisheye,1920x1080,open3,481,2071.4794,2200.9,1
gopro_000,train,gopro_fisheye,1920x1080,open3,481,2200.9,2338.4064,2
gopro_000,train,gopro_fisheye,1920x1080,open3,481,2338.4064,2484.5039,1
gopro_000,train,gopro_fisheye,1920x1080,open3,481,2484.5039,2639.7291,8
gopro_000,train,gopro_fisheye,1920x1080,open3,481,2639.7291,2804.6525,4
gopro_000,train,gopro_fisheye,1920x1080,open3,481,2804.6525,2979.8798,6
gopro_000,train,gopro_fisheye,1920x1080,open3,481,2979.8798,3166.0548,6
gopro_000,train,gopro_fisheye,1920x1080,open3,481,3166.0548,3363.8616,9
gopro_000,train,gopro_fisheye,1920x1080,open3,481,3363.8616,3574.0268,12
gopro_000,train,gopro_fisheye,1920x1080,open3,481,3797.3226,4034.5693,1
gopro_000,train,gopro_fisheye,1920x1080,open3,481,4034.5693,4286.6386,1
gopro_000,train,gopro_fisheye,1920x1080,open3,481,4286.6386,4554.4564,1
gopro_000,train,gopro_fisheye,1920x1080,open3,481,1951665.1031,2073600.0,1
gopro_001,train,gopro_fisheye,1920x1080,none,481,1.0,1.0625,4801570
gopro_001,train,gopro_fisheye,1920x1080,none,481,1.9477,2.0694,1639582
gopro_001,train,gopro_fisheye,1920x1080,none,481,2.9768,3.1628,819319
gopro_001,train,gopro_fisheye,1920x1080,none,481,3.7934,4.0304,507870
gopro_001,train,gopro_fisheye,1920x1080,none,481,4.8341,5.1361,338061
gopro_001,train,gopro_fisheye,1920x1080,none,481,5.7979,6.1601,239356
gopro_001,train,gopro_fisheye,1920x1080,none,481,6.9539,7.3884,178604
gopro_001,train,gopro_fisheye,1920x1080,none,481,7.85,8.3404,136855
gopro_001,train,gopro_fisheye,1920x1080,none,481,8.8615,9.4152,108577
gopro_001,train,gopro_fisheye,1920x1080,none,481,9.4152,10.0034,87868
gopro_001,train,gopro_fisheye,1920x1080,none,481,10.6284,11.2924,71736
gopro_001,train,gopro_fisheye,1920x1080,none,481,11.998,12.7476,59360
gopro_001,train,gopro_fisheye,1920x1080,none,481,12.7476,13.544,50672
gopro_001,train,gopro_fisheye,1920x1080,none,481,13.544,14.3902,42135
gopro_001,train,gopro_fisheye,1920x1080,none,481,14.3902,15.2892,36491
gopro_001,train,gopro_fisheye,1920x1080,none,481,15.2892,16.2445,31348
gopro_001,train,gopro_fisheye,1920x1080,none,481,16.2445,17.2594,27125
gopro_001,train,gopro_fisheye,1920x1080,none,481,17.2594,18.3377,24221
gopro_001,train,gopro_fisheye,1920x1080,none,481,18.3377,19.4834,20950
gopro_001,train,gopro_fisheye,1920x1080,none,481,19.4834,20.7007,18639
gopro_001,train,gopro_fisheye,1920x1080,none,481,20.7007,21.994,16646
gopro_001,train,gopro_fisheye,1920x1080,none,481,21.994,23.3681,28897
gopro_001,train,gopro_fisheye,1920x1080,none,481,23.3681,24.8281,12210
gopro_001,train,gopro_fisheye,1920x1080,none,481,24.8281,26.3793,21561
gopro_001,train,gopro_fisheye,1920x1080,none,481,26.3793,28.0274,17968
gopro_001,train,gopro_fisheye,1920x1080,none,481,28.0274,29.7785,7985
gopro_001,train,gopro_fisheye,1920x1080,none,481,29.7785,31.639,14343
gopro_001,train,gopro_fisheye,1920x1080,none,481,31.639,33.6157,12019
gopro_001,train,gopro_fisheye,1920x1080,none,481,33.6157,35.7159,10620
gopro_001,train,gopro_fisheye,1920x1080,none,481,35.7159,37.9473,9502
gopro_001,train,gopro_fisheye,1920x1080,none,481,37.9473,40.3182,11972
gopro_001,train,gopro_fisheye,1920x1080,none,481,40.3182,42.8372,6833
gopro_001,train,gopro_fisheye,1920x1080,none,481,42.8372,45.5135,8962
gopro_001,train,gopro_fisheye,1920x1080,none,481,45.5135,48.3571,7516
gopro_001,train,gopro_fisheye,1920x1080,none,481,48.3571,51.3783,6390
gopro_001,train,gopro_fisheye,1920x1080,none,481,51.3783,54.5883,5620
gopro_001,train,gopro_fisheye,1920x1080,none,481,54.5883,57.9988,4898
gopro_001,train,gopro_fisheye,1920x1080,none,481,57.9988,61.6224,5699
gopro_001,train,gopro_fisheye,1920x1080,none,481,61.6224,65.4724,4677
gopro_001,train,gopro_fisheye,1920x1080,none,481,65.4724,69.563,4093
gopro_001,train,gopro_fisheye,1920x1080,none,481,69.563,73.9091,3573
gopro_001,train,gopro_fisheye,1920x1080,none,481,73.9091,78.5267,3786
gopro_001,train,gopro_fisheye,1920x1080,none,481,78.5267,83.4329,3297
gopro_001,train,gopro_fisheye,1920x1080,none,481,83.4329,88.6455,2842
gopro_001,train,gopro_fisheye,1920x1080,none,481,88.6455,94.1839,2834
gopro_001,train,gopro_fisheye,1920x1080,none,481,94.1839,100.0682,2548
gopro_001,train,gopro_fisheye,1920x1080,none,481,100.0682,106.3202,2260
gopro_001,train,gopro_fisheye,1920x1080,none,481,106.3202,112.9628,2021
gopro_001,train,gopro_fisheye,1920x1080,none,481,112.9628,120.0205,2186
gopro_001,train,gopro_fisheye,1920x1080,none,481,120.0205,127.519,1681
gopro_001,train,gopro_fisheye,1920x1080,none,481,127.519,135.4861,1619
gopro_001,train,gopro_fisheye,1920x1080,none,481,135.4861,143.9509,1468
gopro_001,train,gopro_fisheye,1920x1080,none,481,143.9509,152.9446,1316
gopro_001,train,gopro_fisheye,1920x1080,none,481,152.9446,162.5001,1223
gopro_001,train,gopro_fisheye,1920x1080,none,481,162.5001,172.6527,1084
gopro_001,train,gopro_fisheye,1920x1080,none,481,172.6527,183.4396,970
gopro_001,train,gopro_fisheye,1920x1080,none,481,183.4396,194.9004,879
gopro_001,train,gopro_fisheye,1920x1080,none,481,194.9004,207.0773,917
gopro_001,train,gopro_fisheye,1920x1080,none,481,207.0773,220.0149,755
gopro_001,train,gopro_fisheye,1920x1080,none,481,220.0149,233.7609,713
gopro_001,train,gopro_fisheye,1920x1080,none,481,233.7609,248.3657,725
gopro_001,train,gopro_fisheye,1920x1080,none,481,248.3657,263.8829,566
gopro_001,train,gopro_fisheye,1920x1080,none,481,263.8829,280.3696,575
gopro_001,train,gopro_fisheye,1920x1080,none,481,280.3696,297.8864,478
gopro_001,train,gopro_fisheye,1920x1080,none,481,297.8864,316.4975,464
gopro_001,train,gopro_fisheye,1920x1080,none,481,316.4975,336.2714,372
gopro_001,train,gopro_fisheye,1920x1080,none,481,336.2714,357.2808,350
gopro_001,train,gopro_fisheye,1920x1080,none,481,357.2808,379.6028,312
gopro_001,train,gopro_fisheye,1920x1080,none,481,379.6028,403.3193,300
gopro_001,train,gopro_fisheye,1920x1080,none,481,403.3193,428.5177,274
gopro_001,train,gopro_fisheye,1920x1080,none,481,428.5177,455.2903,252
gopro_001,train,gopro_fisheye,1920x1080,none,481,455.2903,483.7357,235
gopro_001,train,gopro_fisheye,1920x1080,none,481,483.7357,513.9582,175
gopro_001,train,gopro_fisheye,1920x1080,none,481,513.9582,546.069,184
gopro_001,train,gopro_fisheye,1920x1080,none,481,546.069,580.1859,183
gopro_001,train,gopro_fisheye,1920x1080,none,481,580.1859,616.4344,156
gopro_001,train,gopro_fisheye,1920x1080,none,481,616.4344,654.9476,161
gopro_001,train,gopro_fisheye,1920x1080,none,481,654.9476,695.867,149
gopro_001,train,gopro_fisheye,1920x1080,none,481,695.867,739.3429,114
gopro_001,train,gopro_fisheye,1920x1080,none,481,739.3429,785.5351,90
gopro_001,train,gopro_fisheye,1920x1080,none,481,785.5351,834.6133,119
gopro_001,train,gopro_fisheye,1920x1080,none,481,834.6133,886.7577,85
gopro_001,train,gopro_fisheye,1920x1080,none,481,886.7577,942.16,101
gopro_001,train,gopro_fisheye,1920x1080,none,481,942.16,1001.0237,62
gopro_001,train,gopro_fisheye,1920x1080,none,481,1001.0237,1063.565,78
gopro_001,train,gopro_fisheye,1920x1080,none,481,1063.565,1130.0138,88
gopro_001,train,gopro_fisheye,1920x1080,none,481,1130.0138,1200.6141,77
gopro_001,train,gopro_fisheye,1920x1080,none,481,1200.6141,1275.6253,64
gopro_001,train,gopro_fisheye,1920x1080,none,481,1275.6253,1355.323,55
gopro_001,train,gopro_fisheye,1920x1080,none,481,1355.323,1440.0,63
gopro_001,train,gopro_fisheye,1920x1080,none,481,1440.0,1529.9674,53
gopro_001,train,gopro_fisheye,1920x1080,none,481,1529.9674,1625.5557,46
gopro_001,train,gopro_fisheye,1920x1080,none,481,1625.5557,1727.1162,56
gopro_001,train,gopro_fisheye,1920x1080,none,481,1727.1162,1835.0219,53
gopro_001,train,gopro_fisheye,1920x1080,none,481,1835.0219,1949.6692,56
gopro_001,train,gopro_fisheye,1920x1080,none,481,1949.6692,2071.4794,52
gopro_001,train,gopro_fisheye,1920x1080,none,481,2071.4794,2200.9,24
gopro_001,train,gopro_fisheye,1920x1080,none,481,2200.9,2338.4064,24
gopro_001,train,gopro_fisheye,1920x1080,none,481,2338.4064,2484.5039,22
gopro_001,train,gopro_fisheye,1920x1080,none,481,2484.5039,2639.7291,17
gopro_001,train,gopro_fisheye,1920x1080,none,481,2639.7291,2804.6525,20
gopro_001,train,gopro_fisheye,1920x1080,none,481,2804.6525,2979.8798,10
gopro_001,train,gopro_fisheye,1920x1080,none,481,2979.8798,3166.0548,22
gopro_001,train,gopro_fisheye,1920x1080,none,481,3166.0548,3363.8616,11
gopro_001,train,gopro_fisheye,1920x1080,none,481,3363.8616,3574.0268,11
gopro_001,train,gopro_fisheye,1920x1080,none,481,3574.0268,3797.3226,18
gopro_001,train,gopro_fisheye,1920x1080,none,481,3797.3226,4034.5693,20
gopro_001,train,gopro_fisheye,1920x1080,none,481,4034.5693,4286.6386,20
gopro_001,train,gopro_fisheye,1920x1080,none,481,4286.6386,4554.4564,16
gopro_001,train,gopro_fisheye,1920x1080,none,481,4554.4564,4839.0069,13
gopro_001,train,gopro_fisheye,1920x1080,none,481,4839.0069,5141.3353,8
gopro_001,train,gopro_fisheye,1920x1080,none,481,5141.3353,5462.5524,12
gopro_001,train,gopro_fisheye,1920x1080,none,481,5462.5524,5803.8383,20
gopro_001,train,gopro_fisheye,1920x1080,none,481,5803.8383,6166.4468,12
gopro_001,train,gopro_fisheye,1920x1080,none,481,6166.4468,6551.7102,14
gopro_001,train,gopro_fisheye,1920x1080,none,481,6551.7102,6961.0438,8
gopro_001,train,gopro_fisheye,1920x1080,none,481,6961.0438,7395.9515,8
gopro_001,train,gopro_fisheye,1920x1080,none,481,7395.9515,7858.031,5
gopro_001,train,gopro_fisheye,1920x1080,none,481,7858.031,8348.9801,6
gopro_001,train,gopro_fisheye,1920x1080,none,481,8348.9801,8870.6024,8
gopro_001,train,gopro_fisheye,1920x1080,none,481,8870.6024,9424.8143,8
gopro_001,train,gopro_fisheye,1920x1080,none,481,9424.8143,10013.6519,6
gopro_001,train,gopro_fisheye,1920x1080,none,481,10013.6519,10639.2785,4
gopro_001,train,gopro_fisheye,1920x1080,none,481,10639.2785,11303.9926,3
gopro_001,train,gopro_fisheye,1920x1080,none,481,11303.9926,12010.2363,1
gopro_001,train,gopro_fisheye,1920x1080,none,481,12760.6042,13557.8532,1
gopro_001,train,gopro_fisheye,1920x1080,none,481,13557.8532,14404.9122,4
gopro_001,train,gopro_fisheye,1920x1080,none,481,14404.9122,15304.8932,1
gopro_001,train,gopro_fisheye,1920x1080,none,481,1951665.1031,2073600.0,1
gopro_001,train,gopro_fisheye,1920x1080,open3,481,5.7979,6.1601,2235
gopro_001,train,gopro_fisheye,1920x1080,open3,481,7.85,8.3404,617
gopro_001,train,gopro_fisheye,1920x1080,open3,481,8.8615,9.4152,92269
gopro_001,train,gopro_fisheye,1920x1080,open3,481,9.4152,10.0034,181
gopro_001,train,gopro_fisheye,1920x1080,open3,481,10.6284,11.2924,202
gopro_001,train,gopro_fisheye,1920x1080,open3,481,11.998,12.7476,33616
gopro_001,train,gopro_fisheye,1920x1080,open3,481,12.7476,13.544,74
gopro_001,train,gopro_fisheye,1920x1080,open3,481,13.544,14.3902,4284
gopro_001,train,gopro_fisheye,1920x1080,open3,481,14.3902,15.2892,15240
gopro_001,train,gopro_fisheye,1920x1080,open3,481,15.2892,16.2445,4193
gopro_001,train,gopro_fisheye,1920x1080,open3,481,16.2445,17.2594,3619
gopro_001,train,gopro_fisheye,1920x1080,open3,481,17.2594,18.3377,8590
gopro_001,train,gopro_fisheye,1920x1080,open3,481,18.3377,19.4834,4062
gopro_001,train,gopro_fisheye,1920x1080,open3,481,19.4834,20.7007,3130
gopro_001,train,gopro_fisheye,1920x1080,open3,481,20.7007,21.994,4729
gopro_001,train,gopro_fisheye,1920x1080,open3,481,21.994,23.3681,5990
gopro_001,train,gopro_fisheye,1920x1080,open3,481,23.3681,24.8281,3227
gopro_001,train,gopro_fisheye,1920x1080,open3,481,24.8281,26.3793,4284
gopro_001,train,gopro_fisheye,1920x1080,open3,481,26.3793,28.0274,4288
gopro_001,train,gopro_fisheye,1920x1080,open3,481,28.0274,29.7785,1673
gopro_001,train,gopro_fisheye,1920x1080,open3,481,29.7785,31.639,3246
gopro_001,train,gopro_fisheye,1920x1080,open3,481,31.639,33.6157,2721
gopro_001,train,gopro_fisheye,1920x1080,open3,481,33.6157,35.7159,2261
gopro_001,train,gopro_fisheye,1920x1080,open3,481,35.7159,37.9473,2042
gopro_001,train,gopro_fisheye,1920x1080,open3,481,37.9473,40.3182,2639
gopro_001,train,gopro_fisheye,1920x1080,open3,481,40.3182,42.8372,1485
gopro_001,train,gopro_fisheye,1920x1080,open3,481,42.8372,45.5135,1844
gopro_001,train,gopro_fisheye,1920x1080,open3,481,45.5135,48.3571,1617
gopro_001,train,gopro_fisheye,1920x1080,open3,481,48.3571,51.3783,1417
gopro_001,train,gopro_fisheye,1920x1080,open3,481,51.3783,54.5883,1137
gopro_001,train,gopro_fisheye,1920x1080,open3,481,54.5883,57.9988,986
gopro_001,train,gopro_fisheye,1920x1080,open3,481,57.9988,61.6224,1125
gopro_001,train,gopro_fisheye,1920x1080,open3,481,61.6224,65.4724,911
gopro_001,train,gopro_fisheye,1920x1080,open3,481,65.4724,69.563,847
gopro_001,train,gopro_fisheye,1920x1080,open3,481,69.563,73.9091,687
gopro_001,train,gopro_fisheye,1920x1080,open3,481,73.9091,78.5267,777
gopro_001,train,gopro_fisheye,1920x1080,open3,481,78.5267,83.4329,616
gopro_001,train,gopro_fisheye,1920x1080,open3,481,83.4329,88.6455,532
gopro_001,train,gopro_fisheye,1920x1080,open3,481,88.6455,94.1839,563
gopro_001,train,gopro_fisheye,1920x1080,open3,481,94.1839,100.0682,451
gopro_001,train,gopro_fisheye,1920x1080,open3,481,100.0682,106.3202,389
gopro_001,train,gopro_fisheye,1920x1080,open3,481,106.3202,112.9628,373
gopro_001,train,gopro_fisheye,1920x1080,open3,481,112.9628,120.0205,391
gopro_001,train,gopro_fisheye,1920x1080,open3,481,120.0205,127.519,352
gopro_001,train,gopro_fisheye,1920x1080,open3,481,127.519,135.4861,323
gopro_001,train,gopro_fisheye,1920x1080,open3,481,135.4861,143.9509,225
gopro_001,train,gopro_fisheye,1920x1080,open3,481,143.9509,152.9446,241
gopro_001,train,gopro_fisheye,1920x1080,open3,481,152.9446,162.5001,230
gopro_001,train,gopro_fisheye,1920x1080,open3,481,162.5001,172.6527,212
gopro_001,train,gopro_fisheye,1920x1080,open3,481,172.6527,183.4396,168
gopro_001,train,gopro_fisheye,1920x1080,open3,481,183.4396,194.9004,163
gopro_001,train,gopro_fisheye,1920x1080,open3,481,194.9004,207.0773,151
gopro_001,train,gopro_fisheye,1920x1080,open3,481,207.0773,220.0149,133
gopro_001,train,gopro_fisheye,1920x1080,open3,481,220.0149,233.7609,110
gopro_001,train,gopro_fisheye,1920x1080,open3,481,233.7609,248.3657,119
gopro_001,train,gopro_fisheye,1920x1080,open3,481,248.3657,263.8829,93
gopro_001,train,gopro_fisheye,1920x1080,open3,481,263.8829,280.3696,85
gopro_001,train,gopro_fisheye,1920x1080,open3,481,280.3696,297.8864,69
gopro_001,train,gopro_fisheye,1920x1080,open3,481,297.8864,316.4975,65
gopro_001,train,gopro_fisheye,1920x1080,open3,481,316.4975,336.2714,57
gopro_001,train,gopro_fisheye,1920x1080,open3,481,336.2714,357.2808,66
gopro_001,train,gopro_fisheye,1920x1080,open3,481,357.2808,379.6028,43
gopro_001,train,gopro_fisheye,1920x1080,open3,481,379.6028,403.3193,43
gopro_001,train,gopro_fisheye,1920x1080,open3,481,403.3193,428.5177,36
gopro_001,train,gopro_fisheye,1920x1080,open3,481,428.5177,455.2903,24
gopro_001,train,gopro_fisheye,1920x1080,open3,481,455.2903,483.7357,28
gopro_001,train,gopro_fisheye,1920x1080,open3,481,483.7357,513.9582,18
gopro_001,train,gopro_fisheye,1920x1080,open3,481,513.9582,546.069,21
gopro_001,train,gopro_fisheye,1920x1080,open3,481,546.069,580.1859,12
gopro_001,train,gopro_fisheye,1920x1080,open3,481,580.1859,616.4344,23
gopro_001,train,gopro_fisheye,1920x1080,open3,481,616.4344,654.9476,10
gopro_001,train,gopro_fisheye,1920x1080,open3,481,654.9476,695.867,16
gopro_001,train,gopro_fisheye,1920x1080,open3,481,695.867,739.3429,8
gopro_001,train,gopro_fisheye,1920x1080,open3,481,739.3429,785.5351,11
gopro_001,train,gopro_fisheye,1920x1080,open3,481,785.5351,834.6133,11
gopro_001,train,gopro_fisheye,1920x1080,open3,481,834.6133,886.7577,14
gopro_001,train,gopro_fisheye,1920x1080,open3,481,886.7577,942.16,15
gopro_001,train,gopro_fisheye,1920x1080,open3,481,942.16,1001.0237,6
gopro_001,train,gopro_fisheye,1920x1080,open3,481,1001.0237,1063.565,3
gopro_001,train,gopro_fisheye,1920x1080,open3,481,1951665.1031,2073600.0,1
gopro_002,train,gopro_fisheye,1920x1080,none,319,1.0,1.0625,613201
gopro_002,train,gopro_fisheye,1920x1080,none,319,1.9477,2.0694,108726
gopro_002,train,gopro_fisheye,1920x1080,none,319,2.9768,3.1628,36008
gopro_002,train,gopro_fisheye,1920x1080,none,319,3.7934,4.0304,17812
gopro_002,train,gopro_fisheye,1920x1080,none,319,4.8341,5.1361,9791
gopro_002,train,gopro_fisheye,1920x1080,none,319,5.7979,6.1601,6114
gopro_002,train,gopro_fisheye,1920x1080,none,319,6.9539,7.3884,3844
gopro_002,train,gopro_fisheye,1920x1080,none,319,7.85,8.3404,2765
gopro_002,train,gopro_fisheye,1920x1080,none,319,8.8615,9.4152,2030
gopro_002,train,gopro_fisheye,1920x1080,none,319,9.4152,10.0034,1519
gopro_002,train,gopro_fisheye,1920x1080,none,319,10.6284,11.2924,1112
gopro_002,train,gopro_fisheye,1920x1080,none,319,11.998,12.7476,874
gopro_002,train,gopro_fisheye,1920x1080,none,319,12.7476,13.544,748
gopro_002,train,gopro_fisheye,1920x1080,none,319,13.544,14.3902,625
gopro_002,train,gopro_fisheye,1920x1080,none,319,14.3902,15.2892,521
gopro_002,train,gopro_fisheye,1920x1080,none,319,15.2892,16.2445,440
gopro_002,train,gopro_fisheye,1920x1080,none,319,16.2445,17.2594,345
gopro_002,train,gopro_fisheye,1920x1080,none,319,17.2594,18.3377,344
gopro_002,train,gopro_fisheye,1920x1080,none,319,18.3377,19.4834,288
gopro_002,train,gopro_fisheye,1920x1080,none,319,19.4834,20.7007,250
gopro_002,train,gopro_fisheye,1920x1080,none,319,20.7007,21.994,215
gopro_002,train,gopro_fisheye,1920x1080,none,319,21.994,23.3681,374
gopro_002,train,gopro_fisheye,1920x1080,none,319,23.3681,24.8281,158
gopro_002,train,gopro_fisheye,1920x1080,none,319,24.8281,26.3793,273
gopro_002,train,gopro_fisheye,1920x1080,none,319,26.3793,28.0274,240
gopro_002,train,gopro_fisheye,1920x1080,none,319,28.0274,29.7785,83
gopro_002,train,gopro_fisheye,1920x1080,none,319,29.7785,31.639,153
gopro_002,train,gopro_fisheye,1920x1080,none,319,31.639,33.6157,150
gopro_002,train,gopro_fisheye,1920x1080,none,319,33.6157,35.7159,138
gopro_002,train,gopro_fisheye,1920x1080,none,319,35.7159,37.9473,100
gopro_002,train,gopro_fisheye,1920x1080,none,319,37.9473,40.3182,176
gopro_002,train,gopro_fisheye,1920x1080,none,319,40.3182,42.8372,102
gopro_002,train,gopro_fisheye,1920x1080,none,319,42.8372,45.5135,200
gopro_002,train,gopro_fisheye,1920x1080,none,319,45.5135,48.3571,187
gopro_002,train,gopro_fisheye,1920x1080,none,319,48.3571,51.3783,120
gopro_002,train,gopro_fisheye,1920x1080,none,319,51.3783,54.5883,99
gopro_002,train,gopro_fisheye,1920x1080,none,319,54.5883,57.9988,64
gopro_002,train,gopro_fisheye,1920x1080,none,319,57.9988,61.6224,94
gopro_002,train,gopro_fisheye,1920x1080,none,319,61.6224,65.4724,88
gopro_002,train,gopro_fisheye,1920x1080,none,319,65.4724,69.563,66
gopro_002,train,gopro_fisheye,1920x1080,none,319,69.563,73.9091,52
gopro_002,train,gopro_fisheye,1920x1080,none,319,73.9091,78.5267,45
gopro_002,train,gopro_fisheye,1920x1080,none,319,78.5267,83.4329,23
gopro_002,train,gopro_fisheye,1920x1080,none,319,83.4329,88.6455,25
gopro_002,train,gopro_fisheye,1920x1080,none,319,88.6455,94.1839,24
gopro_002,train,gopro_fisheye,1920x1080,none,319,94.1839,100.0682,16
gopro_002,train,gopro_fisheye,1920x1080,none,319,100.0682,106.3202,12
gopro_002,train,gopro_fisheye,1920x1080,none,319,106.3202,112.9628,7
gopro_002,train,gopro_fisheye,1920x1080,none,319,112.9628,120.0205,5
gopro_002,train,gopro_fisheye,1920x1080,none,319,120.0205,127.519,6
gopro_002,train,gopro_fisheye,1920x1080,none,319,127.519,135.4861,13
gopro_002,train,gopro_fisheye,1920x1080,none,319,135.4861,143.9509,15
gopro_002,train,gopro_fisheye,1920x1080,none,319,143.9509,152.9446,6
gopro_002,train,gopro_fisheye,1920x1080,none,319,152.9446,162.5001,2
gopro_002,train,gopro_fisheye,1920x1080,none,319,162.5001,172.6527,7
gopro_002,train,gopro_fisheye,1920x1080,none,319,172.6527,183.4396,6
gopro_002,train,gopro_fisheye,1920x1080,none,319,183.4396,194.9004,8
gopro_002,train,gopro_fisheye,1920x1080,none,319,194.9004,207.0773,2
gopro_002,train,gopro_fisheye,1920x1080,none,319,207.0773,220.0149,4
gopro_002,train,gopro_fisheye,1920x1080,none,319,220.0149,233.7609,2
gopro_002,train,gopro_fisheye,1920x1080,none,319,233.7609,248.3657,2
gopro_002,train,gopro_fisheye,1920x1080,none,319,248.3657,263.8829,3
gopro_002,train,gopro_fisheye,1920x1080,none,319,263.8829,280.3696,11
gopro_002,train,gopro_fisheye,1920x1080,none,319,280.3696,297.8864,4
gopro_002,train,gopro_fisheye,1920x1080,none,319,297.8864,316.4975,3
gopro_002,train,gopro_fisheye,1920x1080,none,319,316.4975,336.2714,1
gopro_002,train,gopro_fisheye,1920x1080,none,319,1951665.1031,2073600.0,1
gopro_002,train,gopro_fisheye,1920x1080,open3,319,5.7979,6.1601,27
gopro_002,train,gopro_fisheye,1920x1080,open3,319,7.85,8.3404,10
gopro_002,train,gopro_fisheye,1920x1080,open3,319,8.8615,9.4152,740
gopro_002,train,gopro_fisheye,1920x1080,open3,319,9.4152,10.0034,4
gopro_002,train,gopro_fisheye,1920x1080,open3,319,10.6284,11.2924,3
gopro_002,train,gopro_fisheye,1920x1080,open3,319,11.998,12.7476,257
gopro_002,train,gopro_fisheye,1920x1080,open3,319,12.7476,13.544,1
gopro_002,train,gopro_fisheye,1920x1080,open3,319,13.544,14.3902,28
gopro_002,train,gopro_fisheye,1920x1080,open3,319,14.3902,15.2892,140
gopro_002,train,gopro_fisheye,1920x1080,open3,319,15.2892,16.2445,35
gopro_002,train,gopro_fisheye,1920x1080,open3,319,16.2445,17.2594,33
gopro_002,train,gopro_fisheye,1920x1080,open3,319,17.2594,18.3377,75
gopro_002,train,gopro_fisheye,1920x1080,open3,319,18.3377,19.4834,58
gopro_002,train,gopro_fisheye,1920x1080,open3,319,19.4834,20.7007,47
gopro_002,train,gopro_fisheye,1920x1080,open3,319,20.7007,21.994,45
gopro_002,train,gopro_fisheye,1920x1080,open3,319,21.994,23.3681,89
gopro_002,train,gopro_fisheye,1920x1080,open3,319,23.3681,24.8281,41
gopro_002,train,gopro_fisheye,1920x1080,open3,319,24.8281,26.3793,81
gopro_002,train,gopro_fisheye,1920x1080,open3,319,26.3793,28.0274,54
gopro_002,train,gopro_fisheye,1920x1080,open3,319,28.0274,29.7785,32
gopro_002,train,gopro_fisheye,1920x1080,open3,319,29.7785,31.639,64
gopro_002,train,gopro_fisheye,1920x1080,open3,319,31.639,33.6157,56
gopro_002,train,gopro_fisheye,1920x1080,open3,319,33.6157,35.7159,48
gopro_002,train,gopro_fisheye,1920x1080,open3,319,35.7159,37.9473,27
gopro_002,train,gopro_fisheye,1920x1080,open3,319,37.9473,40.3182,50
gopro_002,train,gopro_fisheye,1920x1080,open3,319,40.3182,42.8372,35
gopro_002,train,gopro_fisheye,1920x1080,open3,319,42.8372,45.5135,40
gopro_002,train,gopro_fisheye,1920x1080,open3,319,45.5135,48.3571,28
gopro_002,train,gopro_fisheye,1920x1080,open3,319,48.3571,51.3783,13
gopro_002,train,gopro_fisheye,1920x1080,open3,319,51.3783,54.5883,35
gopro_002,train,gopro_fisheye,1920x1080,open3,319,54.5883,57.9988,27
gopro_002,train,gopro_fisheye,1920x1080,open3,319,57.9988,61.6224,28
gopro_002,train,gopro_fisheye,1920x1080,open3,319,61.6224,65.4724,16
gopro_002,train,gopro_fisheye,1920x1080,open3,319,65.4724,69.563,14
gopro_002,train,gopro_fisheye,1920x1080,open3,319,69.563,73.9091,4
gopro_002,train,gopro_fisheye,1920x1080,open3,319,73.9091,78.5267,13
gopro_002,train,gopro_fisheye,1920x1080,open3,319,78.5267,83.4329,4
gopro_002,train,gopro_fisheye,1920x1080,open3,319,83.4329,88.6455,10
gopro_002,train,gopro_fisheye,1920x1080,open3,319,88.6455,94.1839,4
gopro_002,train,gopro_fisheye,1920x1080,open3,319,94.1839,100.0682,1
gopro_002,train,gopro_fisheye,1920x1080,open3,319,100.0682,106.3202,1
gopro_002,train,gopro_fisheye,1920x1080,open3,319,106.3202,112.9628,4
gopro_002,train,gopro_fisheye,1920x1080,open3,319,112.9628,120.0205,9
gopro_002,train,gopro_fisheye,1920x1080,open3,319,120.0205,127.519,6
gopro_002,train,gopro_fisheye,1920x1080,open3,319,127.519,135.4861,6
gopro_002,train,gopro_fisheye,1920x1080,open3,319,135.4861,143.9509,4
gopro_002,train,gopro_fisheye,1920x1080,open3,319,143.9509,152.9446,4
gopro_002,train,gopro_fisheye,1920x1080,open3,319,152.9446,162.5001,1
gopro_002,train,gopro_fisheye,1920x1080,open3,319,162.5001,172.6527,1
gopro_002,train,gopro_fisheye,1920x1080,open3,319,172.6527,183.4396,2
gopro_002,train,gopro_fisheye,1920x1080,open3,319,183.4396,194.9004,6
gopro_002,train,gopro_fisheye,1920x1080,open3,319,194.9004,207.0773,4
gopro_002,train,gopro_fisheye,1920x1080,open3,319,220.0149,233.7609,1
gopro_002,train,gopro_fisheye,1920x1080,open3,319,233.7609,248.3657,1
gopro_002,train,gopro_fisheye,1920x1080,open3,319,1951665.1031,2073600.0,1
gopro_003,train,gopro_fisheye,1920x1080,none,555,1.0,1.0625,1055175
gopro_003,train,gopro_fisheye,1920x1080,none,555,1.9477,2.0694,230997
gopro_003,train,gopro_fisheye,1920x1080,none,555,2.9768,3.1628,88893
gopro_003,train,gopro_fisheye,1920x1080,none,555,3.7934,4.0304,48049
gopro_003,train,gopro_fisheye,1920x1080,none,555,4.8341,5.1361,27468
gopro_003,train,gopro_fisheye,1920x1080,none,555,5.7979,6.1601,17738
gopro_003,train,gopro_fisheye,1920x1080,none,555,6.9539,7.3884,11864
gopro_003,train,gopro_fisheye,1920x1080,none,555,7.85,8.3404,8436
gopro_003,train,gopro_fisheye,1920x1080,none,555,8.8615,9.4152,5974
gopro_003,train,gopro_fisheye,1920x1080,none,555,9.4152,10.0034,4700
gopro_003,train,gopro_fisheye,1920x1080,none,555,10.6284,11.2924,3660
gopro_003,train,gopro_fisheye,1920x1080,none,555,11.998,12.7476,3101
gopro_003,train,gopro_fisheye,1920x1080,none,555,12.7476,13.544,2522
gopro_003,train,gopro_fisheye,1920x1080,none,555,13.544,14.3902,2060
gopro_003,train,gopro_fisheye,1920x1080,none,555,14.3902,15.2892,1727
gopro_003,train,gopro_fisheye,1920x1080,none,555,15.2892,16.2445,1424
gopro_003,train,gopro_fisheye,1920x1080,none,555,16.2445,17.2594,1309
gopro_003,train,gopro_fisheye,1920x1080,none,555,17.2594,18.3377,1043
gopro_003,train,gopro_fisheye,1920x1080,none,555,18.3377,19.4834,960
gopro_003,train,gopro_fisheye,1920x1080,none,555,19.4834,20.7007,830
gopro_003,train,gopro_fisheye,1920x1080,none,555,20.7007,21.994,746
gopro_003,train,gopro_fisheye,1920x1080,none,555,21.994,23.3681,1387
gopro_003,train,gopro_fisheye,1920x1080,none,555,23.3681,24.8281,561
gopro_003,train,gopro_fisheye,1920x1080,none,555,24.8281,26.3793,1037
gopro_003,train,gopro_fisheye,1920x1080,none,555,26.3793,28.0274,767
gopro_003,train,gopro_fisheye,1920x1080,none,555,28.0274,29.7785,325
gopro_003,train,gopro_fisheye,1920x1080,none,555,29.7785,31.639,581
gopro_003,train,gopro_fisheye,1920x1080,none,555,31.639,33.6157,533
gopro_003,train,gopro_fisheye,1920x1080,none,555,33.6157,35.7159,450
gopro_003,train,gopro_fisheye,1920x1080,none,555,35.7159,37.9473,418
gopro_003,train,gopro_fisheye,1920x1080,none,555,37.9473,40.3182,557
gopro_003,train,gopro_fisheye,1920x1080,none,555,40.3182,42.8372,257
gopro_003,train,gopro_fisheye,1920x1080,none,555,42.8372,45.5135,428
gopro_003,train,gopro_fisheye,1920x1080,none,555,45.5135,48.3571,329
gopro_003,train,gopro_fisheye,1920x1080,none,555,48.3571,51.3783,279
gopro_003,train,gopro_fisheye,1920x1080,none,555,51.3783,54.5883,240
gopro_003,train,gopro_fisheye,1920x1080,none,555,54.5883,57.9988,233
gopro_003,train,gopro_fisheye,1920x1080,none,555,57.9988,61.6224,239
gopro_003,train,gopro_fisheye,1920x1080,none,555,61.6224,65.4724,177
gopro_003,train,gopro_fisheye,1920x1080,none,555,65.4724,69.563,180
gopro_003,train,gopro_fisheye,1920x1080,none,555,69.563,73.9091,157
gopro_003,train,gopro_fisheye,1920x1080,none,555,73.9091,78.5267,212
gopro_003,train,gopro_fisheye,1920x1080,none,555,78.5267,83.4329,219
gopro_003,train,gopro_fisheye,1920x1080,none,555,83.4329,88.6455,190
gopro_003,train,gopro_fisheye,1920x1080,none,555,88.6455,94.1839,196
gopro_003,train,gopro_fisheye,1920x1080,none,555,94.1839,100.0682,130
gopro_003,train,gopro_fisheye,1920x1080,none,555,100.0682,106.3202,78
gopro_003,train,gopro_fisheye,1920x1080,none,555,106.3202,112.9628,80
gopro_003,train,gopro_fisheye,1920x1080,none,555,112.9628,120.0205,92
gopro_003,train,gopro_fisheye,1920x1080,none,555,120.0205,127.519,70
gopro_003,train,gopro_fisheye,1920x1080,none,555,127.519,135.4861,60
gopro_003,train,gopro_fisheye,1920x1080,none,555,135.4861,143.9509,43
gopro_003,train,gopro_fisheye,1920x1080,none,555,143.9509,152.9446,47
gopro_003,train,gopro_fisheye,1920x1080,none,555,152.9446,162.5001,47
gopro_003,train,gopro_fisheye,1920x1080,none,555,162.5001,172.6527,37
gopro_003,train,gopro_fisheye,1920x1080,none,555,172.6527,183.4396,29
gopro_003,train,gopro_fisheye,1920x1080,none,555,183.4396,194.9004,30
gopro_003,train,gopro_fisheye,1920x1080,none,555,194.9004,207.0773,27
gopro_003,train,gopro_fisheye,1920x1080,none,555,207.0773,220.0149,17
gopro_003,train,gopro_fisheye,1920x1080,none,555,220.0149,233.7609,16
gopro_003,train,gopro_fisheye,1920x1080,none,555,233.7609,248.3657,19
gopro_003,train,gopro_fisheye,1920x1080,none,555,248.3657,263.8829,9
gopro_003,train,gopro_fisheye,1920x1080,none,555,263.8829,280.3696,18
gopro_003,train,gopro_fisheye,1920x1080,none,555,280.3696,297.8864,41
gopro_003,train,gopro_fisheye,1920x1080,none,555,297.8864,316.4975,15
gopro_003,train,gopro_fisheye,1920x1080,none,555,316.4975,336.2714,6
gopro_003,train,gopro_fisheye,1920x1080,none,555,336.2714,357.2808,10
gopro_003,train,gopro_fisheye,1920x1080,none,555,357.2808,379.6028,3
gopro_003,train,gopro_fisheye,1920x1080,none,555,379.6028,403.3193,4
gopro_003,train,gopro_fisheye,1920x1080,none,555,403.3193,428.5177,3
gopro_003,train,gopro_fisheye,1920x1080,none,555,428.5177,455.2903,8
gopro_003,train,gopro_fisheye,1920x1080,none,555,455.2903,483.7357,4
gopro_003,train,gopro_fisheye,1920x1080,none,555,483.7357,513.9582,3
gopro_003,train,gopro_fisheye,1920x1080,none,555,513.9582,546.069,3
gopro_003,train,gopro_fisheye,1920x1080,none,555,546.069,580.1859,3
gopro_003,train,gopro_fisheye,1920x1080,none,555,580.1859,616.4344,1
gopro_003,train,gopro_fisheye,1920x1080,none,555,654.9476,695.867,2
gopro_003,train,gopro_fisheye,1920x1080,none,555,695.867,739.3429,2
gopro_003,train,gopro_fisheye,1920x1080,none,555,834.6133,886.7577,1
gopro_003,train,gopro_fisheye,1920x1080,none,555,886.7577,942.16,1
gopro_003,train,gopro_fisheye,1920x1080,none,555,942.16,1001.0237,1
gopro_003,train,gopro_fisheye,1920x1080,none,555,1951665.1031,2073600.0,1
gopro_003,train,gopro_fisheye,1920x1080,open3,555,5.7979,6.1601,84
gopro_003,train,gopro_fisheye,1920x1080,open3,555,7.85,8.3404,29
gopro_003,train,gopro_fisheye,1920x1080,open3,555,8.8615,9.4152,2827
gopro_003,train,gopro_fisheye,1920x1080,open3,555,9.4152,10.0034,1
gopro_003,train,gopro_fisheye,1920x1080,open3,555,10.6284,11.2924,2
gopro_003,train,gopro_fisheye,1920x1080,open3,555,11.998,12.7476,1014
gopro_003,train,gopro_fisheye,1920x1080,open3,555,12.7476,13.544,3
gopro_003,train,gopro_fisheye,1920x1080,open3,555,13.544,14.3902,88
gopro_003,train,gopro_fisheye,1920x1080,open3,555,14.3902,15.2892,485
gopro_003,train,gopro_fisheye,1920x1080,open3,555,15.2892,16.2445,104
gopro_003,train,gopro_fisheye,1920x1080,open3,555,16.2445,17.2594,78
gopro_003,train,gopro_fisheye,1920x1080,open3,555,17.2594,18.3377,271
gopro_003,train,gopro_fisheye,1920x1080,open3,555,18.3377,19.4834,132
gopro_003,train,gopro_fisheye,1920x1080,open3,555,19.4834,20.7007,74
gopro_003,train,gopro_fisheye,1920x1080,open3,555,20.7007,21.994,152
gopro_003,train,gopro_fisheye,1920x1080,open3,555,21.994,23.3681,148
gopro_003,train,gopro_fisheye,1920x1080,open3,555,23.3681,24.8281,120
gopro_003,train,gopro_fisheye,1920x1080,open3,555,24.8281,26.3793,155
gopro_003,train,gopro_fisheye,1920x1080,open3,555,26.3793,28.0274,132
gopro_003,train,gopro_fisheye,1920x1080,open3,555,28.0274,29.7785,54
gopro_003,train,gopro_fisheye,1920x1080,open3,555,29.7785,31.639,92
gopro_003,train,gopro_fisheye,1920x1080,open3,555,31.639,33.6157,93
gopro_003,train,gopro_fisheye,1920x1080,open3,555,33.6157,35.7159,72
gopro_003,train,gopro_fisheye,1920x1080,open3,555,35.7159,37.9473,79
gopro_003,train,gopro_fisheye,1920x1080,open3,555,37.9473,40.3182,93
gopro_003,train,gopro_fisheye,1920x1080,open3,555,40.3182,42.8372,39
gopro_003,train,gopro_fisheye,1920x1080,open3,555,42.8372,45.5135,87
gopro_003,train,gopro_fisheye,1920x1080,open3,555,45.5135,48.3571,75
gopro_003,train,gopro_fisheye,1920x1080,open3,555,48.3571,51.3783,84
gopro_003,train,gopro_fisheye,1920x1080,open3,555,51.3783,54.5883,69
gopro_003,train,gopro_fisheye,1920x1080,open3,555,54.5883,57.9988,71
gopro_003,train,gopro_fisheye,1920x1080,open3,555,57.9988,61.6224,66
gopro_003,train,gopro_fisheye,1920x1080,open3,555,61.6224,65.4724,59
gopro_003,train,gopro_fisheye,1920x1080,open3,555,65.4724,69.563,66
gopro_003,train,gopro_fisheye,1920x1080,open3,555,69.563,73.9091,42
gopro_003,train,gopro_fisheye,1920x1080,open3,555,73.9091,78.5267,34
gopro_003,train,gopro_fisheye,1920x1080,open3,555,78.5267,83.4329,16
gopro_003,train,gopro_fisheye,1920x1080,open3,555,83.4329,88.6455,12
gopro_003,train,gopro_fisheye,1920x1080,open3,555,88.6455,94.1839,15
gopro_003,train,gopro_fisheye,1920x1080,open3,555,94.1839,100.0682,11
gopro_003,train,gopro_fisheye,1920x1080,open3,555,100.0682,106.3202,14
gopro_003,train,gopro_fisheye,1920x1080,open3,555,106.3202,112.9628,5
gopro_003,train,gopro_fisheye,1920x1080,open3,555,112.9628,120.0205,6
gopro_003,train,gopro_fisheye,1920x1080,open3,555,120.0205,127.519,4
gopro_003,train,gopro_fisheye,1920x1080,open3,555,127.519,135.4861,3
gopro_003,train,gopro_fisheye,1920x1080,open3,555,135.4861,143.9509,2
gopro_003,train,gopro_fisheye,1920x1080,open3,555,143.9509,152.9446,6
gopro_003,train,gopro_fisheye,1920x1080,open3,555,152.9446,162.5001,5
gopro_003,train,gopro_fisheye,1920x1080,open3,555,162.5001,172.6527,4
gopro_003,train,gopro_fisheye,1920x1080,open3,555,172.6527,183.4396,5
gopro_003,train,gopro_fisheye,1920x1080,open3,555,183.4396,194.9004,3
gopro_003,train,gopro_fisheye,1920x1080,open3,555,194.9004,207.0773,3
gopro_003,train,gopro_fisheye,1920x1080,open3,555,207.0773,220.0149,2
gopro_003,train,gopro_fisheye,1920x1080,open3,555,220.0149,233.7609,6
gopro_003,train,gopro_fisheye,1920x1080,open3,555,233.7609,248.3657,12
gopro_003,train,gopro_fisheye,1920x1080,open3,555,248.3657,263.8829,7
gopro_003,train,gopro_fisheye,1920x1080,open3,555,263.8829,280.3696,7
gopro_003,train,gopro_fisheye,1920x1080,open3,555,316.4975,336.2714,1
gopro_003,train,gopro_fisheye,1920x1080,open3,555,483.7357,513.9582,1
gopro_003,train,gopro_fisheye,1920x1080,open3,555,513.9582,546.069,1
gopro_003,train,gopro_fisheye,1920x1080,open3,555,546.069,580.1859,1
gopro_003,train,gopro_fisheye,1920x1080,open3,555,580.1859,616.4344,2
gopro_003,train,gopro_fisheye,1920x1080,open3,555,616.4344,654.9476,1
gopro_003,train,gopro_fisheye,1920x1080,open3,555,695.867,739.3429,1
gopro_003,train,gopro_fisheye,1920x1080,open3,555,834.6133,886.7577,1
gopro_003,train,gopro_fisheye,1920x1080,open3,555,886.7577,942.16,1
gopro_003,train,gopro_fisheye,1920x1080,open3,555,1951665.1031,2073600.0,1
gopro_005,val,gopro_fisheye,1920x1080,none,811,1.0,1.0625,6391285
gopro_005,val,gopro_fisheye,1920x1080,none,811,1.9477,2.0694,1847187
gopro_005,val,gopro_fisheye,1920x1080,none,811,2.9768,3.1628,824010
gopro_005,val,gopro_fisheye,1920x1080,none,811,3.7934,4.0304,472752
gopro_005,val,gopro_fisheye,1920x1080,none,811,4.8341,5.1361,300069
gopro_005,val,gopro_fisheye,1920x1080,none,811,5.7979,6.1601,209192
gopro_005,val,gopro_fisheye,1920x1080,none,811,6.9539,7.3884,155690
gopro_005,val,gopro_fisheye,1920x1080,none,811,7.85,8.3404,117723
gopro_005,val,gopro_fisheye,1920x1080,none,811,8.8615,9.4152,92863
gopro_005,val,gopro_fisheye,1920x1080,none,811,9.4152,10.0034,75015
gopro_005,val,gopro_fisheye,1920x1080,none,811,10.6284,11.2924,62066
gopro_005,val,gopro_fisheye,1920x1080,none,811,11.998,12.7476,51834
gopro_005,val,gopro_fisheye,1920x1080,none,811,12.7476,13.544,43374
gopro_005,val,gopro_fisheye,1920x1080,none,811,13.544,14.3902,37902
gopro_005,val,gopro_fisheye,1920x1080,none,811,14.3902,15.2892,32313
gopro_005,val,gopro_fisheye,1920x1080,none,811,15.2892,16.2445,28882
gopro_005,val,gopro_fisheye,1920x1080,none,811,16.2445,17.2594,25631
gopro_005,val,gopro_fisheye,1920x1080,none,811,17.2594,18.3377,22255
gopro_005,val,gopro_fisheye,1920x1080,none,811,18.3377,19.4834,20237
gopro_005,val,gopro_fisheye,1920x1080,none,811,19.4834,20.7007,17817
gopro_005,val,gopro_fisheye,1920x1080,none,811,20.7007,21.994,15815
gopro_005,val,gopro_fisheye,1920x1080,none,811,21.994,23.3681,27914
gopro_005,val,gopro_fisheye,1920x1080,none,811,23.3681,24.8281,12068
gopro_005,val,gopro_fisheye,1920x1080,none,811,24.8281,26.3793,20906
gopro_005,val,gopro_fisheye,1920x1080,none,811,26.3793,28.0274,18088
gopro_005,val,gopro_fisheye,1920x1080,none,811,28.0274,29.7785,7865
gopro_005,val,gopro_fisheye,1920x1080,none,811,29.7785,31.639,14179
gopro_005,val,gopro_fisheye,1920x1080,none,811,31.639,33.6157,12401
gopro_005,val,gopro_fisheye,1920x1080,none,811,33.6157,35.7159,10952
gopro_005,val,gopro_fisheye,1920x1080,none,811,35.7159,37.9473,9532
gopro_005,val,gopro_fisheye,1920x1080,none,811,37.9473,40.3182,12597
gopro_005,val,gopro_fisheye,1920x1080,none,811,40.3182,42.8372,7302
gopro_005,val,gopro_fisheye,1920x1080,none,811,42.8372,45.5135,9591
gopro_005,val,gopro_fisheye,1920x1080,none,811,45.5135,48.3571,8133
gopro_005,val,gopro_fisheye,1920x1080,none,811,48.3571,51.3783,6928
gopro_005,val,gopro_fisheye,1920x1080,none,811,51.3783,54.5883,6326
gopro_005,val,gopro_fisheye,1920x1080,none,811,54.5883,57.9988,5197
gopro_005,val,gopro_fisheye,1920x1080,none,811,57.9988,61.6224,5824
gopro_005,val,gopro_fisheye,1920x1080,none,811,61.6224,65.4724,5262
gopro_005,val,gopro_fisheye,1920x1080,none,811,65.4724,69.563,4635
gopro_005,val,gopro_fisheye,1920x1080,none,811,69.563,73.9091,3840
gopro_005,val,gopro_fisheye,1920x1080,none,811,73.9091,78.5267,4139
gopro_005,val,gopro_fisheye,1920x1080,none,811,78.5267,83.4329,3456
gopro_005,val,gopro_fisheye,1920x1080,none,811,83.4329,88.6455,2986
gopro_005,val,gopro_fisheye,1920x1080,none,811,88.6455,94.1839,3143
gopro_005,val,gopro_fisheye,1920x1080,none,811,94.1839,100.0682,2647
gopro_005,val,gopro_fisheye,1920x1080,none,811,100.0682,106.3202,2496
gopro_005,val,gopro_fisheye,1920x1080,none,811,106.3202,112.9628,2179
gopro_005,val,gopro_fisheye,1920x1080,none,811,112.9628,120.0205,2547
gopro_005,val,gopro_fisheye,1920x1080,none,811,120.0205,127.519,1972
gopro_005,val,gopro_fisheye,1920x1080,none,811,127.519,135.4861,1995
gopro_005,val,gopro_fisheye,1920x1080,none,811,135.4861,143.9509,1745
gopro_005,val,gopro_fisheye,1920x1080,none,811,143.9509,152.9446,1610
gopro_005,val,gopro_fisheye,1920x1080,none,811,152.9446,162.5001,1646
gopro_005,val,gopro_fisheye,1920x1080,none,811,162.5001,172.6527,1447
gopro_005,val,gopro_fisheye,1920x1080,none,811,172.6527,183.4396,1370
gopro_005,val,gopro_fisheye,1920x1080,none,811,183.4396,194.9004,1238
gopro_005,val,gopro_fisheye,1920x1080,none,811,194.9004,207.0773,1127
gopro_005,val,gopro_fisheye,1920x1080,none,811,207.0773,220.0149,986
gopro_005,val,gopro_fisheye,1920x1080,none,811,220.0149,233.7609,887
gopro_005,val,gopro_fisheye,1920x1080,none,811,233.7609,248.3657,826
gopro_005,val,gopro_fisheye,1920x1080,none,811,248.3657,263.8829,819
gopro_005,val,gopro_fisheye,1920x1080,none,811,263.8829,280.3696,789
gopro_005,val,gopro_fisheye,1920x1080,none,811,280.3696,297.8864,681
gopro_005,val,gopro_fisheye,1920x1080,none,811,297.8864,316.4975,629
gopro_005,val,gopro_fisheye,1920x1080,none,811,316.4975,336.2714,526
gopro_005,val,gopro_fisheye,1920x1080,none,811,336.2714,357.2808,476
gopro_005,val,gopro_fisheye,1920x1080,none,811,357.2808,379.6028,468
gopro_005,val,gopro_fisheye,1920x1080,none,811,379.6028,403.3193,480
gopro_005,val,gopro_fisheye,1920x1080,none,811,403.3193,428.5177,411
gopro_005,val,gopro_fisheye,1920x1080,none,811,428.5177,455.2903,431
gopro_005,val,gopro_fisheye,1920x1080,none,811,455.2903,483.7357,360
gopro_005,val,gopro_fisheye,1920x1080,none,811,483.7357,513.9582,338
gopro_005,val,gopro_fisheye,1920x1080,none,811,513.9582,546.069,297
gopro_005,val,gopro_fisheye,1920x1080,none,811,546.069,580.1859,293
gopro_005,val,gopro_fisheye,1920x1080,none,811,580.1859,616.4344,253
gopro_005,val,gopro_fisheye,1920x1080,none,811,616.4344,654.9476,232
gopro_005,val,gopro_fisheye,1920x1080,none,811,654.9476,695.867,233
gopro_005,val,gopro_fisheye,1920x1080,none,811,695.867,739.3429,268
gopro_005,val,gopro_fisheye,1920x1080,none,811,739.3429,785.5351,199
gopro_005,val,gopro_fisheye,1920x1080,none,811,785.5351,834.6133,189
gopro_005,val,gopro_fisheye,1920x1080,none,811,834.6133,886.7577,213
gopro_005,val,gopro_fisheye,1920x1080,none,811,886.7577,942.16,149
gopro_005,val,gopro_fisheye,1920x1080,none,811,942.16,1001.0237,118
gopro_005,val,gopro_fisheye,1920x1080,none,811,1001.0237,1063.565,118
gopro_005,val,gopro_fisheye,1920x1080,none,811,1063.565,1130.0138,138
gopro_005,val,gopro_fisheye,1920x1080,none,811,1130.0138,1200.6141,125
gopro_005,val,gopro_fisheye,1920x1080,none,811,1200.6141,1275.6253,110
gopro_005,val,gopro_fisheye,1920x1080,none,811,1275.6253,1355.323,103
gopro_005,val,gopro_fisheye,1920x1080,none,811,1355.323,1440.0,82
gopro_005,val,gopro_fisheye,1920x1080,none,811,1440.0,1529.9674,71
gopro_005,val,gopro_fisheye,1920x1080,none,811,1529.9674,1625.5557,83
gopro_005,val,gopro_fisheye,1920x1080,none,811,1625.5557,1727.1162,71
gopro_005,val,gopro_fisheye,1920x1080,none,811,1727.1162,1835.0219,84
gopro_005,val,gopro_fisheye,1920x1080,none,811,1835.0219,1949.6692,65
gopro_005,val,gopro_fisheye,1920x1080,none,811,1949.6692,2071.4794,82
gopro_005,val,gopro_fisheye,1920x1080,none,811,2071.4794,2200.9,85
gopro_005,val,gopro_fisheye,1920x1080,none,811,2200.9,2338.4064,81
gopro_005,val,gopro_fisheye,1920x1080,none,811,2338.4064,2484.5039,105
gopro_005,val,gopro_fisheye,1920x1080,none,811,2484.5039,2639.7291,71
gopro_005,val,gopro_fisheye,1920x1080,none,811,2639.7291,2804.6525,76
gopro_005,val,gopro_fisheye,1920x1080,none,811,2804.6525,2979.8798,75
gopro_005,val,gopro_fisheye,1920x1080,none,811,2979.8798,3166.0548,84
gopro_005,val,gopro_fisheye,1920x1080,none,811,3166.0548,3363.8616,45
gopro_005,val,gopro_fisheye,1920x1080,none,811,3363.8616,3574.0268,43
gopro_005,val,gopro_fisheye,1920x1080,none,811,3574.0268,3797.3226,49
gopro_005,val,gopro_fisheye,1920x1080,none,811,3797.3226,4034.5693,43
gopro_005,val,gopro_fisheye,1920x1080,none,811,4034.5693,4286.6386,41
gopro_005,val,gopro_fisheye,1920x1080,none,811,4286.6386,4554.4564,42
gopro_005,val,gopro_fisheye,1920x1080,none,811,4554.4564,4839.0069,32
gopro_005,val,gopro_fisheye,1920x1080,none,811,4839.0069,5141.3353,36
gopro_005,val,gopro_fisheye,1920x1080,none,811,5141.3353,5462.5524,34
gopro_005,val,gopro_fisheye,1920x1080,none,811,5462.5524,5803.8383,46
gopro_005,val,gopro_fisheye,1920x1080,none,811,5803.8383,6166.4468,48
gopro_005,val,gopro_fisheye,1920x1080,none,811,6166.4468,6551.7102,54
gopro_005,val,gopro_fisheye,1920x1080,none,811,6551.7102,6961.0438,20
gopro_005,val,gopro_fisheye,1920x1080,none,811,6961.0438,7395.9515,18
gopro_005,val,gopro_fisheye,1920x1080,none,811,7395.9515,7858.031,25
gopro_005,val,gopro_fisheye,1920x1080,none,811,7858.031,8348.9801,19
gopro_005,val,gopro_fisheye,1920x1080,none,811,8348.9801,8870.6024,34
gopro_005,val,gopro_fisheye,1920x1080,none,811,8870.6024,9424.8143,31
gopro_005,val,gopro_fisheye,1920x1080,none,811,9424.8143,10013.6519,12
gopro_005,val,gopro_fisheye,1920x1080,none,811,10013.6519,10639.2785,16
gopro_005,val,gopro_fisheye,1920x1080,none,811,10639.2785,11303.9926,19
gopro_005,val,gopro_fisheye,1920x1080,none,811,11303.9926,12010.2363,9
gopro_005,val,gopro_fisheye,1920x1080,none,811,12010.2363,12760.6042,13
gopro_005,val,gopro_fisheye,1920x1080,none,811,12760.6042,13557.8532,6
gopro_005,val,gopro_fisheye,1920x1080,none,811,13557.8532,14404.9122,9
gopro_005,val,gopro_fisheye,1920x1080,none,811,14404.9122,15304.8932,15
gopro_005,val,gopro_fisheye,1920x1080,none,811,15304.8932,16261.1026,11
gopro_005,val,gopro_fisheye,1920x1080,none,811,16261.1026,17277.0535,20
gopro_005,val,gopro_fisheye,1920x1080,none,811,17277.0535,18356.4783,9
gopro_005,val,gopro_fisheye,1920x1080,none,811,18356.4783,19503.3427,13
gopro_005,val,gopro_fisheye,1920x1080,none,811,19503.3427,20721.8602,15
gopro_005,val,gopro_fisheye,1920x1080,none,811,20721.8602,22016.5075,28
gopro_005,val,gopro_fisheye,1920x1080,none,811,22016.5075,23392.0409,27
gopro_005,val,gopro_fisheye,1920x1080,none,811,23392.0409,24853.514,6
gopro_005,val,gopro_fisheye,1920x1080,none,811,24853.514,26406.2961,7
gopro_005,val,gopro_fisheye,1920x1080,none,811,26406.2961,28056.092,5
gopro_005,val,gopro_fisheye,1920x1080,none,811,28056.092,29808.9627,7
gopro_005,val,gopro_fisheye,1920x1080,none,811,29808.9627,31671.3482,5
gopro_005,val,gopro_fisheye,1920x1080,none,811,31671.3482,33650.0907,9
gopro_005,val,gopro_fisheye,1920x1080,none,811,33650.0907,35752.4597,5
gopro_005,val,gopro_fisheye,1920x1080,none,811,35752.4597,37986.1793,10
gopro_005,val,gopro_fisheye,1920x1080,none,811,37986.1793,40359.4557,7
gopro_005,val,gopro_fisheye,1920x1080,none,811,1951665.1031,2073600.0,1
gopro_005,val,gopro_fisheye,1920x1080,open3,811,3.7934,4.0304,13
gopro_005,val,gopro_fisheye,1920x1080,open3,811,5.7979,6.1601,2499
gopro_005,val,gopro_fisheye,1920x1080,open3,811,7.85,8.3404,899
gopro_005,val,gopro_fisheye,1920x1080,open3,811,8.8615,9.4152,117191
gopro_005,val,gopro_fisheye,1920x1080,open3,811,9.4152,10.0034,328
gopro_005,val,gopro_fisheye,1920x1080,open3,811,10.6284,11.2924,266
gopro_005,val,gopro_fisheye,1920x1080,open3,811,11.998,12.7476,45672
gopro_005,val,gopro_fisheye,1920x1080,open3,811,12.7476,13.544,134
gopro_005,val,gopro_fisheye,1920x1080,open3,811,13.544,14.3902,4256
gopro_005,val,gopro_fisheye,1920x1080,open3,811,14.3902,15.2892,19471
gopro_005,val,gopro_fisheye,1920x1080,open3,811,15.2892,16.2445,5677
gopro_005,val,gopro_fisheye,1920x1080,open3,811,16.2445,17.2594,4120
gopro_005,val,gopro_fisheye,1920x1080,open3,811,17.2594,18.3377,11483
gopro_005,val,gopro_fisheye,1920x1080,open3,811,18.3377,19.4834,5490
gopro_005,val,gopro_fisheye,1920x1080,open3,811,19.4834,20.7007,4073
gopro_005,val,gopro_fisheye,1920x1080,open3,811,20.7007,21.994,6411
gopro_005,val,gopro_fisheye,1920x1080,open3,811,21.994,23.3681,7348
gopro_005,val,gopro_fisheye,1920x1080,open3,811,23.3681,24.8281,4562
gopro_005,val,gopro_fisheye,1920x1080,open3,811,24.8281,26.3793,5849
gopro_005,val,gopro_fisheye,1920x1080,open3,811,26.3793,28.0274,5789
gopro_005,val,gopro_fisheye,1920x1080,open3,811,28.0274,29.7785,2018
gopro_005,val,gopro_fisheye,1920x1080,open3,811,29.7785,31.639,4387
gopro_005,val,gopro_fisheye,1920x1080,open3,811,31.639,33.6157,3545
gopro_005,val,gopro_fisheye,1920x1080,open3,811,33.6157,35.7159,3181
gopro_005,val,gopro_fisheye,1920x1080,open3,811,35.7159,37.9473,2733
gopro_005,val,gopro_fisheye,1920x1080,open3,811,37.9473,40.3182,3489
gopro_005,val,gopro_fisheye,1920x1080,open3,811,40.3182,42.8372,1995
gopro_005,val,gopro_fisheye,1920x1080,open3,811,42.8372,45.5135,2553
gopro_005,val,gopro_fisheye,1920x1080,open3,811,45.5135,48.3571,2166
gopro_005,val,gopro_fisheye,1920x1080,open3,811,48.3571,51.3783,1829
gopro_005,val,gopro_fisheye,1920x1080,open3,811,51.3783,54.5883,1646
gopro_005,val,gopro_fisheye,1920x1080,open3,811,54.5883,57.9988,1433
gopro_005,val,gopro_fisheye,1920x1080,open3,811,57.9988,61.6224,1645
gopro_005,val,gopro_fisheye,1920x1080,open3,811,61.6224,65.4724,1405
gopro_005,val,gopro_fisheye,1920x1080,open3,811,65.4724,69.563,1235
gopro_005,val,gopro_fisheye,1920x1080,open3,811,69.563,73.9091,956
gopro_005,val,gopro_fisheye,1920x1080,open3,811,73.9091,78.5267,1062
gopro_005,val,gopro_fisheye,1920x1080,open3,811,78.5267,83.4329,794
gopro_005,val,gopro_fisheye,1920x1080,open3,811,83.4329,88.6455,801
gopro_005,val,gopro_fisheye,1920x1080,open3,811,88.6455,94.1839,744
gopro_005,val,gopro_fisheye,1920x1080,open3,811,94.1839,100.0682,637
gopro_005,val,gopro_fisheye,1920x1080,open3,811,100.0682,106.3202,584
gopro_005,val,gopro_fisheye,1920x1080,open3,811,106.3202,112.9628,499
gopro_005,val,gopro_fisheye,1920x1080,open3,811,112.9628,120.0205,608
gopro_005,val,gopro_fisheye,1920x1080,open3,811,120.0205,127.519,414
gopro_005,val,gopro_fisheye,1920x1080,open3,811,127.519,135.4861,453
gopro_005,val,gopro_fisheye,1920x1080,open3,811,135.4861,143.9509,403
gopro_005,val,gopro_fisheye,1920x1080,open3,811,143.9509,152.9446,403
gopro_005,val,gopro_fisheye,1920x1080,open3,811,152.9446,162.5001,349
gopro_005,val,gopro_fisheye,1920x1080,open3,811,162.5001,172.6527,284
gopro_005,val,gopro_fisheye,1920x1080,open3,811,172.6527,183.4396,255
gopro_005,val,gopro_fisheye,1920x1080,open3,811,183.4396,194.9004,246
gopro_005,val,gopro_fisheye,1920x1080,open3,811,194.9004,207.0773,251
gopro_005,val,gopro_fisheye,1920x1080,open3,811,207.0773,220.0149,201
gopro_005,val,gopro_fisheye,1920x1080,open3,811,220.0149,233.7609,151
gopro_005,val,gopro_fisheye,1920x1080,open3,811,233.7609,248.3657,144
gopro_005,val,gopro_fisheye,1920x1080,open3,811,248.3657,263.8829,126
gopro_005,val,gopro_fisheye,1920x1080,open3,811,263.8829,280.3696,130
gopro_005,val,gopro_fisheye,1920x1080,open3,811,280.3696,297.8864,136
gopro_005,val,gopro_fisheye,1920x1080,open3,811,297.8864,316.4975,134
gopro_005,val,gopro_fisheye,1920x1080,open3,811,316.4975,336.2714,146
gopro_005,val,gopro_fisheye,1920x1080,open3,811,336.2714,357.2808,141
gopro_005,val,gopro_fisheye,1920x1080,open3,811,357.2808,379.6028,110
gopro_005,val,gopro_fisheye,1920x1080,open3,811,379.6028,403.3193,88
gopro_005,val,gopro_fisheye,1920x1080,open3,811,403.3193,428.5177,82
gopro_005,val,gopro_fisheye,1920x1080,open3,811,428.5177,455.2903,63
gopro_005,val,gopro_fisheye,1920x1080,open3,811,455.2903,483.7357,42
gopro_005,val,gopro_fisheye,1920x1080,open3,811,483.7357,513.9582,51
gopro_005,val,gopro_fisheye,1920x1080,open3,811,513.9582,546.069,54
gopro_005,val,gopro_fisheye,1920x1080,open3,811,546.069,580.1859,43
gopro_005,val,gopro_fisheye,1920x1080,open3,811,580.1859,616.4344,25
gopro_005,val,gopro_fisheye,1920x1080,open3,811,616.4344,654.9476,28
gopro_005,val,gopro_fisheye,1920x1080,open3,811,654.9476,695.867,41
gopro_005,val,gopro_fisheye,1920x1080,open3,811,695.867,739.3429,32
gopro_005,val,gopro_fisheye,1920x1080,open3,811,739.3429,785.5351,40
gopro_005,val,gopro_fisheye,1920x1080,open3,811,785.5351,834.6133,60
gopro_005,val,gopro_fisheye,1920x1080,open3,811,834.6133,886.7577,54
gopro_005,val,gopro_fisheye,1920x1080,open3,811,886.7577,942.16,22
gopro_005,val,gopro_fisheye,1920x1080,open3,811,942.16,1001.0237,23
gopro_005,val,gopro_fisheye,1920x1080,open3,811,1001.0237,1063.565,17
gopro_005,val,gopro_fisheye,1920x1080,open3,811,1063.565,1130.0138,24
gopro_005,val,gopro_fisheye,1920x1080,open3,811,1130.0138,1200.6141,21
gopro_005,val,gopro_fisheye,1920x1080,open3,811,1200.6141,1275.6253,20
gopro_005,val,gopro_fisheye,1920x1080,open3,811,1275.6253,1355.323,35
gopro_005,val,gopro_fisheye,1920x1080,open3,811,1355.323,1440.0,27
gopro_005,val,gopro_fisheye,1920x1080,open3,811,1440.0,1529.9674,22
gopro_005,val,gopro_fisheye,1920x1080,open3,811,1529.9674,1625.5557,33
gopro_005,val,gopro_fisheye,1920x1080,open3,811,1625.5557,1727.1162,29
gopro_005,val,gopro_fisheye,1920x1080,open3,811,1727.1162,1835.0219,21
gopro_005,val,gopro_fisheye,1920x1080,open3,811,1835.0219,1949.6692,16
gopro_005,val,gopro_fisheye,1920x1080,open3,811,1949.6692,2071.4794,20
gopro_005,val,gopro_fisheye,1920x1080,open3,811,2071.4794,2200.9,13
gopro_005,val,gopro_fisheye,1920x1080,open3,811,2200.9,2338.4064,22
gopro_005,val,gopro_fisheye,1920x1080,open3,811,2338.4064,2484.5039,17
gopro_005,val,gopro_fisheye,1920x1080,open3,811,2484.5039,2639.7291,10
gopro_005,val,gopro_fisheye,1920x1080,open3,811,2639.7291,2804.6525,21
gopro_005,val,gopro_fisheye,1920x1080,open3,811,2804.6525,2979.8798,21
gopro_005,val,gopro_fisheye,1920x1080,open3,811,2979.8798,3166.0548,21
gopro_005,val,gopro_fisheye,1920x1080,open3,811,3166.0548,3363.8616,25
gopro_005,val,gopro_fisheye,1920x1080,open3,811,3363.8616,3574.0268,19
gopro_005,val,gopro_fisheye,1920x1080,open3,811,3574.0268,3797.3226,7
gopro_005,val,gopro_fisheye,1920x1080,open3,811,3797.3226,4034.5693,16
gopro_005,val,gopro_fisheye,1920x1080,open3,811,4034.5693,4286.6386,14
gopro_005,val,gopro_fisheye,1920x1080,open3,811,4286.6386,4554.4564,14
gopro_005,val,gopro_fisheye,1920x1080,open3,811,4554.4564,4839.0069,15
gopro_005,val,gopro_fisheye,1920x1080,open3,811,4839.0069,5141.3353,12
gopro_005,val,gopro_fisheye,1920x1080,open3,811,5141.3353,5462.5524,7
gopro_005,val,gopro_fisheye,1920x1080,open3,811,5462.5524,5803.8383,13
gopro_005,val,gopro_fisheye,1920x1080,open3,811,5803.8383,6166.4468,3
gopro_005,val,gopro_fisheye,1920x1080,open3,811,6166.4468,6551.7102,5
gopro_005,val,gopro_fisheye,1920x1080,open3,811,6961.0438,7395.9515,5
gopro_005,val,gopro_fisheye,1920x1080,open3,811,7395.9515,7858.031,5
gopro_005,val,gopro_fisheye,1920x1080,open3,811,7858.031,8348.9801,7
gopro_005,val,gopro_fisheye,1920x1080,open3,811,8870.6024,9424.8143,1
gopro_005,val,gopro_fisheye,1920x1080,open3,811,9424.8143,10013.6519,1
gopro_005,val,gopro_fisheye,1920x1080,open3,811,11303.9926,12010.2363,1
gopro_005,val,gopro_fisheye,1920x1080,open3,811,12010.2363,12760.6042,2
gopro_005,val,gopro_fisheye,1920x1080,open3,811,12760.6042,13557.8532,3
gopro_005,val,gopro_fisheye,1920x1080,open3,811,13557.8532,14404.9122,1
gopro_005,val,gopro_fisheye,1920x1080,open3,811,1951665.1031,2073600.0,1
gopro_006,train,gopro_fisheye,1920x1080,none,1351,1.0,1.0625,9772221
gopro_006,train,gopro_fisheye,1920x1080,none,1351,1.9477,2.0694,2683580
gopro_006,train,gopro_fisheye,1920x1080,none,1351,2.9768,3.1628,1188337
gopro_006,train,gopro_fisheye,1920x1080,none,1351,3.7934,4.0304,694152
gopro_006,train,gopro_fisheye,1920x1080,none,1351,4.8341,5.1361,445596
gopro_006,train,gopro_fisheye,1920x1080,none,1351,5.7979,6.1601,311381
gopro_006,train,gopro_fisheye,1920x1080,none,1351,6.9539,7.3884,225875
gopro_006,train,gopro_fisheye,1920x1080,none,1351,7.85,8.3404,172566
gopro_006,train,gopro_fisheye,1920x1080,none,1351,8.8615,9.4152,135438
gopro_006,train,gopro_fisheye,1920x1080,none,1351,9.4152,10.0034,109126
gopro_006,train,gopro_fisheye,1920x1080,none,1351,10.6284,11.2924,88974
gopro_006,train,gopro_fisheye,1920x1080,none,1351,11.998,12.7476,73658
gopro_006,train,gopro_fisheye,1920x1080,none,1351,12.7476,13.544,61705
gopro_006,train,gopro_fisheye,1920x1080,none,1351,13.544,14.3902,52145
gopro_006,train,gopro_fisheye,1920x1080,none,1351,14.3902,15.2892,44873
gopro_006,train,gopro_fisheye,1920x1080,none,1351,15.2892,16.2445,38818
gopro_006,train,gopro_fisheye,1920x1080,none,1351,16.2445,17.2594,33890
gopro_006,train,gopro_fisheye,1920x1080,none,1351,17.2594,18.3377,29838
gopro_006,train,gopro_fisheye,1920x1080,none,1351,18.3377,19.4834,26569
gopro_006,train,gopro_fisheye,1920x1080,none,1351,19.4834,20.7007,23687
gopro_006,train,gopro_fisheye,1920x1080,none,1351,20.7007,21.994,21187
gopro_006,train,gopro_fisheye,1920x1080,none,1351,21.994,23.3681,36329
gopro_006,train,gopro_fisheye,1920x1080,none,1351,23.3681,24.8281,15676
gopro_006,train,gopro_fisheye,1920x1080,none,1351,24.8281,26.3793,26987
gopro_006,train,gopro_fisheye,1920x1080,none,1351,26.3793,28.0274,22695
gopro_006,train,gopro_fisheye,1920x1080,none,1351,28.0274,29.7785,9884
gopro_006,train,gopro_fisheye,1920x1080,none,1351,29.7785,31.639,17829
gopro_006,train,gopro_fisheye,1920x1080,none,1351,31.639,33.6157,15150
gopro_006,train,gopro_fisheye,1920x1080,none,1351,33.6157,35.7159,13282
gopro_006,train,gopro_fisheye,1920x1080,none,1351,35.7159,37.9473,11295
gopro_006,train,gopro_fisheye,1920x1080,none,1351,37.9473,40.3182,14656
gopro_006,train,gopro_fisheye,1920x1080,none,1351,40.3182,42.8372,8085
gopro_006,train,gopro_fisheye,1920x1080,none,1351,42.8372,45.5135,10473
gopro_006,train,gopro_fisheye,1920x1080,none,1351,45.5135,48.3571,8951
gopro_006,train,gopro_fisheye,1920x1080,none,1351,48.3571,51.3783,8029
gopro_006,train,gopro_fisheye,1920x1080,none,1351,51.3783,54.5883,6917
gopro_006,train,gopro_fisheye,1920x1080,none,1351,54.5883,57.9988,6233
gopro_006,train,gopro_fisheye,1920x1080,none,1351,57.9988,61.6224,7125
gopro_006,train,gopro_fisheye,1920x1080,none,1351,61.6224,65.4724,6048
gopro_006,train,gopro_fisheye,1920x1080,none,1351,65.4724,69.563,5158
gopro_006,train,gopro_fisheye,1920x1080,none,1351,69.563,73.9091,4438
gopro_006,train,gopro_fisheye,1920x1080,none,1351,73.9091,78.5267,4771
gopro_006,train,gopro_fisheye,1920x1080,none,1351,78.5267,83.4329,4224
gopro_006,train,gopro_fisheye,1920x1080,none,1351,83.4329,88.6455,3624
gopro_006,train,gopro_fisheye,1920x1080,none,1351,88.6455,94.1839,3845
gopro_006,train,gopro_fisheye,1920x1080,none,1351,94.1839,100.0682,3438
gopro_006,train,gopro_fisheye,1920x1080,none,1351,100.0682,106.3202,2973
gopro_006,train,gopro_fisheye,1920x1080,none,1351,106.3202,112.9628,2654
gopro_006,train,gopro_fisheye,1920x1080,none,1351,112.9628,120.0205,2990
gopro_006,train,gopro_fisheye,1920x1080,none,1351,120.0205,127.519,2260
gopro_006,train,gopro_fisheye,1920x1080,none,1351,127.519,135.4861,2228
gopro_006,train,gopro_fisheye,1920x1080,none,1351,135.4861,143.9509,1848
gopro_006,train,gopro_fisheye,1920x1080,none,1351,143.9509,152.9446,1812
gopro_006,train,gopro_fisheye,1920x1080,none,1351,152.9446,162.5001,1693
gopro_006,train,gopro_fisheye,1920x1080,none,1351,162.5001,172.6527,1482
gopro_006,train,gopro_fisheye,1920x1080,none,1351,172.6527,183.4396,1377
gopro_006,train,gopro_fisheye,1920x1080,none,1351,183.4396,194.9004,1151
gopro_006,train,gopro_fisheye,1920x1080,none,1351,194.9004,207.0773,1116
gopro_006,train,gopro_fisheye,1920x1080,none,1351,207.0773,220.0149,953
gopro_006,train,gopro_fisheye,1920x1080,none,1351,220.0149,233.7609,834
gopro_006,train,gopro_fisheye,1920x1080,none,1351,233.7609,248.3657,807
gopro_006,train,gopro_fisheye,1920x1080,none,1351,248.3657,263.8829,780
gopro_006,train,gopro_fisheye,1920x1080,none,1351,263.8829,280.3696,736
gopro_006,train,gopro_fisheye,1920x1080,none,1351,280.3696,297.8864,609
gopro_006,train,gopro_fisheye,1920x1080,none,1351,297.8864,316.4975,661
gopro_006,train,gopro_fisheye,1920x1080,none,1351,316.4975,336.2714,638
gopro_006,train,gopro_fisheye,1920x1080,none,1351,336.2714,357.2808,514
gopro_006,train,gopro_fisheye,1920x1080,none,1351,357.2808,379.6028,441
gopro_006,train,gopro_fisheye,1920x1080,none,1351,379.6028,403.3193,354
gopro_006,train,gopro_fisheye,1920x1080,none,1351,403.3193,428.5177,337
gopro_006,train,gopro_fisheye,1920x1080,none,1351,428.5177,455.2903,290
gopro_006,train,gopro_fisheye,1920x1080,none,1351,455.2903,483.7357,252
gopro_006,train,gopro_fisheye,1920x1080,none,1351,483.7357,513.9582,269
gopro_006,train,gopro_fisheye,1920x1080,none,1351,513.9582,546.069,277
gopro_006,train,gopro_fisheye,1920x1080,none,1351,546.069,580.1859,188
gopro_006,train,gopro_fisheye,1920x1080,none,1351,580.1859,616.4344,176
gopro_006,train,gopro_fisheye,1920x1080,none,1351,616.4344,654.9476,139
gopro_006,train,gopro_fisheye,1920x1080,none,1351,654.9476,695.867,128
gopro_006,train,gopro_fisheye,1920x1080,none,1351,695.867,739.3429,91
gopro_006,train,gopro_fisheye,1920x1080,none,1351,739.3429,785.5351,111
gopro_006,train,gopro_fisheye,1920x1080,none,1351,785.5351,834.6133,94
gopro_006,train,gopro_fisheye,1920x1080,none,1351,834.6133,886.7577,83
gopro_006,train,gopro_fisheye,1920x1080,none,1351,886.7577,942.16,63
gopro_006,train,gopro_fisheye,1920x1080,none,1351,942.16,1001.0237,59
gopro_006,train,gopro_fisheye,1920x1080,none,1351,1001.0237,1063.565,59
gopro_006,train,gopro_fisheye,1920x1080,none,1351,1063.565,1130.0138,50
gopro_006,train,gopro_fisheye,1920x1080,none,1351,1130.0138,1200.6141,54
gopro_006,train,gopro_fisheye,1920x1080,none,1351,1200.6141,1275.6253,55
gopro_006,train,gopro_fisheye,1920x1080,none,1351,1275.6253,1355.323,37
gopro_006,train,gopro_fisheye,1920x1080,none,1351,1355.323,1440.0,34
gopro_006,train,gopro_fisheye,1920x1080,none,1351,1440.0,1529.9674,14
gopro_006,train,gopro_fisheye,1920x1080,none,1351,1529.9674,1625.5557,12
gopro_006,train,gopro_fisheye,1920x1080,none,1351,1625.5557,1727.1162,13
gopro_006,train,gopro_fisheye,1920x1080,none,1351,1727.1162,1835.0219,27
gopro_006,train,gopro_fisheye,1920x1080,none,1351,1835.0219,1949.6692,14
gopro_006,train,gopro_fisheye,1920x1080,none,1351,1949.6692,2071.4794,16
gopro_006,train,gopro_fisheye,1920x1080,none,1351,2071.4794,2200.9,10
gopro_006,train,gopro_fisheye,1920x1080,none,1351,2200.9,2338.4064,18
gopro_006,train,gopro_fisheye,1920x1080,none,1351,2338.4064,2484.5039,8
gopro_006,train,gopro_fisheye,1920x1080,none,1351,2484.5039,2639.7291,9
gopro_006,train,gopro_fisheye,1920x1080,none,1351,2639.7291,2804.6525,9
gopro_006,train,gopro_fisheye,1920x1080,none,1351,2804.6525,2979.8798,6
gopro_006,train,gopro_fisheye,1920x1080,none,1351,2979.8798,3166.0548,4
gopro_006,train,gopro_fisheye,1920x1080,none,1351,3166.0548,3363.8616,5
gopro_006,train,gopro_fisheye,1920x1080,none,1351,3363.8616,3574.0268,2
gopro_006,train,gopro_fisheye,1920x1080,none,1351,3574.0268,3797.3226,8
gopro_006,train,gopro_fisheye,1920x1080,none,1351,3797.3226,4034.5693,5
gopro_006,train,gopro_fisheye,1920x1080,none,1351,4034.5693,4286.6386,3
gopro_006,train,gopro_fisheye,1920x1080,none,1351,4286.6386,4554.4564,5
gopro_006,train,gopro_fisheye,1920x1080,none,1351,4554.4564,4839.0069,3
gopro_006,train,gopro_fisheye,1920x1080,none,1351,4839.0069,5141.3353,1
gopro_006,train,gopro_fisheye,1920x1080,none,1351,5462.5524,5803.8383,1
gopro_006,train,gopro_fisheye,1920x1080,none,1351,5803.8383,6166.4468,4
gopro_006,train,gopro_fisheye,1920x1080,none,1351,6166.4468,6551.7102,1
gopro_006,train,gopro_fisheye,1920x1080,none,1351,6551.7102,6961.0438,2
gopro_006,train,gopro_fisheye,1920x1080,none,1351,9424.8143,10013.6519,3
gopro_006,train,gopro_fisheye,1920x1080,none,1351,10013.6519,10639.2785,2
gopro_006,train,gopro_fisheye,1920x1080,none,1351,12760.6042,13557.8532,2
gopro_006,train,gopro_fisheye,1920x1080,none,1351,17277.0535,18356.4783,2
gopro_006,train,gopro_fisheye,1920x1080,none,1351,18356.4783,19503.3427,2
gopro_006,train,gopro_fisheye,1920x1080,none,1351,19503.3427,20721.8602,1
gopro_006,train,gopro_fisheye,1920x1080,none,1351,20721.8602,22016.5075,1
gopro_006,train,gopro_fisheye,1920x1080,none,1351,23392.0409,24853.514,1
gopro_006,train,gopro_fisheye,1920x1080,none,1351,24853.514,26406.2961,1
gopro_006,train,gopro_fisheye,1920x1080,none,1351,26406.2961,28056.092,2
gopro_006,train,gopro_fisheye,1920x1080,none,1351,28056.092,29808.9627,5
gopro_006,train,gopro_fisheye,1920x1080,none,1351,29808.9627,31671.3482,4
gopro_006,train,gopro_fisheye,1920x1080,none,1351,31671.3482,33650.0907,1
gopro_006,train,gopro_fisheye,1920x1080,none,1351,33650.0907,35752.4597,1
gopro_006,train,gopro_fisheye,1920x1080,none,1351,35752.4597,37986.1793,2
gopro_006,train,gopro_fisheye,1920x1080,none,1351,42881.0083,45560.1008,1
gopro_006,train,gopro_fisheye,1920x1080,none,1351,1951665.1031,2073600.0,1
gopro_006,train,gopro_fisheye,1920x1080,open3,1351,3.7934,4.0304,6
gopro_006,train,gopro_fisheye,1920x1080,open3,1351,5.7979,6.1601,3948
gopro_006,train,gopro_fisheye,1920x1080,open3,1351,7.85,8.3404,1164
gopro_006,train,gopro_fisheye,1920x1080,open3,1351,8.8615,9.4152,115450
gopro_006,train,gopro_fisheye,1920x1080,open3,1351,9.4152,10.0034,298
gopro_006,train,gopro_fisheye,1920x1080,open3,1351,10.6284,11.2924,346
gopro_006,train,gopro_fisheye,1920x1080,open3,1351,11.998,12.7476,44153
gopro_006,train,gopro_fisheye,1920x1080,open3,1351,12.7476,13.544,152
gopro_006,train,gopro_fisheye,1920x1080,open3,1351,13.544,14.3902,5188
gopro_006,train,gopro_fisheye,1920x1080,open3,1351,14.3902,15.2892,20698
gopro_006,train,gopro_fisheye,1920x1080,open3,1351,15.2892,16.2445,5321
gopro_006,train,gopro_fisheye,1920x1080,open3,1351,16.2445,17.2594,4134
gopro_006,train,gopro_fisheye,1920x1080,open3,1351,17.2594,18.3377,11221
gopro_006,train,gopro_fisheye,1920x1080,open3,1351,18.3377,19.4834,5509
gopro_006,train,gopro_fisheye,1920x1080,open3,1351,19.4834,20.7007,3724
gopro_006,train,gopro_fisheye,1920x1080,open3,1351,20.7007,21.994,6193
gopro_006,train,gopro_fisheye,1920x1080,open3,1351,21.994,23.3681,7575
gopro_006,train,gopro_fisheye,1920x1080,open3,1351,23.3681,24.8281,4336
gopro_006,train,gopro_fisheye,1920x1080,open3,1351,24.8281,26.3793,5751
gopro_006,train,gopro_fisheye,1920x1080,open3,1351,26.3793,28.0274,5493
gopro_006,train,gopro_fisheye,1920x1080,open3,1351,28.0274,29.7785,2100
gopro_006,train,gopro_fisheye,1920x1080,open3,1351,29.7785,31.639,4219
gopro_006,train,gopro_fisheye,1920x1080,open3,1351,31.639,33.6157,3585
gopro_006,train,gopro_fisheye,1920x1080,open3,1351,33.6157,35.7159,2926
gopro_006,train,gopro_fisheye,1920x1080,open3,1351,35.7159,37.9473,2801
gopro_006,train,gopro_fisheye,1920x1080,open3,1351,37.9473,40.3182,3540
gopro_006,train,gopro_fisheye,1920x1080,open3,1351,40.3182,42.8372,2058
gopro_006,train,gopro_fisheye,1920x1080,open3,1351,42.8372,45.5135,2698
gopro_006,train,gopro_fisheye,1920x1080,open3,1351,45.5135,48.3571,2451
gopro_006,train,gopro_fisheye,1920x1080,open3,1351,48.3571,51.3783,2084
gopro_006,train,gopro_fisheye,1920x1080,open3,1351,51.3783,54.5883,1780
gopro_006,train,gopro_fisheye,1920x1080,open3,1351,54.5883,57.9988,1570
gopro_006,train,gopro_fisheye,1920x1080,open3,1351,57.9988,61.6224,1774
gopro_006,train,gopro_fisheye,1920x1080,open3,1351,61.6224,65.4724,1519
gopro_006,train,gopro_fisheye,1920x1080,open3,1351,65.4724,69.563,1343
gopro_006,train,gopro_fisheye,1920x1080,open3,1351,69.563,73.9091,1153
gopro_006,train,gopro_fisheye,1920x1080,open3,1351,73.9091,78.5267,1225
gopro_006,train,gopro_fisheye,1920x1080,open3,1351,78.5267,83.4329,1018
gopro_006,train,gopro_fisheye,1920x1080,open3,1351,83.4329,88.6455,870
gopro_006,train,gopro_fisheye,1920x1080,open3,1351,88.6455,94.1839,913
gopro_006,train,gopro_fisheye,1920x1080,open3,1351,94.1839,100.0682,877
gopro_006,train,gopro_fisheye,1920x1080,open3,1351,100.0682,106.3202,693
gopro_006,train,gopro_fisheye,1920x1080,open3,1351,106.3202,112.9628,610
gopro_006,train,gopro_fisheye,1920x1080,open3,1351,112.9628,120.0205,709
gopro_006,train,gopro_fisheye,1920x1080,open3,1351,120.0205,127.519,534
gopro_006,train,gopro_fisheye,1920x1080,open3,1351,127.519,135.4861,561
gopro_006,train,gopro_fisheye,1920x1080,open3,1351,135.4861,143.9509,438
gopro_006,train,gopro_fisheye,1920x1080,open3,1351,143.9509,152.9446,380
gopro_006,train,gopro_fisheye,1920x1080,open3,1351,152.9446,162.5001,370
gopro_006,train,gopro_fisheye,1920x1080,open3,1351,162.5001,172.6527,356
gopro_006,train,gopro_fisheye,1920x1080,open3,1351,172.6527,183.4396,317
gopro_006,train,gopro_fisheye,1920x1080,open3,1351,183.4396,194.9004,284
gopro_006,train,gopro_fisheye,1920x1080,open3,1351,194.9004,207.0773,260
gopro_006,train,gopro_fisheye,1920x1080,open3,1351,207.0773,220.0149,225
gopro_006,train,gopro_fisheye,1920x1080,open3,1351,220.0149,233.7609,205
gopro_006,train,gopro_fisheye,1920x1080,open3,1351,233.7609,248.3657,211
gopro_006,train,gopro_fisheye,1920x1080,open3,1351,248.3657,263.8829,158
gopro_006,train,gopro_fisheye,1920x1080,open3,1351,263.8829,280.3696,149
gopro_006,train,gopro_fisheye,1920x1080,open3,1351,280.3696,297.8864,101
gopro_006,train,gopro_fisheye,1920x1080,open3,1351,297.8864,316.4975,94
gopro_006,train,gopro_fisheye,1920x1080,open3,1351,316.4975,336.2714,82
gopro_006,train,gopro_fisheye,1920x1080,open3,1351,336.2714,357.2808,76
gopro_006,train,gopro_fisheye,1920x1080,open3,1351,357.2808,379.6028,58
gopro_006,train,gopro_fisheye,1920x1080,open3,1351,379.6028,403.3193,28
gopro_006,train,gopro_fisheye,1920x1080,open3,1351,403.3193,428.5177,53
gopro_006,train,gopro_fisheye,1920x1080,open3,1351,428.5177,455.2903,35
gopro_006,train,gopro_fisheye,1920x1080,open3,1351,455.2903,483.7357,20
gopro_006,train,gopro_fisheye,1920x1080,open3,1351,483.7357,513.9582,26
gopro_006,train,gopro_fisheye,1920x1080,open3,1351,513.9582,546.069,22
gopro_006,train,gopro_fisheye,1920x1080,open3,1351,546.069,580.1859,28
gopro_006,train,gopro_fisheye,1920x1080,open3,1351,580.1859,616.4344,32
gopro_006,train,gopro_fisheye,1920x1080,open3,1351,616.4344,654.9476,36
gopro_006,train,gopro_fisheye,1920x1080,open3,1351,654.9476,695.867,33
gopro_006,train,gopro_fisheye,1920x1080,open3,1351,695.867,739.3429,12
gopro_006,train,gopro_fisheye,1920x1080,open3,1351,739.3429,785.5351,27
gopro_006,train,gopro_fisheye,1920x1080,open3,1351,785.5351,834.6133,15
gopro_006,train,gopro_fisheye,1920x1080,open3,1351,834.6133,886.7577,22
gopro_006,train,gopro_fisheye,1920x1080,open3,1351,886.7577,942.16,14
gopro_006,train,gopro_fisheye,1920x1080,open3,1351,942.16,1001.0237,8
gopro_006,train,gopro_fisheye,1920x1080,open3,1351,1001.0237,1063.565,11
gopro_006,train,gopro_fisheye,1920x1080,open3,1351,1063.565,1130.0138,10
gopro_006,train,gopro_fisheye,1920x1080,open3,1351,1130.0138,1200.6141,4
gopro_006,train,gopro_fisheye,1920x1080,open3,1351,1200.6141,1275.6253,4
gopro_006,train,gopro_fisheye,1920x1080,open3,1351,1275.6253,1355.323,3
gopro_006,train,gopro_fisheye,1920x1080,open3,1351,1355.323,1440.0,3
gopro_006,train,gopro_fisheye,1920x1080,open3,1351,1440.0,1529.9674,8
gopro_006,train,gopro_fisheye,1920x1080,open3,1351,1529.9674,1625.5557,5
gopro_006,train,gopro_fisheye,1920x1080,open3,1351,1625.5557,1727.1162,2
gopro_006,train,gopro_fisheye,1920x1080,open3,1351,1727.1162,1835.0219,3
gopro_006,train,gopro_fisheye,1920x1080,open3,1351,1835.0219,1949.6692,2
gopro_006,train,gopro_fisheye,1920x1080,open3,1351,1949.6692,2071.4794,2
gopro_006,train,gopro_fisheye,1920x1080,open3,1351,2071.4794,2200.9,2
gopro_006,train,gopro_fisheye,1920x1080,open3,1351,2200.9,2338.4064,3
gopro_006,train,gopro_fisheye,1920x1080,open3,1351,2338.4064,2484.5039,6
gopro_006,train,gopro_fisheye,1920x1080,open3,1351,2484.5039,2639.7291,3
gopro_006,train,gopro_fisheye,1920x1080,open3,1351,2639.7291,2804.6525,3
gopro_006,train,gopro_fisheye,1920x1080,open3,1351,2804.6525,2979.8798,6
gopro_006,train,gopro_fisheye,1920x1080,open3,1351,2979.8798,3166.0548,6
gopro_006,train,gopro_fisheye,1920x1080,open3,1351,3166.0548,3363.8616,4
gopro_006,train,gopro_fisheye,1920x1080,open3,1351,3363.8616,3574.0268,5
gopro_006,train,gopro_fisheye,1920x1080,open3,1351,3574.0268,3797.3226,4
gopro_006,train,gopro_fisheye,1920x1080,open3,1351,3797.3226,4034.5693,9
gopro_006,train,gopro_fisheye,1920x1080,open3,1351,4034.5693,4286.6386,1
gopro_006,train,gopro_fisheye,1920x1080,open3,1351,4554.4564,4839.0069,3
gopro_006,train,gopro_fisheye,1920x1080,open3,1351,4839.0069,5141.3353,3
gopro_006,train,gopro_fisheye,1920x1080,open3,1351,5141.3353,5462.5524,1
gopro_006,train,gopro_fisheye,1920x1080,open3,1351,5462.5524,5803.8383,1
gopro_006,train,gopro_fisheye,1920x1080,open3,1351,5803.8383,6166.4468,1
gopro_006,train,gopro_fisheye,1920x1080,open3,1351,9424.8143,10013.6519,1
gopro_006,train,gopro_fisheye,1920x1080,open3,1351,10639.2785,11303.9926,2
gopro_006,train,gopro_fisheye,1920x1080,open3,1351,1951665.1031,2073600.0,1
gopro_007,train,gopro_fisheye,1920x1080,none,3481,1.0,1.0625,17947656
gopro_007,train,gopro_fisheye,1920x1080,none,3481,1.9477,2.0694,5208867
gopro_007,train,gopro_fisheye,1920x1080,none,3481,2.9768,3.1628,2367566
gopro_007,train,gopro_fisheye,1920x1080,none,3481,3.7934,4.0304,1418151
gopro_007,train,gopro_fisheye,1920x1080,none,3481,4.8341,5.1361,916609
gopro_007,train,gopro_fisheye,1920x1080,none,3481,5.7979,6.1601,645930
gopro_007,train,gopro_fisheye,1920x1080,none,3481,6.9539,7.3884,474784
gopro_007,train,gopro_fisheye,1920x1080,none,3481,7.85,8.3404,362893
gopro_007,train,gopro_fisheye,1920x1080,none,3481,8.8615,9.4152,284659
gopro_007,train,gopro_fisheye,1920x1080,none,3481,9.4152,10.0034,227684
gopro_007,train,gopro_fisheye,1920x1080,none,3481,10.6284,11.2924,187217
gopro_007,train,gopro_fisheye,1920x1080,none,3481,11.998,12.7476,155765
gopro_007,train,gopro_fisheye,1920x1080,none,3481,12.7476,13.544,131199
gopro_007,train,gopro_fisheye,1920x1080,none,3481,13.544,14.3902,113390
gopro_007,train,gopro_fisheye,1920x1080,none,3481,14.3902,15.2892,97678
gopro_007,train,gopro_fisheye,1920x1080,none,3481,15.2892,16.2445,84458
gopro_007,train,gopro_fisheye,1920x1080,none,3481,16.2445,17.2594,73992
gopro_007,train,gopro_fisheye,1920x1080,none,3481,17.2594,18.3377,65668
gopro_007,train,gopro_fisheye,1920x1080,none,3481,18.3377,19.4834,57740
gopro_007,train,gopro_fisheye,1920x1080,none,3481,19.4834,20.7007,51643
gopro_007,train,gopro_fisheye,1920x1080,none,3481,20.7007,21.994,46222
gopro_007,train,gopro_fisheye,1920x1080,none,3481,21.994,23.3681,78101
gopro_007,train,gopro_fisheye,1920x1080,none,3481,23.3681,24.8281,33205
gopro_007,train,gopro_fisheye,1920x1080,none,3481,24.8281,26.3793,59322
gopro_007,train,gopro_fisheye,1920x1080,none,3481,26.3793,28.0274,49840
gopro_007,train,gopro_fisheye,1920x1080,none,3481,28.0274,29.7785,22208
gopro_007,train,gopro_fisheye,1920x1080,none,3481,29.7785,31.639,39538
gopro_007,train,gopro_fisheye,1920x1080,none,3481,31.639,33.6157,34156
gopro_007,train,gopro_fisheye,1920x1080,none,3481,33.6157,35.7159,29942
gopro_007,train,gopro_fisheye,1920x1080,none,3481,35.7159,37.9473,26398
gopro_007,train,gopro_fisheye,1920x1080,none,3481,37.9473,40.3182,33697
gopro_007,train,gopro_fisheye,1920x1080,none,3481,40.3182,42.8372,19450
gopro_007,train,gopro_fisheye,1920x1080,none,3481,42.8372,45.5135,25637
gopro_007,train,gopro_fisheye,1920x1080,none,3481,45.5135,48.3571,22464
gopro_007,train,gopro_fisheye,1920x1080,none,3481,48.3571,51.3783,19257
gopro_007,train,gopro_fisheye,1920x1080,none,3481,51.3783,54.5883,17035
gopro_007,train,gopro_fisheye,1920x1080,none,3481,54.5883,57.9988,14830
gopro_007,train,gopro_fisheye,1920x1080,none,3481,57.9988,61.6224,16993
gopro_007,train,gopro_fisheye,1920x1080,none,3481,61.6224,65.4724,14648
gopro_007,train,gopro_fisheye,1920x1080,none,3481,65.4724,69.563,12215
gopro_007,train,gopro_fisheye,1920x1080,none,3481,69.563,73.9091,10973
gopro_007,train,gopro_fisheye,1920x1080,none,3481,73.9091,78.5267,12207
gopro_007,train,gopro_fisheye,1920x1080,none,3481,78.5267,83.4329,10215
gopro_007,train,gopro_fisheye,1920x1080,none,3481,83.4329,88.6455,9033
gopro_007,train,gopro_fisheye,1920x1080,none,3481,88.6455,94.1839,9243
gopro_007,train,gopro_fisheye,1920x1080,none,3481,94.1839,100.0682,7810
gopro_007,train,gopro_fisheye,1920x1080,none,3481,100.0682,106.3202,6746
gopro_007,train,gopro_fisheye,1920x1080,none,3481,106.3202,112.9628,5869
gopro_007,train,gopro_fisheye,1920x1080,none,3481,112.9628,120.0205,6880
gopro_007,train,gopro_fisheye,1920x1080,none,3481,120.0205,127.519,5318
gopro_007,train,gopro_fisheye,1920x1080,none,3481,127.519,135.4861,5232
gopro_007,train,gopro_fisheye,1920x1080,none,3481,135.4861,143.9509,4484
gopro_007,train,gopro_fisheye,1920x1080,none,3481,143.9509,152.9446,4077
gopro_007,train,gopro_fisheye,1920x1080,none,3481,152.9446,162.5001,3902
gopro_007,train,gopro_fisheye,1920x1080,none,3481,162.5001,172.6527,3271
gopro_007,train,gopro_fisheye,1920x1080,none,3481,172.6527,183.4396,3063
gopro_007,train,gopro_fisheye,1920x1080,none,3481,183.4396,194.9004,2728
gopro_007,train,gopro_fisheye,1920x1080,none,3481,194.9004,207.0773,2708
gopro_007,train,gopro_fisheye,1920x1080,none,3481,207.0773,220.0149,2002
gopro_007,train,gopro_fisheye,1920x1080,none,3481,220.0149,233.7609,1778
gopro_007,train,gopro_fisheye,1920x1080,none,3481,233.7609,248.3657,1750
gopro_007,train,gopro_fisheye,1920x1080,none,3481,248.3657,263.8829,1388
gopro_007,train,gopro_fisheye,1920x1080,none,3481,263.8829,280.3696,1482
gopro_007,train,gopro_fisheye,1920x1080,none,3481,280.3696,297.8864,1381
gopro_007,train,gopro_fisheye,1920x1080,none,3481,297.8864,316.4975,1435
gopro_007,train,gopro_fisheye,1920x1080,none,3481,316.4975,336.2714,1166
gopro_007,train,gopro_fisheye,1920x1080,none,3481,336.2714,357.2808,864
gopro_007,train,gopro_fisheye,1920x1080,none,3481,357.2808,379.6028,757
gopro_007,train,gopro_fisheye,1920x1080,none,3481,379.6028,403.3193,675
gopro_007,train,gopro_fisheye,1920x1080,none,3481,403.3193,428.5177,524
gopro_007,train,gopro_fisheye,1920x1080,none,3481,428.5177,455.2903,546
gopro_007,train,gopro_fisheye,1920x1080,none,3481,455.2903,483.7357,460
gopro_007,train,gopro_fisheye,1920x1080,none,3481,483.7357,513.9582,378
gopro_007,train,gopro_fisheye,1920x1080,none,3481,513.9582,546.069,363
gopro_007,train,gopro_fisheye,1920x1080,none,3481,546.069,580.1859,281
gopro_007,train,gopro_fisheye,1920x1080,none,3481,580.1859,616.4344,230
gopro_007,train,gopro_fisheye,1920x1080,none,3481,616.4344,654.9476,193
gopro_007,train,gopro_fisheye,1920x1080,none,3481,654.9476,695.867,139
gopro_007,train,gopro_fisheye,1920x1080,none,3481,695.867,739.3429,153
gopro_007,train,gopro_fisheye,1920x1080,none,3481,739.3429,785.5351,117
gopro_007,train,gopro_fisheye,1920x1080,none,3481,785.5351,834.6133,82
gopro_007,train,gopro_fisheye,1920x1080,none,3481,834.6133,886.7577,74
gopro_007,train,gopro_fisheye,1920x1080,none,3481,886.7577,942.16,96
gopro_007,train,gopro_fisheye,1920x1080,none,3481,942.16,1001.0237,56
gopro_007,train,gopro_fisheye,1920x1080,none,3481,1001.0237,1063.565,51
gopro_007,train,gopro_fisheye,1920x1080,none,3481,1063.565,1130.0138,79
gopro_007,train,gopro_fisheye,1920x1080,none,3481,1130.0138,1200.6141,72
gopro_007,train,gopro_fisheye,1920x1080,none,3481,1200.6141,1275.6253,110
gopro_007,train,gopro_fisheye,1920x1080,none,3481,1275.6253,1355.323,95
gopro_007,train,gopro_fisheye,1920x1080,none,3481,1355.323,1440.0,69
gopro_007,train,gopro_fisheye,1920x1080,none,3481,1440.0,1529.9674,49
gopro_007,train,gopro_fisheye,1920x1080,none,3481,1529.9674,1625.5557,44
gopro_007,train,gopro_fisheye,1920x1080,none,3481,1625.5557,1727.1162,43
gopro_007,train,gopro_fisheye,1920x1080,none,3481,1727.1162,1835.0219,55
gopro_007,train,gopro_fisheye,1920x1080,none,3481,1835.0219,1949.6692,58
gopro_007,train,gopro_fisheye,1920x1080,none,3481,1949.6692,2071.4794,29
gopro_007,train,gopro_fisheye,1920x1080,none,3481,2071.4794,2200.9,8
gopro_007,train,gopro_fisheye,1920x1080,none,3481,2200.9,2338.4064,9
gopro_007,train,gopro_fisheye,1920x1080,none,3481,2338.4064,2484.5039,6
gopro_007,train,gopro_fisheye,1920x1080,none,3481,2484.5039,2639.7291,6
gopro_007,train,gopro_fisheye,1920x1080,none,3481,2639.7291,2804.6525,8
gopro_007,train,gopro_fisheye,1920x1080,none,3481,2804.6525,2979.8798,7
gopro_007,train,gopro_fisheye,1920x1080,none,3481,2979.8798,3166.0548,11
gopro_007,train,gopro_fisheye,1920x1080,none,3481,3166.0548,3363.8616,8
gopro_007,train,gopro_fisheye,1920x1080,none,3481,3363.8616,3574.0268,7
gopro_007,train,gopro_fisheye,1920x1080,none,3481,3574.0268,3797.3226,11
gopro_007,train,gopro_fisheye,1920x1080,none,3481,3797.3226,4034.5693,10
gopro_007,train,gopro_fisheye,1920x1080,none,3481,4034.5693,4286.6386,7
gopro_007,train,gopro_fisheye,1920x1080,none,3481,4286.6386,4554.4564,1
gopro_007,train,gopro_fisheye,1920x1080,none,3481,4839.0069,5141.3353,6
gopro_007,train,gopro_fisheye,1920x1080,none,3481,5462.5524,5803.8383,6
gopro_007,train,gopro_fisheye,1920x1080,none,3481,5803.8383,6166.4468,4
gopro_007,train,gopro_fisheye,1920x1080,none,3481,6166.4468,6551.7102,8
gopro_007,train,gopro_fisheye,1920x1080,none,3481,6551.7102,6961.0438,2
gopro_007,train,gopro_fisheye,1920x1080,none,3481,6961.0438,7395.9515,7
gopro_007,train,gopro_fisheye,1920x1080,none,3481,7395.9515,7858.031,6
gopro_007,train,gopro_fisheye,1920x1080,none,3481,7858.031,8348.9801,4
gopro_007,train,gopro_fisheye,1920x1080,none,3481,8348.9801,8870.6024,5
gopro_007,train,gopro_fisheye,1920x1080,none,3481,8870.6024,9424.8143,1
gopro_007,train,gopro_fisheye,1920x1080,none,3481,9424.8143,10013.6519,2
gopro_007,train,gopro_fisheye,1920x1080,none,3481,10639.2785,11303.9926,4
gopro_007,train,gopro_fisheye,1920x1080,none,3481,11303.9926,12010.2363,12
gopro_007,train,gopro_fisheye,1920x1080,none,3481,12010.2363,12760.6042,219
gopro_007,train,gopro_fisheye,1920x1080,none,3481,12760.6042,13557.8532,207
gopro_007,train,gopro_fisheye,1920x1080,none,3481,13557.8532,14404.9122,117
gopro_007,train,gopro_fisheye,1920x1080,none,3481,14404.9122,15304.8932,59
gopro_007,train,gopro_fisheye,1920x1080,none,3481,15304.8932,16261.1026,8
gopro_007,train,gopro_fisheye,1920x1080,none,3481,16261.1026,17277.0535,12
gopro_007,train,gopro_fisheye,1920x1080,none,3481,17277.0535,18356.4783,6
gopro_007,train,gopro_fisheye,1920x1080,none,3481,18356.4783,19503.3427,8
gopro_007,train,gopro_fisheye,1920x1080,none,3481,19503.3427,20721.8602,10
gopro_007,train,gopro_fisheye,1920x1080,none,3481,20721.8602,22016.5075,7
gopro_007,train,gopro_fisheye,1920x1080,none,3481,22016.5075,23392.0409,13
gopro_007,train,gopro_fisheye,1920x1080,none,3481,23392.0409,24853.514,8
gopro_007,train,gopro_fisheye,1920x1080,none,3481,31671.3482,33650.0907,1
gopro_007,train,gopro_fisheye,1920x1080,none,3481,1951665.1031,2073600.0,1
gopro_007,train,gopro_fisheye,1920x1080,open3,3481,3.7934,4.0304,87
gopro_007,train,gopro_fisheye,1920x1080,open3,3481,5.7979,6.1601,7238
gopro_007,train,gopro_fisheye,1920x1080,open3,3481,7.85,8.3404,1855
gopro_007,train,gopro_fisheye,1920x1080,open3,3481,8.8615,9.4152,269003
gopro_007,train,gopro_fisheye,1920x1080,open3,3481,9.4152,10.0034,561
gopro_007,train,gopro_fisheye,1920x1080,open3,3481,10.6284,11.2924,832
gopro_007,train,gopro_fisheye,1920x1080,open3,3481,11.998,12.7476,103045
gopro_007,train,gopro_fisheye,1920x1080,open3,3481,12.7476,13.544,355
gopro_007,train,gopro_fisheye,1920x1080,open3,3481,13.544,14.3902,13626
gopro_007,train,gopro_fisheye,1920x1080,open3,3481,14.3902,15.2892,50681
gopro_007,train,gopro_fisheye,1920x1080,open3,3481,15.2892,16.2445,12796
gopro_007,train,gopro_fisheye,1920x1080,open3,3481,16.2445,17.2594,10276
gopro_007,train,gopro_fisheye,1920x1080,open3,3481,17.2594,18.3377,28396
gopro_007,train,gopro_fisheye,1920x1080,open3,3481,18.3377,19.4834,13883
gopro_007,train,gopro_fisheye,1920x1080,open3,3481,19.4834,20.7007,10362
gopro_007,train,gopro_fisheye,1920x1080,open3,3481,20.7007,21.994,15957
gopro_007,train,gopro_fisheye,1920x1080,open3,3481,21.994,23.3681,21217
gopro_007,train,gopro_fisheye,1920x1080,open3,3481,23.3681,24.8281,11566
gopro_007,train,gopro_fisheye,1920x1080,open3,3481,24.8281,26.3793,16450
gopro_007,train,gopro_fisheye,1920x1080,open3,3481,26.3793,28.0274,15617
gopro_007,train,gopro_fisheye,1920x1080,open3,3481,28.0274,29.7785,6414
gopro_007,train,gopro_fisheye,1920x1080,open3,3481,29.7785,31.639,12952
gopro_007,train,gopro_fisheye,1920x1080,open3,3481,31.639,33.6157,10739
gopro_007,train,gopro_fisheye,1920x1080,open3,3481,33.6157,35.7159,9395
gopro_007,train,gopro_fisheye,1920x1080,open3,3481,35.7159,37.9473,8678
gopro_007,train,gopro_fisheye,1920x1080,open3,3481,37.9473,40.3182,11521
gopro_007,train,gopro_fisheye,1920x1080,open3,3481,40.3182,42.8372,6440
gopro_007,train,gopro_fisheye,1920x1080,open3,3481,42.8372,45.5135,8585
gopro_007,train,gopro_fisheye,1920x1080,open3,3481,45.5135,48.3571,6935
gopro_007,train,gopro_fisheye,1920x1080,open3,3481,48.3571,51.3783,5917
gopro_007,train,gopro_fisheye,1920x1080,open3,3481,51.3783,54.5883,5123
gopro_007,train,gopro_fisheye,1920x1080,open3,3481,54.5883,57.9988,4451
gopro_007,train,gopro_fisheye,1920x1080,open3,3481,57.9988,61.6224,5352
gopro_007,train,gopro_fisheye,1920x1080,open3,3481,61.6224,65.4724,4973
gopro_007,train,gopro_fisheye,1920x1080,open3,3481,65.4724,69.563,4593
gopro_007,train,gopro_fisheye,1920x1080,open3,3481,69.563,73.9091,3965
gopro_007,train,gopro_fisheye,1920x1080,open3,3481,73.9091,78.5267,4323
gopro_007,train,gopro_fisheye,1920x1080,open3,3481,78.5267,83.4329,3987
gopro_007,train,gopro_fisheye,1920x1080,open3,3481,83.4329,88.6455,3297
gopro_007,train,gopro_fisheye,1920x1080,open3,3481,88.6455,94.1839,3285
gopro_007,train,gopro_fisheye,1920x1080,open3,3481,94.1839,100.0682,2883
gopro_007,train,gopro_fisheye,1920x1080,open3,3481,100.0682,106.3202,2630
gopro_007,train,gopro_fisheye,1920x1080,open3,3481,106.3202,112.9628,2103
gopro_007,train,gopro_fisheye,1920x1080,open3,3481,112.9628,120.0205,2344
gopro_007,train,gopro_fisheye,1920x1080,open3,3481,120.0205,127.519,1744
gopro_007,train,gopro_fisheye,1920x1080,open3,3481,127.519,135.4861,1822
gopro_007,train,gopro_fisheye,1920x1080,open3,3481,135.4861,143.9509,1598
gopro_007,train,gopro_fisheye,1920x1080,open3,3481,143.9509,152.9446,1451
gopro_007,train,gopro_fisheye,1920x1080,open3,3481,152.9446,162.5001,1447
gopro_007,train,gopro_fisheye,1920x1080,open3,3481,162.5001,172.6527,1251
gopro_007,train,gopro_fisheye,1920x1080,open3,3481,172.6527,183.4396,1091
gopro_007,train,gopro_fisheye,1920x1080,open3,3481,183.4396,194.9004,1067
gopro_007,train,gopro_fisheye,1920x1080,open3,3481,194.9004,207.0773,1087
gopro_007,train,gopro_fisheye,1920x1080,open3,3481,207.0773,220.0149,945
gopro_007,train,gopro_fisheye,1920x1080,open3,3481,220.0149,233.7609,829
gopro_007,train,gopro_fisheye,1920x1080,open3,3481,233.7609,248.3657,818
gopro_007,train,gopro_fisheye,1920x1080,open3,3481,248.3657,263.8829,582
gopro_007,train,gopro_fisheye,1920x1080,open3,3481,263.8829,280.3696,441
gopro_007,train,gopro_fisheye,1920x1080,open3,3481,280.3696,297.8864,326
gopro_007,train,gopro_fisheye,1920x1080,open3,3481,297.8864,316.4975,361
gopro_007,train,gopro_fisheye,1920x1080,open3,3481,316.4975,336.2714,308
gopro_007,train,gopro_fisheye,1920x1080,open3,3481,336.2714,357.2808,228
gopro_007,train,gopro_fisheye,1920x1080,open3,3481,357.2808,379.6028,181
gopro_007,train,gopro_fisheye,1920x1080,open3,3481,379.6028,403.3193,122
gopro_007,train,gopro_fisheye,1920x1080,open3,3481,403.3193,428.5177,84
gopro_007,train,gopro_fisheye,1920x1080,open3,3481,428.5177,455.2903,45
gopro_007,train,gopro_fisheye,1920x1080,open3,3481,455.2903,483.7357,50
gopro_007,train,gopro_fisheye,1920x1080,open3,3481,483.7357,513.9582,55
gopro_007,train,gopro_fisheye,1920x1080,open3,3481,513.9582,546.069,30
gopro_007,train,gopro_fisheye,1920x1080,open3,3481,546.069,580.1859,19
gopro_007,train,gopro_fisheye,1920x1080,open3,3481,580.1859,616.4344,11
gopro_007,train,gopro_fisheye,1920x1080,open3,3481,616.4344,654.9476,16
gopro_007,train,gopro_fisheye,1920x1080,open3,3481,654.9476,695.867,14
gopro_007,train,gopro_fisheye,1920x1080,open3,3481,695.867,739.3429,9
gopro_007,train,gopro_fisheye,1920x1080,open3,3481,739.3429,785.5351,8
gopro_007,train,gopro_fisheye,1920x1080,open3,3481,785.5351,834.6133,9
gopro_007,train,gopro_fisheye,1920x1080,open3,3481,834.6133,886.7577,8
gopro_007,train,gopro_fisheye,1920x1080,open3,3481,886.7577,942.16,7
gopro_007,train,gopro_fisheye,1920x1080,open3,3481,942.16,1001.0237,7
gopro_007,train,gopro_fisheye,1920x1080,open3,3481,1001.0237,1063.565,47
gopro_007,train,gopro_fisheye,1920x1080,open3,3481,1063.565,1130.0138,67
gopro_007,train,gopro_fisheye,1920x1080,open3,3481,1130.0138,1200.6141,69
gopro_007,train,gopro_fisheye,1920x1080,open3,3481,1200.6141,1275.6253,42
gopro_007,train,gopro_fisheye,1920x1080,open3,3481,1275.6253,1355.323,30
gopro_007,train,gopro_fisheye,1920x1080,open3,3481,1355.323,1440.0,19
gopro_007,train,gopro_fisheye,1920x1080,open3,3481,1440.0,1529.9674,24
gopro_007,train,gopro_fisheye,1920x1080,open3,3481,1529.9674,1625.5557,15
gopro_007,train,gopro_fisheye,1920x1080,open3,3481,1625.5557,1727.1162,1
gopro_007,train,gopro_fisheye,1920x1080,open3,3481,1835.0219,1949.6692,5
gopro_007,train,gopro_fisheye,1920x1080,open3,3481,1949.6692,2071.4794,1
gopro_007,train,gopro_fisheye,1920x1080,open3,3481,2071.4794,2200.9,2
gopro_007,train,gopro_fisheye,1920x1080,open3,3481,2200.9,2338.4064,5
gopro_007,train,gopro_fisheye,1920x1080,open3,3481,2338.4064,2484.5039,7
gopro_007,train,gopro_fisheye,1920x1080,open3,3481,2484.5039,2639.7291,6
gopro_007,train,gopro_fisheye,1920x1080,open3,3481,2639.7291,2804.6525,12
gopro_007,train,gopro_fisheye,1920x1080,open3,3481,2804.6525,2979.8798,10
gopro_007,train,gopro_fisheye,1920x1080,open3,3481,2979.8798,3166.0548,14
gopro_007,train,gopro_fisheye,1920x1080,open3,3481,3166.0548,3363.8616,12
gopro_007,train,gopro_fisheye,1920x1080,open3,3481,3363.8616,3574.0268,7
gopro_007,train,gopro_fisheye,1920x1080,open3,3481,3574.0268,3797.3226,1
gopro_007,train,gopro_fisheye,1920x1080,open3,3481,3797.3226,4034.5693,7
gopro_007,train,gopro_fisheye,1920x1080,open3,3481,4034.5693,4286.6386,2
gopro_007,train,gopro_fisheye,1920x1080,open3,3481,4286.6386,4554.4564,7
gopro_007,train,gopro_fisheye,1920x1080,open3,3481,4554.4564,4839.0069,4
gopro_007,train,gopro_fisheye,1920x1080,open3,3481,4839.0069,5141.3353,4
gopro_007,train,gopro_fisheye,1920x1080,open3,3481,5141.3353,5462.5524,4
gopro_007,train,gopro_fisheye,1920x1080,open3,3481,5462.5524,5803.8383,12
gopro_007,train,gopro_fisheye,1920x1080,open3,3481,5803.8383,6166.4468,2
gopro_007,train,gopro_fisheye,1920x1080,open3,3481,6166.4468,6551.7102,4
gopro_007,train,gopro_fisheye,1920x1080,open3,3481,6551.7102,6961.0438,3
gopro_007,train,gopro_fisheye,1920x1080,open3,3481,6961.0438,7395.9515,5
gopro_007,train,gopro_fisheye,1920x1080,open3,3481,7858.031,8348.9801,3
gopro_007,train,gopro_fisheye,1920x1080,open3,3481,8870.6024,9424.8143,5
gopro_007,train,gopro_fisheye,1920x1080,open3,3481,9424.8143,10013.6519,11
gopro_007,train,gopro_fisheye,1920x1080,open3,3481,10013.6519,10639.2785,63
gopro_007,train,gopro_fisheye,1920x1080,open3,3481,10639.2785,11303.9926,314
gopro_007,train,gopro_fisheye,1920x1080,open3,3481,11303.9926,12010.2363,106
gopro_007,train,gopro_fisheye,1920x1080,open3,3481,12010.2363,12760.6042,105
gopro_007,train,gopro_fisheye,1920x1080,open3,3481,12760.6042,13557.8532,27
gopro_007,train,gopro_fisheye,1920x1080,open3,3481,13557.8532,14404.9122,16
gopro_007,train,gopro_fisheye,1920x1080,open3,3481,14404.9122,15304.8932,3
gopro_007,train,gopro_fisheye,1920x1080,open3,3481,15304.8932,16261.1026,11
gopro_007,train,gopro_fisheye,1920x1080,open3,3481,16261.1026,17277.0535,14
gopro_007,train,gopro_fisheye,1920x1080,open3,3481,17277.0535,18356.4783,8
gopro_007,train,gopro_fisheye,1920x1080,open3,3481,18356.4783,19503.3427,2
gopro_007,train,gopro_fisheye,1920x1080,open3,3481,19503.3427,20721.8602,3
gopro_007,train,gopro_fisheye,1920x1080,open3,3481,1951665.1031,2073600.0,1
gopro_008,train,gopro_fisheye,1920x1080,none,991,1.0,1.0625,6253595
gopro_008,train,gopro_fisheye,1920x1080,none,991,1.9477,2.0694,1709077
gopro_008,train,gopro_fisheye,1920x1080,none,991,2.9768,3.1628,765716
gopro_008,train,gopro_fisheye,1920x1080,none,991,3.7934,4.0304,451049
gopro_008,train,gopro_fisheye,1920x1080,none,991,4.8341,5.1361,288675
gopro_008,train,gopro_fisheye,1920x1080,none,991,5.7979,6.1601,200576
gopro_008,train,gopro_fisheye,1920x1080,none,991,6.9539,7.3884,145476
gopro_008,train,gopro_fisheye,1920x1080,none,991,7.85,8.3404,110521
gopro_008,train,gopro_fisheye,1920x1080,none,991,8.8615,9.4152,86120
gopro_008,train,gopro_fisheye,1920x1080,none,991,9.4152,10.0034,67939
gopro_008,train,gopro_fisheye,1920x1080,none,991,10.6284,11.2924,55357
gopro_008,train,gopro_fisheye,1920x1080,none,991,11.998,12.7476,45794
gopro_008,train,gopro_fisheye,1920x1080,none,991,12.7476,13.544,38832
gopro_008,train,gopro_fisheye,1920x1080,none,991,13.544,14.3902,32851
gopro_008,train,gopro_fisheye,1920x1080,none,991,14.3902,15.2892,27850
gopro_008,train,gopro_fisheye,1920x1080,none,991,15.2892,16.2445,24847
gopro_008,train,gopro_fisheye,1920x1080,none,991,16.2445,17.2594,20824
gopro_008,train,gopro_fisheye,1920x1080,none,991,17.2594,18.3377,18573
gopro_008,train,gopro_fisheye,1920x1080,none,991,18.3377,19.4834,16371
gopro_008,train,gopro_fisheye,1920x1080,none,991,19.4834,20.7007,14333
gopro_008,train,gopro_fisheye,1920x1080,none,991,20.7007,21.994,13011
gopro_008,train,gopro_fisheye,1920x1080,none,991,21.994,23.3681,22231
gopro_008,train,gopro_fisheye,1920x1080,none,991,23.3681,24.8281,9592
gopro_008,train,gopro_fisheye,1920x1080,none,991,24.8281,26.3793,16422
gopro_008,train,gopro_fisheye,1920x1080,none,991,26.3793,28.0274,13499
gopro_008,train,gopro_fisheye,1920x1080,none,991,28.0274,29.7785,5983
gopro_008,train,gopro_fisheye,1920x1080,none,991,29.7785,31.639,10621
gopro_008,train,gopro_fisheye,1920x1080,none,991,31.639,33.6157,9381
gopro_008,train,gopro_fisheye,1920x1080,none,991,33.6157,35.7159,7929
gopro_008,train,gopro_fisheye,1920x1080,none,991,35.7159,37.9473,6879
gopro_008,train,gopro_fisheye,1920x1080,none,991,37.9473,40.3182,8920
gopro_008,train,gopro_fisheye,1920x1080,none,991,40.3182,42.8372,4986
gopro_008,train,gopro_fisheye,1920x1080,none,991,42.8372,45.5135,6489
gopro_008,train,gopro_fisheye,1920x1080,none,991,45.5135,48.3571,5547
gopro_008,train,gopro_fisheye,1920x1080,none,991,48.3571,51.3783,4844
gopro_008,train,gopro_fisheye,1920x1080,none,991,51.3783,54.5883,4172
gopro_008,train,gopro_fisheye,1920x1080,none,991,54.5883,57.9988,3632
gopro_008,train,gopro_fisheye,1920x1080,none,991,57.9988,61.6224,4126
gopro_008,train,gopro_fisheye,1920x1080,none,991,61.6224,65.4724,3878
gopro_008,train,gopro_fisheye,1920x1080,none,991,65.4724,69.563,3352
gopro_008,train,gopro_fisheye,1920x1080,none,991,69.563,73.9091,2827
gopro_008,train,gopro_fisheye,1920x1080,none,991,73.9091,78.5267,3120
gopro_008,train,gopro_fisheye,1920x1080,none,991,78.5267,83.4329,2500
gopro_008,train,gopro_fisheye,1920x1080,none,991,83.4329,88.6455,2096
gopro_008,train,gopro_fisheye,1920x1080,none,991,88.6455,94.1839,2152
gopro_008,train,gopro_fisheye,1920x1080,none,991,94.1839,100.0682,1902
gopro_008,train,gopro_fisheye,1920x1080,none,991,100.0682,106.3202,1518
gopro_008,train,gopro_fisheye,1920x1080,none,991,106.3202,112.9628,1342
gopro_008,train,gopro_fisheye,1920x1080,none,991,112.9628,120.0205,1576
gopro_008,train,gopro_fisheye,1920x1080,none,991,120.0205,127.519,1173
gopro_008,train,gopro_fisheye,1920x1080,none,991,127.519,135.4861,1277
gopro_008,train,gopro_fisheye,1920x1080,none,991,135.4861,143.9509,1021
gopro_008,train,gopro_fisheye,1920x1080,none,991,143.9509,152.9446,1033
gopro_008,train,gopro_fisheye,1920x1080,none,991,152.9446,162.5001,1018
gopro_008,train,gopro_fisheye,1920x1080,none,991,162.5001,172.6527,816
gopro_008,train,gopro_fisheye,1920x1080,none,991,172.6527,183.4396,777
gopro_008,train,gopro_fisheye,1920x1080,none,991,183.4396,194.9004,769
gopro_008,train,gopro_fisheye,1920x1080,none,991,194.9004,207.0773,653
gopro_008,train,gopro_fisheye,1920x1080,none,991,207.0773,220.0149,536
gopro_008,train,gopro_fisheye,1920x1080,none,991,220.0149,233.7609,468
gopro_008,train,gopro_fisheye,1920x1080,none,991,233.7609,248.3657,427
gopro_008,train,gopro_fisheye,1920x1080,none,991,248.3657,263.8829,401
gopro_008,train,gopro_fisheye,1920x1080,none,991,263.8829,280.3696,433
gopro_008,train,gopro_fisheye,1920x1080,none,991,280.3696,297.8864,350
gopro_008,train,gopro_fisheye,1920x1080,none,991,297.8864,316.4975,324
gopro_008,train,gopro_fisheye,1920x1080,none,991,316.4975,336.2714,274
gopro_008,train,gopro_fisheye,1920x1080,none,991,336.2714,357.2808,229
gopro_008,train,gopro_fisheye,1920x1080,none,991,357.2808,379.6028,225
gopro_008,train,gopro_fisheye,1920x1080,none,991,379.6028,403.3193,237
gopro_008,train,gopro_fisheye,1920x1080,none,991,403.3193,428.5177,157
gopro_008,train,gopro_fisheye,1920x1080,none,991,428.5177,455.2903,122
gopro_008,train,gopro_fisheye,1920x1080,none,991,455.2903,483.7357,114
gopro_008,train,gopro_fisheye,1920x1080,none,991,483.7357,513.9582,98
gopro_008,train,gopro_fisheye,1920x1080,none,991,513.9582,546.069,100
gopro_008,train,gopro_fisheye,1920x1080,none,991,546.069,580.1859,97
gopro_008,train,gopro_fisheye,1920x1080,none,991,580.1859,616.4344,113
gopro_008,train,gopro_fisheye,1920x1080,none,991,616.4344,654.9476,86
gopro_008,train,gopro_fisheye,1920x1080,none,991,654.9476,695.867,93
gopro_008,train,gopro_fisheye,1920x1080,none,991,695.867,739.3429,99
gopro_008,train,gopro_fisheye,1920x1080,none,991,739.3429,785.5351,91
gopro_008,train,gopro_fisheye,1920x1080,none,991,785.5351,834.6133,58
gopro_008,train,gopro_fisheye,1920x1080,none,991,834.6133,886.7577,41
gopro_008,train,gopro_fisheye,1920x1080,none,991,886.7577,942.16,52
gopro_008,train,gopro_fisheye,1920x1080,none,991,942.16,1001.0237,59
gopro_008,train,gopro_fisheye,1920x1080,none,991,1001.0237,1063.565,44
gopro_008,train,gopro_fisheye,1920x1080,none,991,1063.565,1130.0138,43
gopro_008,train,gopro_fisheye,1920x1080,none,991,1130.0138,1200.6141,35
gopro_008,train,gopro_fisheye,1920x1080,none,991,1200.6141,1275.6253,37
gopro_008,train,gopro_fisheye,1920x1080,none,991,1275.6253,1355.323,37
gopro_008,train,gopro_fisheye,1920x1080,none,991,1355.323,1440.0,20
gopro_008,train,gopro_fisheye,1920x1080,none,991,1440.0,1529.9674,25
gopro_008,train,gopro_fisheye,1920x1080,none,991,1529.9674,1625.5557,26
gopro_008,train,gopro_fisheye,1920x1080,none,991,1625.5557,1727.1162,24
gopro_008,train,gopro_fisheye,1920x1080,none,991,1727.1162,1835.0219,29
gopro_008,train,gopro_fisheye,1920x1080,none,991,1835.0219,1949.6692,51
gopro_008,train,gopro_fisheye,1920x1080,none,991,1949.6692,2071.4794,54
gopro_008,train,gopro_fisheye,1920x1080,none,991,2071.4794,2200.9,52
gopro_008,train,gopro_fisheye,1920x1080,none,991,2200.9,2338.4064,24
gopro_008,train,gopro_fisheye,1920x1080,none,991,2338.4064,2484.5039,5
gopro_008,train,gopro_fisheye,1920x1080,none,991,2639.7291,2804.6525,1
gopro_008,train,gopro_fisheye,1920x1080,none,991,1951665.1031,2073600.0,1
gopro_008,train,gopro_fisheye,1920x1080,open3,991,3.7934,4.0304,8
gopro_008,train,gopro_fisheye,1920x1080,open3,991,5.7979,6.1601,2761
gopro_008,train,gopro_fisheye,1920x1080,open3,991,7.85,8.3404,656
gopro_008,train,gopro_fisheye,1920x1080,open3,991,8.8615,9.4152,73968
gopro_008,train,gopro_fisheye,1920x1080,open3,991,9.4152,10.0034,264
gopro_008,train,gopro_fisheye,1920x1080,open3,991,10.6284,11.2924,307
gopro_008,train,gopro_fisheye,1920x1080,open3,991,11.998,12.7476,26901
gopro_008,train,gopro_fisheye,1920x1080,open3,991,12.7476,13.544,127
gopro_008,train,gopro_fisheye,1920x1080,open3,991,13.544,14.3902,3664
gopro_008,train,gopro_fisheye,1920x1080,open3,991,14.3902,15.2892,13128
gopro_008,train,gopro_fisheye,1920x1080,open3,991,15.2892,16.2445,3398
gopro_008,train,gopro_fisheye,1920x1080,open3,991,16.2445,17.2594,2905
gopro_008,train,gopro_fisheye,1920x1080,open3,991,17.2594,18.3377,7552
gopro_008,train,gopro_fisheye,1920x1080,open3,991,18.3377,19.4834,3588
gopro_008,train,gopro_fisheye,1920x1080,open3,991,19.4834,20.7007,2651
gopro_008,train,gopro_fisheye,1920x1080,open3,991,20.7007,21.994,3991
gopro_008,train,gopro_fisheye,1920x1080,open3,991,21.994,23.3681,5476
gopro_008,train,gopro_fisheye,1920x1080,open3,991,23.3681,24.8281,2931
gopro_008,train,gopro_fisheye,1920x1080,open3,991,24.8281,26.3793,4151
gopro_008,train,gopro_fisheye,1920x1080,open3,991,26.3793,28.0274,4093
gopro_008,train,gopro_fisheye,1920x1080,open3,991,28.0274,29.7785,1775
gopro_008,train,gopro_fisheye,1920x1080,open3,991,29.7785,31.639,3269
gopro_008,train,gopro_fisheye,1920x1080,open3,991,31.639,33.6157,2759
gopro_008,train,gopro_fisheye,1920x1080,open3,991,33.6157,35.7159,2405
gopro_008,train,gopro_fisheye,1920x1080,open3,991,35.7159,37.9473,2147
gopro_008,train,gopro_fisheye,1920x1080,open3,991,37.9473,40.3182,2695
gopro_008,train,gopro_fisheye,1920x1080,open3,991,40.3182,42.8372,1585
gopro_008,train,gopro_fisheye,1920x1080,open3,991,42.8372,45.5135,2086
gopro_008,train,gopro_fisheye,1920x1080,open3,991,45.5135,48.3571,1723
gopro_008,train,gopro_fisheye,1920x1080,open3,991,48.3571,51.3783,1521
gopro_008,train,gopro_fisheye,1920x1080,open3,991,51.3783,54.5883,1307
gopro_008,train,gopro_fisheye,1920x1080,open3,991,54.5883,57.9988,1074
gopro_008,train,gopro_fisheye,1920x1080,open3,991,57.9988,61.6224,1339
gopro_008,train,gopro_fisheye,1920x1080,open3,991,61.6224,65.4724,1107
gopro_008,train,gopro_fisheye,1920x1080,open3,991,65.4724,69.563,1014
gopro_008,train,gopro_fisheye,1920x1080,open3,991,69.563,73.9091,813
gopro_008,train,gopro_fisheye,1920x1080,open3,991,73.9091,78.5267,922
gopro_008,train,gopro_fisheye,1920x1080,open3,991,78.5267,83.4329,796
gopro_008,train,gopro_fisheye,1920x1080,open3,991,83.4329,88.6455,665
gopro_008,train,gopro_fisheye,1920x1080,open3,991,88.6455,94.1839,787
gopro_008,train,gopro_fisheye,1920x1080,open3,991,94.1839,100.0682,717
gopro_008,train,gopro_fisheye,1920x1080,open3,991,100.0682,106.3202,657
gopro_008,train,gopro_fisheye,1920x1080,open3,991,106.3202,112.9628,550
gopro_008,train,gopro_fisheye,1920x1080,open3,991,112.9628,120.0205,608
gopro_008,train,gopro_fisheye,1920x1080,open3,991,120.0205,127.519,484
gopro_008,train,gopro_fisheye,1920x1080,open3,991,127.519,135.4861,432
gopro_008,train,gopro_fisheye,1920x1080,open3,991,135.4861,143.9509,424
gopro_008,train,gopro_fisheye,1920x1080,open3,991,143.9509,152.9446,381
gopro_008,train,gopro_fisheye,1920x1080,open3,991,152.9446,162.5001,352
gopro_008,train,gopro_fisheye,1920x1080,open3,991,162.5001,172.6527,287
gopro_008,train,gopro_fisheye,1920x1080,open3,991,172.6527,183.4396,240
gopro_008,train,gopro_fisheye,1920x1080,open3,991,183.4396,194.9004,180
gopro_008,train,gopro_fisheye,1920x1080,open3,991,194.9004,207.0773,205
gopro_008,train,gopro_fisheye,1920x1080,open3,991,207.0773,220.0149,200
gopro_008,train,gopro_fisheye,1920x1080,open3,991,220.0149,233.7609,173
gopro_008,train,gopro_fisheye,1920x1080,open3,991,233.7609,248.3657,140
gopro_008,train,gopro_fisheye,1920x1080,open3,991,248.3657,263.8829,129
gopro_008,train,gopro_fisheye,1920x1080,open3,991,263.8829,280.3696,118
gopro_008,train,gopro_fisheye,1920x1080,open3,991,280.3696,297.8864,69
gopro_008,train,gopro_fisheye,1920x1080,open3,991,297.8864,316.4975,80
gopro_008,train,gopro_fisheye,1920x1080,open3,991,316.4975,336.2714,98
gopro_008,train,gopro_fisheye,1920x1080,open3,991,336.2714,357.2808,94
gopro_008,train,gopro_fisheye,1920x1080,open3,991,357.2808,379.6028,72
gopro_008,train,gopro_fisheye,1920x1080,open3,991,379.6028,403.3193,70
gopro_008,train,gopro_fisheye,1920x1080,open3,991,403.3193,428.5177,54
gopro_008,train,gopro_fisheye,1920x1080,open3,991,428.5177,455.2903,43
gopro_008,train,gopro_fisheye,1920x1080,open3,991,455.2903,483.7357,35
gopro_008,train,gopro_fisheye,1920x1080,open3,991,483.7357,513.9582,55
gopro_008,train,gopro_fisheye,1920x1080,open3,991,513.9582,546.069,48
gopro_008,train,gopro_fisheye,1920x1080,open3,991,546.069,580.1859,27
gopro_008,train,gopro_fisheye,1920x1080,open3,991,580.1859,616.4344,9
gopro_008,train,gopro_fisheye,1920x1080,open3,991,616.4344,654.9476,4
gopro_008,train,gopro_fisheye,1920x1080,open3,991,654.9476,695.867,5
gopro_008,train,gopro_fisheye,1920x1080,open3,991,695.867,739.3429,11
gopro_008,train,gopro_fisheye,1920x1080,open3,991,739.3429,785.5351,11
gopro_008,train,gopro_fisheye,1920x1080,open3,991,785.5351,834.6133,10
gopro_008,train,gopro_fisheye,1920x1080,open3,991,834.6133,886.7577,11
gopro_008,train,gopro_fisheye,1920x1080,open3,991,886.7577,942.16,23
gopro_008,train,gopro_fisheye,1920x1080,open3,991,942.16,1001.0237,17
gopro_008,train,gopro_fisheye,1920x1080,open3,991,1001.0237,1063.565,21
gopro_008,train,gopro_fisheye,1920x1080,open3,991,1063.565,1130.0138,36
gopro_008,train,gopro_fisheye,1920x1080,open3,991,1130.0138,1200.6141,20
gopro_008,train,gopro_fisheye,1920x1080,open3,991,1200.6141,1275.6253,19
gopro_008,train,gopro_fisheye,1920x1080,open3,991,1275.6253,1355.323,31
gopro_008,train,gopro_fisheye,1920x1080,open3,991,1355.323,1440.0,32
gopro_008,train,gopro_fisheye,1920x1080,open3,991,1440.0,1529.9674,28
gopro_008,train,gopro_fisheye,1920x1080,open3,991,1529.9674,1625.5557,31
gopro_008,train,gopro_fisheye,1920x1080,open3,991,1625.5557,1727.1162,32
gopro_008,train,gopro_fisheye,1920x1080,open3,991,1727.1162,1835.0219,26
gopro_008,train,gopro_fisheye,1920x1080,open3,991,1835.0219,1949.6692,19
gopro_008,train,gopro_fisheye,1920x1080,open3,991,1949.6692,2071.4794,20
gopro_008,train,gopro_fisheye,1920x1080,open3,991,2071.4794,2200.9,3
gopro_008,train,gopro_fisheye,1920x1080,open3,991,1951665.1031,2073600.0,1
