video,split,scene,resolution,variant,frames_processed,bin_lo,bin_hi,count
00_01_52_to_00_01_58,train,seaside,1920x1080,none,175,1.0,1.0625,28088
00_01_52_to_00_01_58,train,seaside,1920x1080,none,175,1.9477,2.0694,5842
00_01_52_to_00_01_58,train,seaside,1920x1080,none,175,2.9768,3.1628,2008
00_01_52_to_00_01_58,train,seaside,1920x1080,none,175,3.7934,4.0304,1111
00_01_52_to_00_01_58,train,seaside,1920x1080,none,175,4.8341,5.1361,781
00_01_52_to_00_01_58,train,seaside,1920x1080,none,175,5.7979,6.1601,433
00_01_52_to_00_01_58,train,seaside,1920x1080,none,175,6.9539,7.3884,355
00_01_52_to_00_01_58,train,seaside,1920x1080,none,175,7.85,8.3404,242
00_01_52_to_00_01_58,train,seaside,1920x1080,none,175,8.8615,9.4152,198
00_01_52_to_00_01_58,train,seaside,1920x1080,none,175,9.4152,10.0034,147
00_01_52_to_00_01_58,train,seaside,1920x1080,none,175,10.6284,11.2924,117
00_01_52_to_00_01_58,train,seaside,1920x1080,none,175,11.998,12.7476,98
00_01_52_to_00_01_58,train,seaside,1920x1080,none,175,12.7476,13.544,97
00_01_52_to_00_01_58,train,seaside,1920x1080,none,175,13.544,14.3902,56
00_01_52_to_00_01_58,train,seaside,1920x1080,none,175,14.3902,15.2892,62
00_01_52_to_00_01_58,train,seaside,1920x1080,none,175,15.2892,16.2445,53
00_01_52_to_00_01_58,train,seaside,1920x1080,none,175,16.2445,17.2594,54
00_01_52_to_00_01_58,train,seaside,1920x1080,none,175,17.2594,18.3377,49
00_01_52_to_00_01_58,train,seaside,1920x1080,none,175,18.3377,19.4834,43
00_01_52_to_00_01_58,train,seaside,1920x1080,none,175,19.4834,20.7007,37
00_01_52_to_00_01_58,train,seaside,1920x1080,none,175,20.7007,21.994,24
00_01_52_to_00_01_58,train,seaside,1920x1080,none,175,21.994,23.3681,39
00_01_52_to_00_01_58,train,seaside,1920x1080,none,175,23.3681,24.8281,19
00_01_52_to_00_01_58,train,seaside,1920x1080,none,175,24.8281,26.3793,37
00_01_52_to_00_01_58,train,seaside,1920x1080,none,175,26.3793,28.0274,20
00_01_52_to_00_01_58,train,seaside,1920x1080,none,175,28.0274,29.7785,12
00_01_52_to_00_01_58,train,seaside,1920x1080,none,175,29.7785,31.639,33
00_01_52_to_00_01_58,train,seaside,1920x1080,none,175,31.639,33.6157,23
00_01_52_to_00_01_58,train,seaside,1920x1080,none,175,33.6157,35.7159,26
00_01_52_to_00_01_58,train,seaside,1920x1080,none,175,35.7159,37.9473,22
00_01_52_to_00_01_58,train,seaside,1920x1080,none,175,37.9473,40.3182,21
00_01_52_to_00_01_58,train,seaside,1920x1080,none,175,40.3182,42.8372,18
00_01_52_to_00_01_58,train,seaside,1920x1080,none,175,42.8372,45.5135,25
00_01_52_to_00_01_58,train,seaside,1920x1080,none,175,45.5135,48.3571,20
00_01_52_to_00_01_58,train,seaside,1920x1080,none,175,48.3571,51.3783,12
00_01_52_to_00_01_58,train,seaside,1920x1080,none,175,51.3783,54.5883,14
00_01_52_to_00_01_58,train,seaside,1920x1080,none,175,54.5883,57.9988,10
00_01_52_to_00_01_58,train,seaside,1920x1080,none,175,57.9988,61.6224,16
00_01_52_to_00_01_58,train,seaside,1920x1080,none,175,61.6224,65.4724,11
00_01_52_to_00_01_58,train,seaside,1920x1080,none,175,65.4724,69.563,16
00_01_52_to_00_01_58,train,seaside,1920x1080,none,175,69.563,73.9091,12
00_01_52_to_00_01_58,train,seaside,1920x1080,none,175,73.9091,78.5267,6
00_01_52_to_00_01_58,train,seaside,1920x1080,none,175,78.5267,83.4329,14
00_01_52_to_00_01_58,train,seaside,1920x1080,none,175,83.4329,88.6455,8
00_01_52_to_00_01_58,train,seaside,1920x1080,none,175,88.6455,94.1839,13
00_01_52_to_00_01_58,train,seaside,1920x1080,none,175,94.1839,100.0682,14
00_01_52_to_00_01_58,train,seaside,1920x1080,none,175,100.0682,106.3202,21
00_01_52_to_00_01_58,train,seaside,1920x1080,none,175,106.3202,112.9628,16
00_01_52_to_00_01_58,train,seaside,1920x1080,none,175,112.9628,120.0205,16
00_01_52_to_00_01_58,train,seaside,1920x1080,none,175,120.0205,127.519,15
00_01_52_to_00_01_58,train,seaside,1920x1080,none,175,127.519,135.4861,11
00_01_52_to_00_01_58,train,seaside,1920x1080,none,175,135.4861,143.9509,16
00_01_52_to_00_01_58,train,seaside,1920x1080,none,175,143.9509,152.9446,11
00_01_52_to_00_01_58,train,seaside,1920x1080,none,175,152.9446,162.5001,13
00_01_52_to_00_01_58,train,seaside,1920x1080,none,175,162.5001,172.6527,19
00_01_52_to_00_01_58,train,seaside,1920x1080,none,175,172.6527,183.4396,11
00_01_52_to_00_01_58,train,seaside,1920x1080,none,175,183.4396,194.9004,12
00_01_52_to_00_01_58,train,seaside,1920x1080,none,175,194.9004,207.0773,12
00_01_52_to_00_01_58,train,seaside,1920x1080,none,175,207.0773,220.0149,6
00_01_52_to_00_01_58,train,seaside,1920x1080,none,175,220.0149,233.7609,6
00_01_52_to_00_01_58,train,seaside,1920x1080,none,175,233.7609,248.3657,3
00_01_52_to_00_01_58,train,seaside,1920x1080,none,175,248.3657,263.8829,2
00_01_52_to_00_01_58,train,seaside,1920x1080,none,175,263.8829,280.3696,3
00_01_52_to_00_01_58,train,seaside,1920x1080,none,175,280.3696,297.8864,2
00_01_52_to_00_01_58,train,seaside,1920x1080,none,175,297.8864,316.4975,4
00_01_52_to_00_01_58,train,seaside,1920x1080,none,175,316.4975,336.2714,1
00_01_52_to_00_01_58,train,seaside,1920x1080,none,175,357.2808,379.6028,3
00_01_52_to_00_01_58,train,seaside,1920x1080,none,175,546.069,580.1859,1
00_01_52_to_00_01_58,train,seaside,1920x1080,none,175,580.1859,616.4344,1
00_01_52_to_00_01_58,train,seaside,1920x1080,none,175,785.5351,834.6133,1
00_01_52_to_00_01_58,train,seaside,1920x1080,none,175,834.6133,886.7577,1
00_01_52_to_00_01_58,train,seaside,1920x1080,none,175,886.7577,942.16,4
00_01_52_to_00_01_58,train,seaside,1920x1080,none,175,1001.0237,1063.565,6
00_01_52_to_00_01_58,train,seaside,1920x1080,none,175,1063.565,1130.0138,18
00_01_52_to_00_01_58,train,seaside,1920x1080,none,175,1130.0138,1200.6141,32
00_01_52_to_00_01_58,train,seaside,1920x1080,none,175,1200.6141,1275.6253,8
00_01_52_to_00_01_58,train,seaside,1920x1080,none,175,1275.6253,1355.323,16
00_01_52_to_00_01_58,train,seaside,1920x1080,none,175,1355.323,1440.0,18
00_01_52_to_00_01_58,train,seaside,1920x1080,none,175,1440.0,1529.9674,16
00_01_52_to_00_01_58,train,seaside,1920x1080,none,175,1529.9674,1625.5557,1
00_01_52_to_00_01_58,train,seaside,1920x1080,none,175,1951665.1031,2073600.0,4
00_02_45_to_00_03_10_cut,train,seaside,1920x1080,none,400,1.0,1.0625,92242
00_02_45_to_00_03_10_cut,train,seaside,1920x1080,none,400,1.9477,2.0694,34910
00_02_45_to_00_03_10_cut,train,seaside,1920x1080,none,400,2.9768,3.1628,18876
00_02_45_to_00_03_10_cut,train,seaside,1920x1080,none,400,3.7934,4.0304,11158
00_02_45_to_00_03_10_cut,train,seaside,1920x1080,none,400,4.8341,5.1361,7337
00_02_45_to_00_03_10_cut,train,seaside,1920x1080,none,400,5.7979,6.1601,5096
00_02_45_to_00_03_10_cut,train,seaside,1920x1080,none,400,6.9539,7.3884,3602
00_02_45_to_00_03_10_cut,train,seaside,1920x1080,none,400,7.85,8.3404,2758
00_02_45_to_00_03_10_cut,train,seaside,1920x1080,none,400,8.8615,9.4152,2216
00_02_45_to_00_03_10_cut,train,seaside,1920x1080,none,400,9.4152,10.0034,1715
00_02_45_to_00_03_10_cut,train,seaside,1920x1080,none,400,10.6284,11.2924,1244
00_02_45_to_00_03_10_cut,train,seaside,1920x1080,none,400,11.998,12.7476,1074
00_02_45_to_00_03_10_cut,train,seaside,1920x1080,none,400,12.7476,13.544,850
00_02_45_to_00_03_10_cut,train,seaside,1920x1080,none,400,13.544,14.3902,681
00_02_45_to_00_03_10_cut,train,seaside,1920x1080,none,400,14.3902,15.2892,615
00_02_45_to_00_03_10_cut,train,seaside,1920x1080,none,400,15.2892,16.2445,518
00_02_45_to_00_03_10_cut,train,seaside,1920x1080,none,400,16.2445,17.2594,459
00_02_45_to_00_03_10_cut,train,seaside,1920x1080,none,400,17.2594,18.3377,373
00_02_45_to_00_03_10_cut,train,seaside,1920x1080,none,400,18.3377,19.4834,292
00_02_45_to_00_03_10_cut,train,seaside,1920x1080,none,400,19.4834,20.7007,260
00_02_45_to_00_03_10_cut,train,seaside,1920x1080,none,400,20.7007,21.994,221
00_02_45_to_00_03_10_cut,train,seaside,1920x1080,none,400,21.994,23.3681,324
00_02_45_to_00_03_10_cut,train,seaside,1920x1080,none,400,23.3681,24.8281,131
00_02_45_to_00_03_10_cut,train,seaside,1920x1080,none,400,24.8281,26.3793,201
00_02_45_to_00_03_10_cut,train,seaside,1920x1080,none,400,26.3793,28.0274,173
00_02_45_to_00_03_10_cut,train,seaside,1920x1080,none,400,28.0274,29.7785,96
00_02_45_to_00_03_10_cut,train,seaside,1920x1080,none,400,29.7785,31.639,176
00_02_45_to_00_03_10_cut,train,seaside,1920x1080,none,400,31.639,33.6157,126
00_02_45_to_00_03_10_cut,train,seaside,1920x1080,none,400,33.6157,35.7159,106
00_02_45_to_00_03_10_cut,train,seaside,1920x1080,none,400,35.7159,37.9473,83
00_02_45_to_00_03_10_cut,train,seaside,1920x1080,none,400,37.9473,40.3182,120
00_02_45_to_00_03_10_cut,train,seaside,1920x1080,none,400,40.3182,42.8372,80
00_02_45_to_00_03_10_cut,train,seaside,1920x1080,none,400,42.8372,45.5135,82
00_02_45_to_00_03_10_cut,train,seaside,1920x1080,none,400,45.5135,48.3571,66
00_02_45_to_00_03_10_cut,train,seaside,1920x1080,none,400,48.3571,51.3783,53
00_02_45_to_00_03_10_cut,train,seaside,1920x1080,none,400,51.3783,54.5883,48
00_02_45_to_00_03_10_cut,train,seaside,1920x1080,none,400,54.5883,57.9988,42
00_02_45_to_00_03_10_cut,train,seaside,1920x1080,none,400,57.9988,61.6224,44
00_02_45_to_00_03_10_cut,train,seaside,1920x1080,none,400,61.6224,65.4724,47
00_02_45_to_00_03_10_cut,train,seaside,1920x1080,none,400,65.4724,69.563,29
00_02_45_to_00_03_10_cut,train,seaside,1920x1080,none,400,69.563,73.9091,43
00_02_45_to_00_03_10_cut,train,seaside,1920x1080,none,400,73.9091,78.5267,39
00_02_45_to_00_03_10_cut,train,seaside,1920x1080,none,400,78.5267,83.4329,21
00_02_45_to_00_03_10_cut,train,seaside,1920x1080,none,400,83.4329,88.6455,25
00_02_45_to_00_03_10_cut,train,seaside,1920x1080,none,400,88.6455,94.1839,16
00_02_45_to_00_03_10_cut,train,seaside,1920x1080,none,400,94.1839,100.0682,9
00_02_45_to_00_03_10_cut,train,seaside,1920x1080,none,400,100.0682,106.3202,6
00_02_45_to_00_03_10_cut,train,seaside,1920x1080,none,400,106.3202,112.9628,10
00_02_45_to_00_03_10_cut,train,seaside,1920x1080,none,400,112.9628,120.0205,10
00_02_45_to_00_03_10_cut,train,seaside,1920x1080,none,400,120.0205,127.519,10
00_02_45_to_00_03_10_cut,train,seaside,1920x1080,none,400,127.519,135.4861,8
00_02_45_to_00_03_10_cut,train,seaside,1920x1080,none,400,135.4861,143.9509,12
00_02_45_to_00_03_10_cut,train,seaside,1920x1080,none,400,143.9509,152.9446,15
00_02_45_to_00_03_10_cut,train,seaside,1920x1080,none,400,152.9446,162.5001,14
00_02_45_to_00_03_10_cut,train,seaside,1920x1080,none,400,162.5001,172.6527,7
00_02_45_to_00_03_10_cut,train,seaside,1920x1080,none,400,172.6527,183.4396,9
00_02_45_to_00_03_10_cut,train,seaside,1920x1080,none,400,183.4396,194.9004,10
00_02_45_to_00_03_10_cut,train,seaside,1920x1080,none,400,194.9004,207.0773,8
00_02_45_to_00_03_10_cut,train,seaside,1920x1080,none,400,207.0773,220.0149,15
00_02_45_to_00_03_10_cut,train,seaside,1920x1080,none,400,220.0149,233.7609,19
00_02_45_to_00_03_10_cut,train,seaside,1920x1080,none,400,233.7609,248.3657,25
00_02_45_to_00_03_10_cut,train,seaside,1920x1080,none,400,248.3657,263.8829,16
00_02_45_to_00_03_10_cut,train,seaside,1920x1080,none,400,263.8829,280.3696,7
00_02_45_to_00_03_10_cut,train,seaside,1920x1080,none,400,280.3696,297.8864,8
00_02_45_to_00_03_10_cut,train,seaside,1920x1080,none,400,297.8864,316.4975,11
00_02_45_to_00_03_10_cut,train,seaside,1920x1080,none,400,316.4975,336.2714,6
00_02_45_to_00_03_10_cut,train,seaside,1920x1080,none,400,336.2714,357.2808,12
00_02_45_to_00_03_10_cut,train,seaside,1920x1080,none,400,357.2808,379.6028,21
00_02_45_to_00_03_10_cut,train,seaside,1920x1080,none,400,379.6028,403.3193,3
00_02_45_to_00_03_10_cut,train,seaside,1920x1080,none,400,403.3193,428.5177,8
00_02_45_to_00_03_10_cut,train,seaside,1920x1080,none,400,428.5177,455.2903,8
00_02_45_to_00_03_10_cut,train,seaside,1920x1080,none,400,1951665.1031,2073600.0,4
00_06_10_to_00_06_27,train,seaside,1920x1080,none,497,1.0,1.0625,196903
00_06_10_to_00_06_27,train,seaside,1920x1080,none,497,1.9477,2.0694,37823
00_06_10_to_00_06_27,train,seaside,1920x1080,none,497,2.9768,3.1628,12192
00_06_10_to_00_06_27,train,seaside,1920x1080,none,497,3.7934,4.0304,6203
00_06_10_to_00_06_27,train,seaside,1920x1080,none,497,4.8341,5.1361,3560
00_06_10_to_00_06_27,train,seaside,1920x1080,none,497,5.7979,6.1601,2407
00_06_10_to_00_06_27,train,seaside,1920x1080,none,497,6.9539,7.3884,1721
00_06_10_to_00_06_27,train,seaside,1920x1080,none,497,7.85,8.3404,1293
00_06_10_to_00_06_27,train,seaside,1920x1080,none,497,8.8615,9.4152,1065
00_06_10_to_00_06_27,train,seaside,1920x1080,none,497,9.4152,10.0034,857
00_06_10_to_00_06_27,train,seaside,1920x1080,none,497,10.6284,11.2924,653
00_06_10_to_00_06_27,train,seaside,1920x1080,none,497,11.998,12.7476,567
00_06_10_to_00_06_27,train,seaside,1920x1080,none,497,12.7476,13.544,471
00_06_10_to_00_06_27,train,seaside,1920x1080,none,497,13.544,14.3902,406
00_06_10_to_00_06_27,train,seaside,1920x1080,none,497,14.3902,15.2892,328
00_06_10_to_00_06_27,train,seaside,1920x1080,none,497,15.2892,16.2445,266
00_06_10_to_00_06_27,train,seaside,1920x1080,none,497,16.2445,17.2594,311
00_06_10_to_00_06_27,train,seaside,1920x1080,none,497,17.2594,18.3377,263
00_06_10_to_00_06_27,train,seaside,1920x1080,none,497,18.3377,19.4834,237
00_06_10_to_00_06_27,train,seaside,1920x1080,none,497,19.4834,20.7007,206
00_06_10_to_00_06_27,train,seaside,1920x1080,none,497,20.7007,21.994,172
00_06_10_to_00_06_27,train,seaside,1920x1080,none,497,21.994,23.3681,292
00_06_10_to_00_06_27,train,seaside,1920x1080,none,497,23.3681,24.8281,150
00_06_10_to_00_06_27,train,seaside,1920x1080,none,497,24.8281,26.3793,252
00_06_10_to_00_06_27,train,seaside,1920x1080,none,497,26.3793,28.0274,240
00_06_10_to_00_06_27,train,seaside,1920x1080,none,497,28.0274,29.7785,130
00_06_10_to_00_06_27,train,seaside,1920x1080,none,497,29.7785,31.639,195
00_06_10_to_00_06_27,train,seaside,1920x1080,none,497,31.639,33.6157,164
00_06_10_to_00_06_27,train,seaside,1920x1080,none,497,33.6157,35.7159,153
00_06_10_to_00_06_27,train,seaside,1920x1080,none,497,35.7159,37.9473,150
00_06_10_to_00_06_27,train,seaside,1920x1080,none,497,37.9473,40.3182,155
00_06_10_to_00_06_27,train,seaside,1920x1080,none,497,40.3182,42.8372,105
00_06_10_to_00_06_27,train,seaside,1920x1080,none,497,42.8372,45.5135,129
00_06_10_to_00_06_27,train,seaside,1920x1080,none,497,45.5135,48.3571,107
00_06_10_to_00_06_27,train,seaside,1920x1080,none,497,48.3571,51.3783,105
00_06_10_to_00_06_27,train,seaside,1920x1080,none,497,51.3783,54.5883,107
00_06_10_to_00_06_27,train,seaside,1920x1080,none,497,54.5883,57.9988,78
00_06_10_to_00_06_27,train,seaside,1920x1080,none,497,57.9988,61.6224,91
00_06_10_to_00_06_27,train,seaside,1920x1080,none,497,61.6224,65.4724,89
00_06_10_to_00_06_27,train,seaside,1920x1080,none,497,65.4724,69.563,90
00_06_10_to_00_06_27,train,seaside,1920x1080,none,497,69.563,73.9091,88
00_06_10_to_00_06_27,train,seaside,1920x1080,none,497,73.9091,78.5267,137
00_06_10_to_00_06_27,train,seaside,1920x1080,none,497,78.5267,83.4329,110
00_06_10_to_00_06_27,train,seaside,1920x1080,none,497,83.4329,88.6455,73
00_06_10_to_00_06_27,train,seaside,1920x1080,none,497,88.6455,94.1839,76
00_06_10_to_00_06_27,train,seaside,1920x1080,none,497,94.1839,100.0682,67
00_06_10_to_00_06_27,train,seaside,1920x1080,none,497,100.0682,106.3202,65
00_06_10_to_00_06_27,train,seaside,1920x1080,none,497,106.3202,112.9628,75
00_06_10_to_00_06_27,train,seaside,1920x1080,none,497,112.9628,120.0205,79
00_06_10_to_00_06_27,train,seaside,1920x1080,none,497,120.0205,127.519,74
00_06_10_to_00_06_27,train,seaside,1920x1080,none,497,127.519,135.4861,57
00_06_10_to_00_06_27,train,seaside,1920x1080,none,497,135.4861,143.9509,57
00_06_10_to_00_06_27,train,seaside,1920x1080,none,497,143.9509,152.9446,58
00_06_10_to_00_06_27,train,seaside,1920x1080,none,497,152.9446,162.5001,65
00_06_10_to_00_06_27,train,seaside,1920x1080,none,497,162.5001,172.6527,68
00_06_10_to_00_06_27,train,seaside,1920x1080,none,497,172.6527,183.4396,57
00_06_10_to_00_06_27,train,seaside,1920x1080,none,497,183.4396,194.9004,59
00_06_10_to_00_06_27,train,seaside,1920x1080,none,497,194.9004,207.0773,63
00_06_10_to_00_06_27,train,seaside,1920x1080,none,497,207.0773,220.0149,56
00_06_10_to_00_06_27,train,seaside,1920x1080,none,497,220.0149,233.7609,44
00_06_10_to_00_06_27,train,seaside,1920x1080,none,497,233.7609,248.3657,29
00_06_10_to_00_06_27,train,seaside,1920x1080,none,497,248.3657,263.8829,15
00_06_10_to_00_06_27,train,seaside,1920x1080,none,497,263.8829,280.3696,32
00_06_10_to_00_06_27,train,seaside,1920x1080,none,497,280.3696,297.8864,33
00_06_10_to_00_06_27,train,seaside,1920x1080,none,497,297.8864,316.4975,26
00_06_10_to_00_06_27,train,seaside,1920x1080,none,497,316.4975,336.2714,32
00_06_10_to_00_06_27,train,seaside,1920x1080,none,497,336.2714,357.2808,12
00_06_10_to_00_06_27,train,seaside,1920x1080,none,497,357.2808,379.6028,6
00_06_10_to_00_06_27,train,seaside,1920x1080,none,497,379.6028,403.3193,22
00_06_10_to_00_06_27,train,seaside,1920x1080,none,497,403.3193,428.5177,22
00_06_10_to_00_06_27,train,seaside,1920x1080,none,497,428.5177,455.2903,28
00_06_10_to_00_06_27,train,seaside,1920x1080,none,497,455.2903,483.7357,32
00_06_10_to_00_06_27,train,seaside,1920x1080,none,497,483.7357,513.9582,24
00_06_10_to_00_06_27,train,seaside,1920x1080,none,497,513.9582,546.069,13
00_06_10_to_00_06_27,train,seaside,1920x1080,none,497,546.069,580.1859,18
00_06_10_to_00_06_27,train,seaside,1920x1080,none,497,580.1859,616.4344,20
00_06_10_to_00_06_27,train,seaside,1920x1080,none,497,616.4344,654.9476,17
00_06_10_to_00_06_27,train,seaside,1920x1080,none,497,654.9476,695.867,12
00_06_10_to_00_06_27,train,seaside,1920x1080,none,497,695.867,739.3429,3
00_06_10_to_00_06_27,train,seaside,1920x1080,none,497,785.5351,834.6133,1
00_06_10_to_00_06_27,train,seaside,1920x1080,none,497,834.6133,886.7577,4
00_06_10_to_00_06_27,train,seaside,1920x1080,none,497,886.7577,942.16,17
00_06_10_to_00_06_27,train,seaside,1920x1080,none,497,942.16,1001.0237,5
00_06_10_to_00_06_27,train,seaside,1920x1080,none,497,1001.0237,1063.565,2
00_06_10_to_00_06_27,train,seaside,1920x1080,none,497,1063.565,1130.0138,4
00_06_10_to_00_06_27,train,seaside,1920x1080,none,497,1130.0138,1200.6141,6
00_06_10_to_00_06_27,train,seaside,1920x1080,none,497,1200.6141,1275.6253,17
00_06_10_to_00_06_27,train,seaside,1920x1080,none,497,1275.6253,1355.323,17
00_06_10_to_00_06_27,train,seaside,1920x1080,none,497,1355.323,1440.0,7
00_06_10_to_00_06_27,train,seaside,1920x1080,none,497,1440.0,1529.9674,14
00_06_10_to_00_06_27,train,seaside,1920x1080,none,497,1529.9674,1625.5557,8
00_06_10_to_00_06_27,train,seaside,1920x1080,none,497,1625.5557,1727.1162,15
00_06_10_to_00_06_27,train,seaside,1920x1080,none,497,1727.1162,1835.0219,2
00_06_10_to_00_06_27,train,seaside,1920x1080,none,497,1835.0219,1949.6692,2
00_06_10_to_00_06_27,train,seaside,1920x1080,none,497,1949.6692,2071.4794,1
00_06_10_to_00_06_27,train,seaside,1920x1080,none,497,2071.4794,2200.9,1
00_06_10_to_00_06_27,train,seaside,1920x1080,none,497,2200.9,2338.4064,2
00_06_10_to_00_06_27,train,seaside,1920x1080,none,497,1951665.1031,2073600.0,4
00_09_30_to_00_10_09,train,seaside,1920x1080,none,1165,1.0,1.0625,233059
00_09_30_to_00_10_09,train,seaside,1920x1080,none,1165,1.9477,2.0694,37309
00_09_30_to_00_10_09,train,seaside,1920x1080,none,1165,2.9768,3.1628,8437
00_09_30_to_00_10_09,train,seaside,1920x1080,none,1165,3.7934,4.0304,3671
00_09_30_to_00_10_09,train,seaside,1920x1080,none,1165,4.8341,5.1361,1745
00_09_30_to_00_10_09,train,seaside,1920x1080,none,1165,5.7979,6.1601,1010
00_09_30_to_00_10_09,train,seaside,1920x1080,none,1165,6.9539,7.3884,628
00_09_30_to_00_10_09,train,seaside,1920x1080,none,1165,7.85,8.3404,438
00_09_30_to_00_10_09,train,seaside,1920x1080,none,1165,8.8615,9.4152,279
00_09_30_to_00_10_09,train,seaside,1920x1080,none,1165,9.4152,10.0034,221
00_09_30_to_00_10_09,train,seaside,1920x1080,none,1165,10.6284,11.2924,218
00_09_30_to_00_10_09,train,seaside,1920x1080,none,1165,11.998,12.7476,197
00_09_30_to_00_10_09,train,seaside,1920x1080,none,1165,12.7476,13.544,162
00_09_30_to_00_10_09,train,seaside,1920x1080,none,1165,13.544,14.3902,146
00_09_30_to_00_10_09,train,seaside,1920x1080,none,1165,14.3902,15.2892,128
00_09_30_to_00_10_09,train,seaside,1920x1080,none,1165,15.2892,16.2445,135
00_09_30_to_00_10_09,train,seaside,1920x1080,none,1165,16.2445,17.2594,114
00_09_30_to_00_10_09,train,seaside,1920x1080,none,1165,17.2594,18.3377,132
00_09_30_to_00_10_09,train,seaside,1920x1080,none,1165,18.3377,19.4834,102
00_09_30_to_00_10_09,train,seaside,1920x1080,none,1165,19.4834,20.7007,96
00_09_30_to_00_10_09,train,seaside,1920x1080,none,1165,20.7007,21.994,100
00_09_30_to_00_10_09,train,seaside,1920x1080,none,1165,21.994,23.3681,159
00_09_30_to_00_10_09,train,seaside,1920x1080,none,1165,23.3681,24.8281,70
00_09_30_to_00_10_09,train,seaside,1920x1080,none,1165,24.8281,26.3793,117
00_09_30_to_00_10_09,train,seaside,1920x1080,none,1165,26.3793,28.0274,79
00_09_30_to_00_10_09,train,seaside,1920x1080,none,1165,28.0274,29.7785,35
00_09_30_to_00_10_09,train,seaside,1920x1080,none,1165,29.7785,31.639,46
00_09_30_to_00_10_09,train,seaside,1920x1080,none,1165,31.639,33.6157,27
00_09_30_to_00_10_09,train,seaside,1920x1080,none,1165,33.6157,35.7159,23
00_09_30_to_00_10_09,train,seaside,1920x1080,none,1165,35.7159,37.9473,28
00_09_30_to_00_10_09,train,seaside,1920x1080,none,1165,37.9473,40.3182,27
00_09_30_to_00_10_09,train,seaside,1920x1080,none,1165,40.3182,42.8372,19
00_09_30_to_00_10_09,train,seaside,1920x1080,none,1165,42.8372,45.5135,25
00_09_30_to_00_10_09,train,seaside,1920x1080,none,1165,45.5135,48.3571,29
00_09_30_to_00_10_09,train,seaside,1920x1080,none,1165,48.3571,51.3783,39
00_09_30_to_00_10_09,train,seaside,1920x1080,none,1165,51.3783,54.5883,31
00_09_30_to_00_10_09,train,seaside,1920x1080,none,1165,54.5883,57.9988,30
00_09_30_to_00_10_09,train,seaside,1920x1080,none,1165,57.9988,61.6224,34
00_09_30_to_00_10_09,train,seaside,1920x1080,none,1165,61.6224,65.4724,36
00_09_30_to_00_10_09,train,seaside,1920x1080,none,1165,65.4724,69.563,39
00_09_30_to_00_10_09,train,seaside,1920x1080,none,1165,69.563,73.9091,21
00_09_30_to_00_10_09,train,seaside,1920x1080,none,1165,73.9091,78.5267,16
00_09_30_to_00_10_09,train,seaside,1920x1080,none,1165,78.5267,83.4329,26
00_09_30_to_00_10_09,train,seaside,1920x1080,none,1165,83.4329,88.6455,21
00_09_30_to_00_10_09,train,seaside,1920x1080,none,1165,88.6455,94.1839,17
00_09_30_to_00_10_09,train,seaside,1920x1080,none,1165,94.1839,100.0682,14
00_09_30_to_00_10_09,train,seaside,1920x1080,none,1165,100.0682,106.3202,11
00_09_30_to_00_10_09,train,seaside,1920x1080,none,1165,106.3202,112.9628,10
00_09_30_to_00_10_09,train,seaside,1920x1080,none,1165,112.9628,120.0205,15
00_09_30_to_00_10_09,train,seaside,1920x1080,none,1165,120.0205,127.519,8
00_09_30_to_00_10_09,train,seaside,1920x1080,none,1165,127.519,135.4861,10
00_09_30_to_00_10_09,train,seaside,1920x1080,none,1165,135.4861,143.9509,9
00_09_30_to_00_10_09,train,seaside,1920x1080,none,1165,143.9509,152.9446,10
00_09_30_to_00_10_09,train,seaside,1920x1080,none,1165,152.9446,162.5001,14
00_09_30_to_00_10_09,train,seaside,1920x1080,none,1165,162.5001,172.6527,16
00_09_30_to_00_10_09,train,seaside,1920x1080,none,1165,172.6527,183.4396,20
00_09_30_to_00_10_09,train,seaside,1920x1080,none,1165,183.4396,194.9004,22
00_09_30_to_00_10_09,train,seaside,1920x1080,none,1165,194.9004,207.0773,11
00_09_30_to_00_10_09,train,seaside,1920x1080,none,1165,207.0773,220.0149,13
00_09_30_to_00_10_09,train,seaside,1920x1080,none,1165,220.0149,233.7609,11
00_09_30_to_00_10_09,train,seaside,1920x1080,none,1165,233.7609,248.3657,8
00_09_30_to_00_10_09,train,seaside,1920x1080,none,1165,248.3657,263.8829,14
00_09_30_to_00_10_09,train,seaside,1920x1080,none,1165,263.8829,280.3696,8
00_09_30_to_00_10_09,train,seaside,1920x1080,none,1165,280.3696,297.8864,11
00_09_30_to_00_10_09,train,seaside,1920x1080,none,1165,297.8864,316.4975,14
00_09_30_to_00_10_09,train,seaside,1920x1080,none,1165,316.4975,336.2714,6
00_09_30_to_00_10_09,train,seaside,1920x1080,none,1165,336.2714,357.2808,9
00_09_30_to_00_10_09,train,seaside,1920x1080,none,1165,357.2808,379.6028,6
00_09_30_to_00_10_09,train,seaside,1920x1080,none,1165,379.6028,403.3193,7
00_09_30_to_00_10_09,train,seaside,1920x1080,none,1165,403.3193,428.5177,5
00_09_30_to_00_10_09,train,seaside,1920x1080,none,1165,428.5177,455.2903,2
00_09_30_to_00_10_09,train,seaside,1920x1080,none,1165,455.2903,483.7357,6
00_09_30_to_00_10_09,train,seaside,1920x1080,none,1165,483.7357,513.9582,2
00_09_30_to_00_10_09,train,seaside,1920x1080,none,1165,513.9582,546.069,7
00_09_30_to_00_10_09,train,seaside,1920x1080,none,1165,546.069,580.1859,11
00_09_30_to_00_10_09,train,seaside,1920x1080,none,1165,580.1859,616.4344,17
00_09_30_to_00_10_09,train,seaside,1920x1080,none,1165,616.4344,654.9476,20
00_09_30_to_00_10_09,train,seaside,1920x1080,none,1165,654.9476,695.867,27
00_09_30_to_00_10_09,train,seaside,1920x1080,none,1165,695.867,739.3429,29
00_09_30_to_00_10_09,train,seaside,1920x1080,none,1165,739.3429,785.5351,12
00_09_30_to_00_10_09,train,seaside,1920x1080,none,1165,785.5351,834.6133,8
00_09_30_to_00_10_09,train,seaside,1920x1080,none,1165,834.6133,886.7577,6
00_09_30_to_00_10_09,train,seaside,1920x1080,none,1165,886.7577,942.16,7
00_09_30_to_00_10_09,train,seaside,1920x1080,none,1165,942.16,1001.0237,9
00_09_30_to_00_10_09,train,seaside,1920x1080,none,1165,1001.0237,1063.565,4
00_09_30_to_00_10_09,train,seaside,1920x1080,none,1165,1063.565,1130.0138,2
00_09_30_to_00_10_09,train,seaside,1920x1080,none,1165,1130.0138,1200.6141,6
00_09_30_to_00_10_09,train,seaside,1920x1080,none,1165,1200.6141,1275.6253,6
00_09_30_to_00_10_09,train,seaside,1920x1080,none,1165,1275.6253,1355.323,7
00_09_30_to_00_10_09,train,seaside,1920x1080,none,1165,1355.323,1440.0,2
00_09_30_to_00_10_09,train,seaside,1920x1080,none,1165,1440.0,1529.9674,6
00_09_30_to_00_10_09,train,seaside,1920x1080,none,1165,1529.9674,1625.5557,9
00_09_30_to_00_10_09,train,seaside,1920x1080,none,1165,1625.5557,1727.1162,4
00_09_30_to_00_10_09,train,seaside,1920x1080,none,1165,1727.1162,1835.0219,3
00_09_30_to_00_10_09,train,seaside,1920x1080,none,1165,1835.0219,1949.6692,1
00_09_30_to_00_10_09,train,seaside,1920x1080,none,1165,1949.6692,2071.4794,8
00_09_30_to_00_10_09,train,seaside,1920x1080,none,1165,2071.4794,2200.9,4
00_09_30_to_00_10_09,train,seaside,1920x1080,none,1165,2200.9,2338.4064,3
00_09_30_to_00_10_09,train,seaside,1920x1080,none,1165,2338.4064,2484.5039,5
00_09_30_to_00_10_09,train,seaside,1920x1080,none,1165,2484.5039,2639.7291,2
00_09_30_to_00_10_09,train,seaside,1920x1080,none,1165,2639.7291,2804.6525,30
00_09_30_to_00_10_09,train,seaside,1920x1080,none,1165,2804.6525,2979.8798,24
00_09_30_to_00_10_09,train,seaside,1920x1080,none,1165,2979.8798,3166.0548,23
00_09_30_to_00_10_09,train,seaside,1920x1080,none,1165,3166.0548,3363.8616,22
00_09_30_to_00_10_09,train,seaside,1920x1080,none,1165,3363.8616,3574.0268,14
00_09_30_to_00_10_09,train,seaside,1920x1080,none,1165,3574.0268,3797.3226,6
00_09_30_to_00_10_09,train,seaside,1920x1080,none,1165,3797.3226,4034.5693,9
00_09_30_to_00_10_09,train,seaside,1920x1080,none,1165,4034.5693,4286.6386,3
00_09_30_to_00_10_09,train,seaside,1920x1080,none,1165,4286.6386,4554.4564,9
00_09_30_to_00_10_09,train,seaside,1920x1080,none,1165,4554.4564,4839.0069,32
00_09_30_to_00_10_09,train,seaside,1920x1080,none,1165,4839.0069,5141.3353,53
00_09_30_to_00_10_09,train,seaside,1920x1080,none,1165,5141.3353,5462.5524,24
00_09_30_to_00_10_09,train,seaside,1920x1080,none,1165,5462.5524,5803.8383,10
00_09_30_to_00_10_09,train,seaside,1920x1080,none,1165,5803.8383,6166.4468,10
00_09_30_to_00_10_09,train,seaside,1920x1080,none,1165,6166.4468,6551.7102,17
00_09_30_to_00_10_09,train,seaside,1920x1080,none,1165,6551.7102,6961.0438,25
00_09_30_to_00_10_09,train,seaside,1920x1080,none,1165,6961.0438,7395.9515,17
00_09_30_to_00_10_09,train,seaside,1920x1080,none,1165,7395.9515,7858.031,1
00_09_30_to_00_10_09,train,seaside,1920x1080,none,1165,7858.031,8348.9801,1
00_09_30_to_00_10_09,train,seaside,1920x1080,none,1165,8348.9801,8870.6024,1
00_09_30_to_00_10_09,train,seaside,1920x1080,none,1165,8870.6024,9424.8143,2
00_09_30_to_00_10_09,train,seaside,1920x1080,none,1165,9424.8143,10013.6519,1
00_09_30_to_00_10_09,train,seaside,1920x1080,none,1165,10013.6519,10639.2785,1
00_09_30_to_00_10_09,train,seaside,1920x1080,none,1165,10639.2785,11303.9926,1
00_09_30_to_00_10_09,train,seaside,1920x1080,none,1165,12010.2363,12760.6042,2
00_09_30_to_00_10_09,train,seaside,1920x1080,none,1165,12760.6042,13557.8532,1
00_09_30_to_00_10_09,train,seaside,1920x1080,none,1165,13557.8532,14404.9122,1
00_09_30_to_00_10_09,train,seaside,1920x1080,none,1165,14404.9122,15304.8932,2
00_09_30_to_00_10_09,train,seaside,1920x1080,none,1165,15304.8932,16261.1026,1
00_09_30_to_00_10_09,train,seaside,1920x1080,none,1165,1951665.1031,2073600.0,4
00_10_09_to_00_10_40,train,seaside,1920x1080,none,924,1.0,1.0625,160163
00_10_09_to_00_10_40,train,seaside,1920x1080,none,924,1.9477,2.0694,23584
00_10_09_to_00_10_40,train,seaside,1920x1080,none,924,2.9768,3.1628,5047
00_10_09_to_00_10_40,train,seaside,1920x1080,none,924,3.7934,4.0304,2235
00_10_09_to_00_10_40,train,seaside,1920x1080,none,924,4.8341,5.1361,1119
00_10_09_to_00_10_40,train,seaside,1920x1080,none,924,5.7979,6.1601,639
00_10_09_to_00_10_40,train,seaside,1920x1080,none,924,6.9539,7.3884,349
00_10_09_to_00_10_40,train,seaside,1920x1080,none,924,7.85,8.3404,271
00_10_09_to_00_10_40,train,seaside,1920x1080,none,924,8.8615,9.4152,189
00_10_09_to_00_10_40,train,seaside,1920x1080,none,924,9.4152,10.0034,147
00_10_09_to_00_10_40,train,seaside,1920x1080,none,924,10.6284,11.2924,131
00_10_09_to_00_10_40,train,seaside,1920x1080,none,924,11.998,12.7476,85
00_10_09_to_00_10_40,train,seaside,1920x1080,none,924,12.7476,13.544,73
00_10_09_to_00_10_40,train,seaside,1920x1080,none,924,13.544,14.3902,69
00_10_09_to_00_10_40,train,seaside,1920x1080,none,924,14.3902,15.2892,55
00_10_09_to_00_10_40,train,seaside,1920x1080,none,924,15.2892,16.2445,60
00_10_09_to_00_10_40,train,seaside,1920x1080,none,924,16.2445,17.2594,56
00_10_09_to_00_10_40,train,seaside,1920x1080,none,924,17.2594,18.3377,58
00_10_09_to_00_10_40,train,seaside,1920x1080,none,924,18.3377,19.4834,37
00_10_09_to_00_10_40,train,seaside,1920x1080,none,924,19.4834,20.7007,33
00_10_09_to_00_10_40,train,seaside,1920x1080,none,924,20.7007,21.994,53
00_10_09_to_00_10_40,train,seaside,1920x1080,none,924,21.994,23.3681,93
00_10_09_to_00_10_40,train,seaside,1920x1080,none,924,23.3681,24.8281,42
00_10_09_to_00_10_40,train,seaside,1920x1080,none,924,24.8281,26.3793,76
00_10_09_to_00_10_40,train,seaside,1920x1080,none,924,26.3793,28.0274,64
00_10_09_to_00_10_40,train,seaside,1920x1080,none,924,28.0274,29.7785,38
00_10_09_to_00_10_40,train,seaside,1920x1080,none,924,29.7785,31.639,55
00_10_09_to_00_10_40,train,seaside,1920x1080,none,924,31.639,33.6157,59
00_10_09_to_00_10_40,train,seaside,1920x1080,none,924,33.6157,35.7159,46
00_10_09_to_00_10_40,train,seaside,1920x1080,none,924,35.7159,37.9473,46
00_10_09_to_00_10_40,train,seaside,1920x1080,none,924,37.9473,40.3182,47
00_10_09_to_00_10_40,train,seaside,1920x1080,none,924,40.3182,42.8372,33
00_10_09_to_00_10_40,train,seaside,1920x1080,none,924,42.8372,45.5135,52
00_10_09_to_00_10_40,train,seaside,1920x1080,none,924,45.5135,48.3571,52
00_10_09_to_00_10_40,train,seaside,1920x1080,none,924,48.3571,51.3783,39
00_10_09_to_00_10_40,train,seaside,1920x1080,none,924,51.3783,54.5883,58
00_10_09_to_00_10_40,train,seaside,1920x1080,none,924,54.5883,57.9988,26
00_10_09_to_00_10_40,train,seaside,1920x1080,none,924,57.9988,61.6224,30
00_10_09_to_00_10_40,train,seaside,1920x1080,none,924,61.6224,65.4724,21
00_10_09_to_00_10_40,train,seaside,1920x1080,none,924,65.4724,69.563,28
00_10_09_to_00_10_40,train,seaside,1920x1080,none,924,69.563,73.9091,21
00_10_09_to_00_10_40,train,seaside,1920x1080,none,924,73.9091,78.5267,18
00_10_09_to_00_10_40,train,seaside,1920x1080,none,924,78.5267,83.4329,24
00_10_09_to_00_10_40,train,seaside,1920x1080,none,924,83.4329,88.6455,13
00_10_09_to_00_10_40,train,seaside,1920x1080,none,924,88.6455,94.1839,18
00_10_09_to_00_10_40,train,seaside,1920x1080,none,924,94.1839,100.0682,14
00_10_09_to_00_10_40,train,seaside,1920x1080,none,924,100.0682,106.3202,10
00_10_09_to_00_10_40,train,seaside,1920x1080,none,924,106.3202,112.9628,6
00_10_09_to_00_10_40,train,seaside,1920x1080,none,924,112.9628,120.0205,20
00_10_09_to_00_10_40,train,seaside,1920x1080,none,924,120.0205,127.519,9
00_10_09_to_00_10_40,train,seaside,1920x1080,none,924,127.519,135.4861,5
00_10_09_to_00_10_40,train,seaside,1920x1080,none,924,135.4861,143.9509,7
00_10_09_to_00_10_40,train,seaside,1920x1080,none,924,143.9509,152.9446,13
00_10_09_to_00_10_40,train,seaside,1920x1080,none,924,152.9446,162.5001,10
00_10_09_to_00_10_40,train,seaside,1920x1080,none,924,162.5001,172.6527,11
00_10_09_to_00_10_40,train,seaside,1920x1080,none,924,172.6527,183.4396,9
00_10_09_to_00_10_40,train,seaside,1920x1080,none,924,183.4396,194.9004,8
00_10_09_to_00_10_40,train,seaside,1920x1080,none,924,194.9004,207.0773,14
00_10_09_to_00_10_40,train,seaside,1920x1080,none,924,207.0773,220.0149,9
00_10_09_to_00_10_40,train,seaside,1920x1080,none,924,220.0149,233.7609,12
00_10_09_to_00_10_40,train,seaside,1920x1080,none,924,233.7609,248.3657,13
00_10_09_to_00_10_40,train,seaside,1920x1080,none,924,248.3657,263.8829,11
00_10_09_to_00_10_40,train,seaside,1920x1080,none,924,263.8829,280.3696,9
00_10_09_to_00_10_40,train,seaside,1920x1080,none,924,280.3696,297.8864,10
00_10_09_to_00_10_40,train,seaside,1920x1080,none,924,297.8864,316.4975,8
00_10_09_to_00_10_40,train,seaside,1920x1080,none,924,316.4975,336.2714,6
00_10_09_to_00_10_40,train,seaside,1920x1080,none,924,336.2714,357.2808,4
00_10_09_to_00_10_40,train,seaside,1920x1080,none,924,357.2808,379.6028,3
00_10_09_to_00_10_40,train,seaside,1920x1080,none,924,379.6028,403.3193,4
00_10_09_to_00_10_40,train,seaside,1920x1080,none,924,403.3193,428.5177,10
00_10_09_to_00_10_40,train,seaside,1920x1080,none,924,428.5177,455.2903,6
00_10_09_to_00_10_40,train,seaside,1920x1080,none,924,455.2903,483.7357,3
00_10_09_to_00_10_40,train,seaside,1920x1080,none,924,483.7357,513.9582,6
00_10_09_to_00_10_40,train,seaside,1920x1080,none,924,513.9582,546.069,4
00_10_09_to_00_10_40,train,seaside,1920x1080,none,924,546.069,580.1859,3
00_10_09_to_00_10_40,train,seaside,1920x1080,none,924,580.1859,616.4344,4
00_10_09_to_00_10_40,train,seaside,1920x1080,none,924,616.4344,654.9476,4
00_10_09_to_00_10_40,train,seaside,1920x1080,none,924,654.9476,695.867,6
00_10_09_to_00_10_40,train,seaside,1920x1080,none,924,695.867,739.3429,5
00_10_09_to_00_10_40,train,seaside,1920x1080,none,924,739.3429,785.5351,4
00_10_09_to_00_10_40,train,seaside,1920x1080,none,924,785.5351,834.6133,4
00_10_09_to_00_10_40,train,seaside,1920x1080,none,924,834.6133,886.7577,5
00_10_09_to_00_10_40,train,seaside,1920x1080,none,924,886.7577,942.16,2
00_10_09_to_00_10_40,train,seaside,1920x1080,none,924,942.16,1001.0237,3
00_10_09_to_00_10_40,train,seaside,1920x1080,none,924,1001.0237,1063.565,2
00_10_09_to_00_10_40,train,seaside,1920x1080,none,924,1063.565,1130.0138,1
00_10_09_to_00_10_40,train,seaside,1920x1080,none,924,1130.0138,1200.6141,3
00_10_09_to_00_10_40,train,seaside,1920x1080,none,924,1200.6141,1275.6253,2
00_10_09_to_00_10_40,train,seaside,1920x1080,none,924,1275.6253,1355.323,3
00_10_09_to_00_10_40,train,seaside,1920x1080,none,924,1355.323,1440.0,3
00_10_09_to_00_10_40,train,seaside,1920x1080,none,924,1440.0,1529.9674,1
00_10_09_to_00_10_40,train,seaside,1920x1080,none,924,1529.9674,1625.5557,3
00_10_09_to_00_10_40,train,seaside,1920x1080,none,924,1625.5557,1727.1162,3
00_10_09_to_00_10_40,train,seaside,1920x1080,none,924,1835.0219,1949.6692,1
00_10_09_to_00_10_40,train,seaside,1920x1080,none,924,1949.6692,2071.4794,5
00_10_09_to_00_10_40,train,seaside,1920x1080,none,924,2071.4794,2200.9,4
00_10_09_to_00_10_40,train,seaside,1920x1080,none,924,2200.9,2338.4064,1
00_10_09_to_00_10_40,train,seaside,1920x1080,none,924,2639.7291,2804.6525,1
00_10_09_to_00_10_40,train,seaside,1920x1080,none,924,2804.6525,2979.8798,1
00_10_09_to_00_10_40,train,seaside,1920x1080,none,924,3363.8616,3574.0268,1
00_10_09_to_00_10_40,train,seaside,1920x1080,none,924,3574.0268,3797.3226,1
00_10_09_to_00_10_40,train,seaside,1920x1080,none,924,3797.3226,4034.5693,1
00_10_09_to_00_10_40,train,seaside,1920x1080,none,924,4286.6386,4554.4564,3
00_10_09_to_00_10_40,train,seaside,1920x1080,none,924,4839.0069,5141.3353,2
00_10_09_to_00_10_40,train,seaside,1920x1080,none,924,5141.3353,5462.5524,1
00_10_09_to_00_10_40,train,seaside,1920x1080,none,924,5462.5524,5803.8383,1
00_10_09_to_00_10_40,train,seaside,1920x1080,none,924,5803.8383,6166.4468,2
00_10_09_to_00_10_40,train,seaside,1920x1080,none,924,6166.4468,6551.7102,2
00_10_09_to_00_10_40,train,seaside,1920x1080,none,924,6961.0438,7395.9515,3
00_10_09_to_00_10_40,train,seaside,1920x1080,none,924,7395.9515,7858.031,1
00_10_09_to_00_10_40,train,seaside,1920x1080,none,924,7858.031,8348.9801,1
00_10_09_to_00_10_40,train,seaside,1920x1080,none,924,8348.9801,8870.6024,1
00_10_09_to_00_10_40,train,seaside,1920x1080,none,924,8870.6024,9424.8143,2
00_10_09_to_00_10_40,train,seaside,1920x1080,none,924,9424.8143,10013.6519,1
00_10_09_to_00_10_40,train,seaside,1920x1080,none,924,10013.6519,10639.2785,1
00_10_09_to_00_10_40,train,seaside,1920x1080,none,924,10639.2785,11303.9926,3
00_10_09_to_00_10_40,train,seaside,1920x1080,none,924,11303.9926,12010.2363,4
00_10_09_to_00_10_40,train,seaside,1920x1080,none,924,12010.2363,12760.6042,16
00_10_09_to_00_10_40,train,seaside,1920x1080,none,924,12760.6042,13557.8532,17
00_10_09_to_00_10_40,train,seaside,1920x1080,none,924,13557.8532,14404.9122,11
00_10_09_to_00_10_40,train,seaside,1920x1080,none,924,14404.9122,15304.8932,22
00_10_09_to_00_10_40,train,seaside,1920x1080,none,924,15304.8932,16261.1026,8
00_10_09_to_00_10_40,train,seaside,1920x1080,none,924,16261.1026,17277.0535,3
00_10_09_to_00_10_40,train,seaside,1920x1080,none,924,17277.0535,18356.4783,3
00_10_09_to_00_10_40,train,seaside,1920x1080,none,924,18356.4783,19503.3427,2
00_10_09_to_00_10_40,train,seaside,1920x1080,none,924,19503.3427,20721.8602,2
00_10_09_to_00_10_40,train,seaside,1920x1080,none,924,20721.8602,22016.5075,2
00_10_09_to_00_10_40,train,seaside,1920x1080,none,924,22016.5075,23392.0409,3
00_10_09_to_00_10_40,train,seaside,1920x1080,none,924,23392.0409,24853.514,6
00_10_09_to_00_10_40,train,seaside,1920x1080,none,924,24853.514,26406.2961,4
00_10_09_to_00_10_40,train,seaside,1920x1080,none,924,26406.2961,28056.092,5
00_10_09_to_00_10_40,train,seaside,1920x1080,none,924,28056.092,29808.9627,5
00_10_09_to_00_10_40,train,seaside,1920x1080,none,924,29808.9627,31671.3482,5
00_10_09_to_00_10_40,train,seaside,1920x1080,none,924,1951665.1031,2073600.0,4
2019_09_02_C0002_2527_inspire,train,industrial,3840x2160,none,502,1.0,1.0686,7497413
2019_09_02_C0002_2527_inspire,train,industrial,3840x2160,none,502,1.9421,2.0754,2405258
2019_09_02_C0002_2527_inspire,train,industrial,3840x2160,none,502,2.8924,3.0909,1127014
2019_09_02_C0002_2527_inspire,train,industrial,3840x2160,none,502,3.7719,4.0308,668047
2019_09_02_C0002_2527_inspire,train,industrial,3840x2160,none,502,4.919,5.2566,424278
2019_09_02_C0002_2527_inspire,train,industrial,3840x2160,none,502,5.6174,6.0029,295593
2019_09_02_C0002_2527_inspire,train,industrial,3840x2160,none,502,6.8552,7.3257,213465
2019_09_02_C0002_2527_inspire,train,industrial,3840x2160,none,502,7.8285,8.3657,163045
2019_09_02_C0002_2527_inspire,train,industrial,3840x2160,none,502,8.9399,9.5535,127098
2019_09_02_C0002_2527_inspire,train,industrial,3840x2160,none,502,9.5535,10.2091,101171
2019_09_02_C0002_2527_inspire,train,industrial,3840x2160,none,502,10.9098,11.6586,82141
2019_09_02_C0002_2527_inspire,train,industrial,3840x2160,none,502,11.6586,12.4587,68207
2019_09_02_C0002_2527_inspire,train,industrial,3840x2160,none,502,12.4587,13.3138,57439
2019_09_02_C0002_2527_inspire,train,industrial,3840x2160,none,502,13.3138,14.2276,48163
2019_09_02_C0002_2527_inspire,train,industrial,3840x2160,none,502,14.2276,15.204,41973
2019_09_02_C0002_2527_inspire,train,industrial,3840x2160,none,502,15.204,16.2475,35925
2019_09_02_C0002_2527_inspire,train,industrial,3840x2160,none,502,16.2475,17.3626,32139
2019_09_02_C0002_2527_inspire,train,industrial,3840x2160,none,502,17.3626,18.5543,28083
2019_09_02_C0002_2527_inspire,train,industrial,3840x2160,none,502,18.5543,19.8277,24532
2019_09_02_C0002_2527_inspire,train,industrial,3840x2160,none,502,19.8277,21.1885,41512
2019_09_02_C0002_2527_inspire,train,industrial,3840x2160,none,502,21.1885,22.6427,17998
2019_09_02_C0002_2527_inspire,train,industrial,3840x2160,none,502,22.6427,24.1967,31086
2019_09_02_C0002_2527_inspire,train,industrial,3840x2160,none,502,24.1967,25.8574,13421
2019_09_02_C0002_2527_inspire,train,industrial,3840x2160,none,502,25.8574,27.6321,23720
2019_09_02_C0002_2527_inspire,train,industrial,3840x2160,none,502,27.6321,29.5285,20509
2019_09_02_C0002_2527_inspire,train,industrial,3840x2160,none,502,29.5285,31.5551,17409
2019_09_02_C0002_2527_inspire,train,industrial,3840x2160,none,502,31.5551,33.7208,14715
2019_09_02_C0002_2527_inspire,train,industrial,3840x2160,none,502,33.7208,36.0352,19011
2019_09_02_C0002_2527_inspire,train,industrial,3840x2160,none,502,36.0352,38.5083,10769
2019_09_02_C0002_2527_inspire,train,industrial,3840x2160,none,502,38.5083,41.1513,13923
2019_09_02_C0002_2527_inspire,train,industrial,3840x2160,none,502,41.1513,43.9756,7972
2019_09_02_C0002_2527_inspire,train,industrial,3840x2160,none,502,43.9756,46.9937,10494
2019_09_02_C0002_2527_inspire,train,industrial,3840x2160,none,502,46.9937,50.219,11439
2019_09_02_C0002_2527_inspire,train,industrial,3840x2160,none,502,50.219,53.6656,7571
2019_09_02_C0002_2527_inspire,train,industrial,3840x2160,none,502,53.6656,57.3488,8696
2019_09_02_C0002_2527_inspire,train,industrial,3840x2160,none,502,57.3488,61.2848,7372
2019_09_02_C0002_2527_inspire,train,industrial,3840x2160,none,502,61.2848,65.4909,6409
2019_09_02_C0002_2527_inspire,train,industrial,3840x2160,none,502,65.4909,69.9857,5567
2019_09_02_C0002_2527_inspire,train,industrial,3840x2160,none,502,69.9857,74.789,5835
2019_09_02_C0002_2527_inspire,train,industrial,3840x2160,none,502,74.789,79.9219,5090
2019_09_02_C0002_2527_inspire,train,industrial,3840x2160,none,502,79.9219,85.4071,5281
2019_09_02_C0002_2527_inspire,train,industrial,3840x2160,none,502,85.4071,91.2688,4441
2019_09_02_C0002_2527_inspire,train,industrial,3840x2160,none,502,91.2688,97.5328,3621
2019_09_02_C0002_2527_inspire,train,industrial,3840x2160,none,502,97.5328,104.2267,3661
2019_09_02_C0002_2527_inspire,train,industrial,3840x2160,none,502,104.2267,111.38,3100
2019_09_02_C0002_2527_inspire,train,industrial,3840x2160,none,502,111.38,119.0243,3112
2019_09_02_C0002_2527_inspire,train,industrial,3840x2160,none,502,119.0243,127.1932,2553
2019_09_02_C0002_2527_inspire,train,industrial,3840x2160,none,502,127.1932,135.9227,2203
2019_09_02_C0002_2527_inspire,train,industrial,3840x2160,none,502,135.9227,145.2514,2360
2019_09_02_C0002_2527_inspire,train,industrial,3840x2160,none,502,145.2514,155.2203,2054
2019_09_02_C0002_2527_inspire,train,industrial,3840x2160,none,502,155.2203,165.8734,1751
2019_09_02_C0002_2527_inspire,train,industrial,3840x2160,none,502,165.8734,177.2577,1818
2019_09_02_C0002_2527_inspire,train,industrial,3840x2160,none,502,177.2577,189.4233,1593
2019_09_02_C0002_2527_inspire,train,industrial,3840x2160,none,502,189.4233,202.4238,1525
2019_09_02_C0002_2527_inspire,train,industrial,3840x2160,none,502,202.4238,216.3166,1377
2019_09_02_C0002_2527_inspire,train,industrial,3840x2160,none,502,216.3166,231.1629,1286
2019_09_02_C0002_2527_inspire,train,industrial,3840x2160,none,502,231.1629,247.0282,1212
2019_09_02_C0002_2527_inspire,train,industrial,3840x2160,none,502,247.0282,263.9823,1124
2019_09_02_C0002_2527_inspire,train,industrial,3840x2160,none,502,263.9823,282.1,1053
2019_09_02_C0002_2527_inspire,train,industrial,3840x2160,none,502,282.1,301.4611,1019
2019_09_02_C0002_2527_inspire,train,industrial,3840x2160,none,502,301.4611,322.1511,1012
2019_09_02_C0002_2527_inspire,train,industrial,3840x2160,none,502,322.1511,344.261,872
2019_09_02_C0002_2527_inspire,train,industrial,3840x2160,none,502,344.261,367.8884,781
2019_09_02_C0002_2527_inspire,train,industrial,3840x2160,none,502,367.8884,393.1374,873
2019_09_02_C0002_2527_inspire,train,industrial,3840x2160,none,502,393.1374,420.1193,714
2019_09_02_C0002_2527_inspire,train,industrial,3840x2160,none,502,420.1193,448.953,657
2019_09_02_C0002_2527_inspire,train,industrial,3840x2160,none,502,448.953,479.7657,661
2019_09_02_C0002_2527_inspire,train,industrial,3840x2160,none,502,479.7657,512.6931,592
2019_09_02_C0002_2527_inspire,train,industrial,3840x2160,none,502,512.6931,547.8803,596
2019_09_02_C0002_2527_inspire,train,industrial,3840x2160,none,502,547.8803,585.4826,570
2019_09_02_C0002_2527_inspire,train,industrial,3840x2160,none,502,585.4826,625.6656,588
2019_09_02_C0002_2527_inspire,train,industrial,3840x2160,none,502,625.6656,668.6064,468
2019_09_02_C0002_2527_inspire,train,industrial,3840x2160,none,502,668.6064,714.4944,398
2019_09_02_C0002_2527_inspire,train,industrial,3840x2160,none,502,714.4944,763.5317,358
2019_09_02_C0002_2527_inspire,train,industrial,3840x2160,none,502,763.5317,815.9346,286
2019_09_02_C0002_2527_inspire,train,industrial,3840x2160,none,502,815.9346,871.934,340
2019_09_02_C0002_2527_inspire,train,industrial,3840x2160,none,502,871.934,931.7768,336
2019_09_02_C0002_2527_inspire,train,industrial,3840x2160,none,502,931.7768,995.7267,348
2019_09_02_C0002_2527_inspire,train,industrial,3840x2160,none,502,995.7267,1064.0657,278
2019_09_02_C0002_2527_inspire,train,industrial,3840x2160,none,502,1064.0657,1137.0949,253
2019_09_02_C0002_2527_inspire,train,industrial,3840x2160,none,502,1137.0949,1215.1362,264
2019_09_02_C0002_2527_inspire,train,industrial,3840x2160,none,502,1215.1362,1298.5337,256
2019_09_02_C0002_2527_inspire,train,industrial,3840x2160,none,502,1298.5337,1387.655,195
2019_09_02_C0002_2527_inspire,train,industrial,3840x2160,none,502,1387.655,1482.8929,208
2019_09_02_C0002_2527_inspire,train,industrial,3840x2160,none,502,1482.8929,1584.6671,228
2019_09_02_C0002_2527_inspire,train,industrial,3840x2160,none,502,1584.6671,1693.4264,216
2019_09_02_C0002_2527_inspire,train,industrial,3840x2160,none,502,1693.4264,1809.65,126
2019_09_02_C0002_2527_inspire,train,industrial,3840x2160,none,502,1809.65,1933.8503,124
2019_09_02_C0002_2527_inspire,train,industrial,3840x2160,none,502,1933.8503,2066.5748,131
2019_09_02_C0002_2527_inspire,train,industrial,3840x2160,none,502,2066.5748,2208.4085,95
2019_09_02_C0002_2527_inspire,train,industrial,3840x2160,none,502,2208.4085,2359.9765,77
2019_09_02_C0002_2527_inspire,train,industrial,3840x2160,none,502,2359.9765,2521.9469,80
2019_09_02_C0002_2527_inspire,train,industrial,3840x2160,none,502,2521.9469,2695.0338,98
2019_09_02_C0002_2527_inspire,train,industrial,3840x2160,none,502,2695.0338,2880.0,120
2019_09_02_C0002_2527_inspire,train,industrial,3840x2160,none,502,2880.0,3077.6608,88
2019_09_02_C0002_2527_inspire,train,industrial,3840x2160,none,502,3077.6608,3288.8876,83
2019_09_02_C0002_2527_inspire,train,industrial,3840x2160,none,502,3288.8876,3514.6113,78
2019_09_02_C0002_2527_inspire,train,industrial,3840x2160,none,502,3514.6113,3755.8269,83
2019_09_02_C0002_2527_inspire,train,industrial,3840x2160,none,502,3755.8269,4013.5977,79
2019_09_02_C0002_2527_inspire,train,industrial,3840x2160,none,502,4013.5977,4289.0599,65
2019_09_02_C0002_2527_inspire,train,industrial,3840x2160,none,502,4289.0599,4583.4277,74
2019_09_02_C0002_2527_inspire,train,industrial,3840x2160,none,502,4583.4277,4897.9986,75
2019_09_02_C0002_2527_inspire,train,industrial,3840x2160,none,502,4897.9986,5234.1592,33
2019_09_02_C0002_2527_inspire,train,industrial,3840x2160,none,502,5234.1592,5593.3912,44
2019_09_02_C0002_2527_inspire,train,industrial,3840x2160,none,502,5593.3912,5977.2781,51
2019_09_02_C0002_2527_inspire,train,industrial,3840x2160,none,502,5977.2781,6387.5121,26
2019_09_02_C0002_2527_inspire,train,industrial,3840x2160,none,502,6387.5121,6825.9013,24
2019_09_02_C0002_2527_inspire,train,industrial,3840x2160,none,502,6825.9013,7294.3782,43
2019_09_02_C0002_2527_inspire,train,industrial,3840x2160,none,502,7294.3782,7795.0077,32
2019_09_02_C0002_2527_inspire,train,industrial,3840x2160,none,502,7795.0077,8329.9965,13
2019_09_02_C0002_2527_inspire,train,industrial,3840x2160,none,502,8329.9965,8901.7028,30
2019_09_02_C0002_2527_inspire,train,industrial,3840x2160,none,502,8901.7028,9512.6466,12
2019_09_02_C0002_2527_inspire,train,industrial,3840x2160,none,502,9512.6466,10165.5208,18
2019_09_02_C0002_2527_inspire,train,industrial,3840x2160,none,502,10165.5208,10863.2032,32
2019_09_02_C0002_2527_inspire,train,industrial,3840x2160,none,502,10863.2032,11608.7691,34
2019_09_02_C0002_2527_inspire,train,industrial,3840x2160,none,502,11608.7691,12405.5049,25
2019_09_02_C0002_2527_inspire,train,industrial,3840x2160,none,502,12405.5049,13256.9224,20
2019_09_02_C0002_2527_inspire,train,industrial,3840x2160,none,502,13256.9224,14166.7746,13
2019_09_02_C0002_2527_inspire,train,industrial,3840x2160,none,502,14166.7746,15139.0721,8
2019_09_02_C0002_2527_inspire,train,industrial,3840x2160,none,502,15139.0721,16178.1004,11
2019_09_02_C0002_2527_inspire,train,industrial,3840x2160,none,502,16178.1004,17288.4396,33
2019_09_02_C0002_2527_inspire,train,industrial,3840x2160,none,502,17288.4396,18474.9839,2
2019_09_02_C0002_2527_inspire,train,industrial,3840x2160,none,502,18474.9839,19742.9633,2
2019_09_02_C0002_2527_inspire,train,industrial,3840x2160,none,502,21097.967,22545.9677,2
2019_09_02_C0002_2527_inspire,train,industrial,3840x2160,none,502,22545.9677,24093.3479,4
2019_09_02_C0002_2527_inspire,train,industrial,3840x2160,none,502,25746.9282,27513.9974,2
2019_09_02_C0002_2527_inspire,train,industrial,3840x2160,none,502,27513.9974,29402.3446,5
2019_09_02_C0002_2527_inspire,train,industrial,3840x2160,none,502,29402.3446,31420.2933,2
2019_09_02_C0002_2527_inspire,train,industrial,3840x2160,none,502,31420.2933,33576.7382,5
2019_09_02_C0002_2527_inspire,train,industrial,3840x2160,none,502,33576.7382,35881.1848,9
2019_09_02_C0002_2527_inspire,train,industrial,3840x2160,none,502,35881.1848,38343.7908,9
2019_09_02_C0002_2527_inspire,train,industrial,3840x2160,none,502,38343.7908,40975.4109,6
2019_09_02_C0002_2527_inspire,train,industrial,3840x2160,none,502,40975.4109,43787.6449,14
2019_09_02_C0002_2527_inspire,train,industrial,3840x2160,none,502,43787.6449,46792.8889,8
2019_09_02_C0002_2527_inspire,train,industrial,3840x2160,none,502,46792.8889,50004.3895,12
2019_09_02_C0002_2527_inspire,train,industrial,3840x2160,none,502,50004.3895,53436.3025,2
2019_09_02_C0002_2527_inspire,train,industrial,3840x2160,none,502,57103.7554,61022.9138,1
2019_09_02_C0002_2527_inspire,train,industrial,3840x2160,none,502,65211.0529,69686.6332,2
2019_09_02_C0002_2527_inspire,train,industrial,3840x2160,none,502,69686.6332,74469.3827,2
2019_09_02_C0002_2527_inspire,train,industrial,3840x2160,none,502,74469.3827,79580.3829,1
2019_09_02_C0002_2527_inspire,train,industrial,3840x2160,none,502,79580.3829,85042.1625,3
2019_09_02_C0002_2527_inspire,train,industrial,3840x2160,none,502,85042.1625,90878.7962,4
2019_09_02_C0002_2527_inspire,train,industrial,3840x2160,none,502,90878.7962,97116.0112,4
2019_09_02_C0002_2527_inspire,train,industrial,3840x2160,none,502,97116.0112,103781.3002,9
2019_09_02_C0002_2527_inspire,train,industrial,3840x2160,none,502,103781.3002,110904.0428,7
2019_09_02_C0002_2527_inspire,train,industrial,3840x2160,none,502,110904.0428,118515.6353,5
2019_09_02_C0002_2527_inspire,train,industrial,3840x2160,none,502,135341.8754,144630.6909,2
2019_09_02_C0002_2527_inspire,train,industrial,3840x2160,none,502,144630.6909,154557.0186,2
2019_09_02_C0002_2527_inspire,train,industrial,3840x2160,none,502,154557.0186,165164.6123,2
2019_09_02_C0002_2527_inspire,train,industrial,3840x2160,none,502,165164.6123,176500.229,1
2019_09_02_C0002_2527_inspire,train,industrial,3840x2160,none,502,176500.229,188613.8343,2
2019_09_02_C0002_2527_inspire,train,industrial,3840x2160,none,502,7761697.357,8294400.0,4
2019_09_02_C0002_3700_mavic,train,industrial,3840x2160,none,928,1.0,1.0686,7731833
2019_09_02_C0002_3700_mavic,train,industrial,3840x2160,none,928,1.9421,2.0754,2691539
2019_09_02_C0002_3700_mavic,train,industrial,3840x2160,none,928,2.8924,3.0909,1371153
2019_09_02_C0002_3700_mavic,train,industrial,3840x2160,none,928,3.7719,4.0308,885263
2019_09_02_C0002_3700_mavic,train,industrial,3840x2160,none,928,4.919,5.2566,596995
2019_09_02_C0002_3700_mavic,train,industrial,3840x2160,none,928,5.6174,6.0029,437289
2019_09_02_C0002_3700_mavic,train,industrial,3840x2160,none,928,6.8552,7.3257,330352
2019_09_02_C0002_3700_mavic,train,industrial,3840x2160,none,928,7.8285,8.3657,257225
2019_09_02_C0002_3700_mavic,train,industrial,3840x2160,none,928,8.9399,9.5535,205601
2019_09_02_C0002_3700_mavic,train,industrial,3840x2160,none,928,9.5535,10.2091,167698
2019_09_02_C0002_3700_mavic,train,industrial,3840x2160,none,928,10.9098,11.6586,138991
2019_09_02_C0002_3700_mavic,train,industrial,3840x2160,none,928,11.6586,12.4587,116372
2019_09_02_C0002_3700_mavic,train,industrial,3840x2160,none,928,12.4587,13.3138,100216
2019_09_02_C0002_3700_mavic,train,industrial,3840x2160,none,928,13.3138,14.2276,85736
2019_09_02_C0002_3700_mavic,train,industrial,3840x2160,none,928,14.2276,15.204,74016
2019_09_02_C0002_3700_mavic,train,industrial,3840x2160,none,928,15.204,16.2475,64570
2019_09_02_C0002_3700_mavic,train,industrial,3840x2160,none,928,16.2475,17.3626,56705
2019_09_02_C0002_3700_mavic,train,industrial,3840x2160,none,928,17.3626,18.5543,49401
2019_09_02_C0002_3700_mavic,train,industrial,3840x2160,none,928,18.5543,19.8277,45190
2019_09_02_C0002_3700_mavic,train,industrial,3840x2160,none,928,19.8277,21.1885,76516
2019_09_02_C0002_3700_mavic,train,industrial,3840x2160,none,928,21.1885,22.6427,32773
2019_09_02_C0002_3700_mavic,train,industrial,3840x2160,none,928,22.6427,24.1967,57206
2019_09_02_C0002_3700_mavic,train,industrial,3840x2160,none,928,24.1967,25.8574,24753
2019_09_02_C0002_3700_mavic,train,industrial,3840x2160,none,928,25.8574,27.6321,43387
2019_09_02_C0002_3700_mavic,train,industrial,3840x2160,none,928,27.6321,29.5285,37181
2019_09_02_C0002_3700_mavic,train,industrial,3840x2160,none,928,29.5285,31.5551,32032
2019_09_02_C0002_3700_mavic,train,industrial,3840x2160,none,928,31.5551,33.7208,27215
2019_09_02_C0002_3700_mavic,train,industrial,3840x2160,none,928,33.7208,36.0352,34775
2019_09_02_C0002_3700_mavic,train,industrial,3840x2160,none,928,36.0352,38.5083,19804
2019_09_02_C0002_3700_mavic,train,industrial,3840x2160,none,928,38.5083,41.1513,25948
2019_09_02_C0002_3700_mavic,train,industrial,3840x2160,none,928,41.1513,43.9756,15266
2019_09_02_C0002_3700_mavic,train,industrial,3840x2160,none,928,43.9756,46.9937,20060
2019_09_02_C0002_3700_mavic,train,industrial,3840x2160,none,928,46.9937,50.219,22333
2019_09_02_C0002_3700_mavic,train,industrial,3840x2160,none,928,50.219,53.6656,14301
2019_09_02_C0002_3700_mavic,train,industrial,3840x2160,none,928,53.6656,57.3488,16603
2019_09_02_C0002_3700_mavic,train,industrial,3840x2160,none,928,57.3488,61.2848,13970
2019_09_02_C0002_3700_mavic,train,industrial,3840x2160,none,928,61.2848,65.4909,12296
2019_09_02_C0002_3700_mavic,train,industrial,3840x2160,none,928,65.4909,69.9857,10694
2019_09_02_C0002_3700_mavic,train,industrial,3840x2160,none,928,69.9857,74.789,11376
2019_09_02_C0002_3700_mavic,train,industrial,3840x2160,none,928,74.789,79.9219,9683
2019_09_02_C0002_3700_mavic,train,industrial,3840x2160,none,928,79.9219,85.4071,9724
2019_09_02_C0002_3700_mavic,train,industrial,3840x2160,none,928,85.4071,91.2688,8354
2019_09_02_C0002_3700_mavic,train,industrial,3840x2160,none,928,91.2688,97.5328,7164
2019_09_02_C0002_3700_mavic,train,industrial,3840x2160,none,928,97.5328,104.2267,7116
2019_09_02_C0002_3700_mavic,train,industrial,3840x2160,none,928,104.2267,111.38,6072
2019_09_02_C0002_3700_mavic,train,industrial,3840x2160,none,928,111.38,119.0243,5816
2019_09_02_C0002_3700_mavic,train,industrial,3840x2160,none,928,119.0243,127.1932,5062
2019_09_02_C0002_3700_mavic,train,industrial,3840x2160,none,928,127.1932,135.9227,4278
2019_09_02_C0002_3700_mavic,train,industrial,3840x2160,none,928,135.9227,145.2514,4662
2019_09_02_C0002_3700_mavic,train,industrial,3840x2160,none,928,145.2514,155.2203,4040
2019_09_02_C0002_3700_mavic,train,industrial,3840x2160,none,928,155.2203,165.8734,3447
2019_09_02_C0002_3700_mavic,train,industrial,3840x2160,none,928,165.8734,177.2577,3381
2019_09_02_C0002_3700_mavic,train,industrial,3840x2160,none,928,177.2577,189.4233,3036
2019_09_02_C0002_3700_mavic,train,industrial,3840x2160,none,928,189.4233,202.4238,2776
2019_09_02_C0002_3700_mavic,train,industrial,3840x2160,none,928,202.4238,216.3166,2540
2019_09_02_C0002_3700_mavic,train,industrial,3840x2160,none,928,216.3166,231.1629,2194
2019_09_02_C0002_3700_mavic,train,industrial,3840x2160,none,928,231.1629,247.0282,2070
2019_09_02_C0002_3700_mavic,train,industrial,3840x2160,none,928,247.0282,263.9823,1883
2019_09_02_C0002_3700_mavic,train,industrial,3840x2160,none,928,263.9823,282.1,1987
2019_09_02_C0002_3700_mavic,train,industrial,3840x2160,none,928,282.1,301.4611,1636
2019_09_02_C0002_3700_mavic,train,industrial,3840x2160,none,928,301.4611,322.1511,1529
2019_09_02_C0002_3700_mavic,train,industrial,3840x2160,none,928,322.1511,344.261,1484
2019_09_02_C0002_3700_mavic,train,industrial,3840x2160,none,928,344.261,367.8884,1432
2019_09_02_C0002_3700_mavic,train,industrial,3840x2160,none,928,367.8884,393.1374,1331
2019_09_02_C0002_3700_mavic,train,industrial,3840x2160,none,928,393.1374,420.1193,1291
2019_09_02_C0002_3700_mavic,train,industrial,3840x2160,none,928,420.1193,448.953,1209
2019_09_02_C0002_3700_mavic,train,industrial,3840x2160,none,928,448.953,479.7657,1114
2019_09_02_C0002_3700_mavic,train,industrial,3840x2160,none,928,479.7657,512.6931,1097
2019_09_02_C0002_3700_mavic,train,industrial,3840x2160,none,928,512.6931,547.8803,980
2019_09_02_C0002_3700_mavic,train,industrial,3840x2160,none,928,547.8803,585.4826,928
2019_09_02_C0002_3700_mavic,train,industrial,3840x2160,none,928,585.4826,625.6656,804
2019_09_02_C0002_3700_mavic,train,industrial,3840x2160,none,928,625.6656,668.6064,749
2019_09_02_C0002_3700_mavic,train,industrial,3840x2160,none,928,668.6064,714.4944,681
2019_09_02_C0002_3700_mavic,train,industrial,3840x2160,none,928,714.4944,763.5317,662
2019_09_02_C0002_3700_mavic,train,industrial,3840x2160,none,928,763.5317,815.9346,657
2019_09_02_C0002_3700_mavic,train,industrial,3840x2160,none,928,815.9346,871.934,670
2019_09_02_C0002_3700_mavic,train,industrial,3840x2160,none,928,871.934,931.7768,578
2019_09_02_C0002_3700_mavic,train,industrial,3840x2160,none,928,931.7768,995.7267,505
2019_09_02_C0002_3700_mavic,train,industrial,3840x2160,none,928,995.7267,1064.0657,478
2019_09_02_C0002_3700_mavic,train,industrial,3840x2160,none,928,1064.0657,1137.0949,516
2019_09_02_C0002_3700_mavic,train,industrial,3840x2160,none,928,1137.0949,1215.1362,473
2019_09_02_C0002_3700_mavic,train,industrial,3840x2160,none,928,1215.1362,1298.5337,434
2019_09_02_C0002_3700_mavic,train,industrial,3840x2160,none,928,1298.5337,1387.655,382
2019_09_02_C0002_3700_mavic,train,industrial,3840x2160,none,928,1387.655,1482.8929,335
2019_09_02_C0002_3700_mavic,train,industrial,3840x2160,none,928,1482.8929,1584.6671,294
2019_09_02_C0002_3700_mavic,train,industrial,3840x2160,none,928,1584.6671,1693.4264,260
2019_09_02_C0002_3700_mavic,train,industrial,3840x2160,none,928,1693.4264,1809.65,243
2019_09_02_C0002_3700_mavic,train,industrial,3840x2160,none,928,1809.65,1933.8503,217
2019_09_02_C0002_3700_mavic,train,industrial,3840x2160,none,928,1933.8503,2066.5748,239
2019_09_02_C0002_3700_mavic,train,industrial,3840x2160,none,928,2066.5748,2208.4085,254
2019_09_02_C0002_3700_mavic,train,industrial,3840x2160,none,928,2208.4085,2359.9765,183
2019_09_02_C0002_3700_mavic,train,industrial,3840x2160,none,928,2359.9765,2521.9469,209
2019_09_02_C0002_3700_mavic,train,industrial,3840x2160,none,928,2521.9469,2695.0338,202
2019_09_02_C0002_3700_mavic,train,industrial,3840x2160,none,928,2695.0338,2880.0,151
2019_09_02_C0002_3700_mavic,train,industrial,3840x2160,none,928,2880.0,3077.6608,176
2019_09_02_C0002_3700_mavic,train,industrial,3840x2160,none,928,3077.6608,3288.8876,156
2019_09_02_C0002_3700_mavic,train,industrial,3840x2160,none,928,3288.8876,3514.6113,172
2019_09_02_C0002_3700_mavic,train,industrial,3840x2160,none,928,3514.6113,3755.8269,207
2019_09_02_C0002_3700_mavic,train,industrial,3840x2160,none,928,3755.8269,4013.5977,149
2019_09_02_C0002_3700_mavic,train,industrial,3840x2160,none,928,4013.5977,4289.0599,150
2019_09_02_C0002_3700_mavic,train,industrial,3840x2160,none,928,4289.0599,4583.4277,166
2019_09_02_C0002_3700_mavic,train,industrial,3840x2160,none,928,4583.4277,4897.9986,117
2019_09_02_C0002_3700_mavic,train,industrial,3840x2160,none,928,4897.9986,5234.1592,123
2019_09_02_C0002_3700_mavic,train,industrial,3840x2160,none,928,5234.1592,5593.3912,78
2019_09_02_C0002_3700_mavic,train,industrial,3840x2160,none,928,5593.3912,5977.2781,65
2019_09_02_C0002_3700_mavic,train,industrial,3840x2160,none,928,5977.2781,6387.5121,74
2019_09_02_C0002_3700_mavic,train,industrial,3840x2160,none,928,6387.5121,6825.9013,46
2019_09_02_C0002_3700_mavic,train,industrial,3840x2160,none,928,6825.9013,7294.3782,35
2019_09_02_C0002_3700_mavic,train,industrial,3840x2160,none,928,7294.3782,7795.0077,31
2019_09_02_C0002_3700_mavic,train,industrial,3840x2160,none,928,7795.0077,8329.9965,24
2019_09_02_C0002_3700_mavic,train,industrial,3840x2160,none,928,8329.9965,8901.7028,18
2019_09_02_C0002_3700_mavic,train,industrial,3840x2160,none,928,8901.7028,9512.6466,13
2019_09_02_C0002_3700_mavic,train,industrial,3840x2160,none,928,9512.6466,10165.5208,12
2019_09_02_C0002_3700_mavic,train,industrial,3840x2160,none,928,10165.5208,10863.2032,4
2019_09_02_C0002_3700_mavic,train,industrial,3840x2160,none,928,10863.2032,11608.7691,7
2019_09_02_C0002_3700_mavic,train,industrial,3840x2160,none,928,11608.7691,12405.5049,5
2019_09_02_C0002_3700_mavic,train,industrial,3840x2160,none,928,12405.5049,13256.9224,1
2019_09_02_C0002_3700_mavic,train,industrial,3840x2160,none,928,13256.9224,14166.7746,3
2019_09_02_C0002_3700_mavic,train,industrial,3840x2160,none,928,14166.7746,15139.0721,3
2019_09_02_C0002_3700_mavic,train,industrial,3840x2160,none,928,16178.1004,17288.4396,2
2019_09_02_C0002_3700_mavic,train,industrial,3840x2160,none,928,17288.4396,18474.9839,3
2019_09_02_C0002_3700_mavic,train,industrial,3840x2160,none,928,18474.9839,19742.9633,11
2019_09_02_C0002_3700_mavic,train,industrial,3840x2160,none,928,19742.9633,21097.967,11
2019_09_02_C0002_3700_mavic,train,industrial,3840x2160,none,928,21097.967,22545.9677,1
2019_09_02_C0002_3700_mavic,train,industrial,3840x2160,none,928,7761697.357,8294400.0,4
2019_09_02_GOPR5871_1058_solo,train,industrial,1920x1080,none,725,1.0,1.0625,652081
2019_09_02_GOPR5871_1058_solo,train,industrial,1920x1080,none,725,1.9477,2.0694,213334
2019_09_02_GOPR5871_1058_solo,train,industrial,1920x1080,none,725,2.9768,3.1628,104459
2019_09_02_GOPR5871_1058_solo,train,industrial,1920x1080,none,725,3.7934,4.0304,61484
2019_09_02_GOPR5871_1058_solo,train,industrial,1920x1080,none,725,4.8341,5.1361,40176
2019_09_02_GOPR5871_1058_solo,train,industrial,1920x1080,none,725,5.7979,6.1601,28157
2019_09_02_GOPR5871_1058_solo,train,industrial,1920x1080,none,725,6.9539,7.3884,20741
2019_09_02_GOPR5871_1058_solo,train,industrial,1920x1080,none,725,7.85,8.3404,15894
2019_09_02_GOPR5871_1058_solo,train,industrial,1920x1080,none,725,8.8615,9.4152,12656
2019_09_02_GOPR5871_1058_solo,train,industrial,1920x1080,none,725,9.4152,10.0034,9985
2019_09_02_GOPR5871_1058_solo,train,industrial,1920x1080,none,725,10.6284,11.2924,8610
2019_09_02_GOPR5871_1058_solo,train,industrial,1920x1080,none,725,11.998,12.7476,7078
2019_09_02_GOPR5871_1058_solo,train,industrial,1920x1080,none,725,12.7476,13.544,6506
2019_09_02_GOPR5871_1058_solo,train,industrial,1920x1080,none,725,13.544,14.3902,5427
2019_09_02_GOPR5871_1058_solo,train,industrial,1920x1080,none,725,14.3902,15.2892,4571
2019_09_02_GOPR5871_1058_solo,train,industrial,1920x1080,none,725,15.2892,16.2445,4159
2019_09_02_GOPR5871_1058_solo,train,industrial,1920x1080,none,725,16.2445,17.2594,3552
2019_09_02_GOPR5871_1058_solo,train,industrial,1920x1080,none,725,17.2594,18.3377,3084
2019_09_02_GOPR5871_1058_solo,train,industrial,1920x1080,none,725,18.3377,19.4834,2907
2019_09_02_GOPR5871_1058_solo,train,industrial,1920x1080,none,725,19.4834,20.7007,2652
2019_09_02_GOPR5871_1058_solo,train,industrial,1920x1080,none,725,20.7007,21.994,2690
2019_09_02_GOPR5871_1058_solo,train,industrial,1920x1080,none,725,21.994,23.3681,4369
2019_09_02_GOPR5871_1058_solo,train,industrial,1920x1080,none,725,23.3681,24.8281,1933
2019_09_02_GOPR5871_1058_solo,train,industrial,1920x1080,none,725,24.8281,26.3793,3501
2019_09_02_GOPR5871_1058_solo,train,industrial,1920x1080,none,725,26.3793,28.0274,2856
2019_09_02_GOPR5871_1058_solo,train,industrial,1920x1080,none,725,28.0274,29.7785,1271
2019_09_02_GOPR5871_1058_solo,train,industrial,1920x1080,none,725,29.7785,31.639,2488
2019_09_02_GOPR5871_1058_solo,train,industrial,1920x1080,none,725,31.639,33.6157,2099
2019_09_02_GOPR5871_1058_solo,train,industrial,1920x1080,none,725,33.6157,35.7159,1763
2019_09_02_GOPR5871_1058_solo,train,industrial,1920x1080,none,725,35.7159,37.9473,1479
2019_09_02_GOPR5871_1058_solo,train,industrial,1920x1080,none,725,37.9473,40.3182,2090
2019_09_02_GOPR5871_1058_solo,train,industrial,1920x1080,none,725,40.3182,42.8372,1258
2019_09_02_GOPR5871_1058_solo,train,industrial,1920x1080,none,725,42.8372,45.5135,1866
2019_09_02_GOPR5871_1058_solo,train,industrial,1920x1080,none,725,45.5135,48.3571,1617
2019_09_02_GOPR5871_1058_solo,train,industrial,1920x1080,none,725,48.3571,51.3783,1469
2019_09_02_GOPR5871_1058_solo,train,industrial,1920x1080,none,725,51.3783,54.5883,1175
2019_09_02_GOPR5871_1058_solo,train,industrial,1920x1080,none,725,54.5883,57.9988,1042
2019_09_02_GOPR5871_1058_solo,train,industrial,1920x1080,none,725,57.9988,61.6224,1277
2019_09_02_GOPR5871_1058_solo,train,industrial,1920x1080,none,725,61.6224,65.4724,983
2019_09_02_GOPR5871_1058_solo,train,industrial,1920x1080,none,725,65.4724,69.563,944
2019_09_02_GOPR5871_1058_solo,train,industrial,1920x1080,none,725,69.563,73.9091,778
2019_09_02_GOPR5871_1058_solo,train,industrial,1920x1080,none,725,73.9091,78.5267,919
2019_09_02_GOPR5871_1058_solo,train,industrial,1920x1080,none,725,78.5267,83.4329,715
2019_09_02_GOPR5871_1058_solo,train,industrial,1920x1080,none,725,83.4329,88.6455,678
2019_09_02_GOPR5871_1058_solo,train,industrial,1920x1080,none,725,88.6455,94.1839,745
2019_09_02_GOPR5871_1058_solo,train,industrial,1920x1080,none,725,94.1839,100.0682,562
2019_09_02_GOPR5871_1058_solo,train,industrial,1920x1080,none,725,100.0682,106.3202,534
2019_09_02_GOPR5871_1058_solo,train,industrial,1920x1080,none,725,106.3202,112.9628,578
2019_09_02_GOPR5871_1058_solo,train,industrial,1920x1080,none,725,112.9628,120.0205,623
2019_09_02_GOPR5871_1058_solo,train,industrial,1920x1080,none,725,120.0205,127.519,401
2019_09_02_GOPR5871_1058_solo,train,industrial,1920x1080,none,725,127.519,135.4861,335
2019_09_02_GOPR5871_1058_solo,train,industrial,1920x1080,none,725,135.4861,143.9509,438
2019_09_02_GOPR5871_1058_solo,train,industrial,1920x1080,none,725,143.9509,152.9446,425
2019_09_02_GOPR5871_1058_solo,train,industrial,1920x1080,none,725,152.9446,162.5001,349
2019_09_02_GOPR5871_1058_solo,train,industrial,1920x1080,none,725,162.5001,172.6527,295
2019_09_02_GOPR5871_1058_solo,train,industrial,1920x1080,none,725,172.6527,183.4396,320
2019_09_02_GOPR5871_1058_solo,train,industrial,1920x1080,none,725,183.4396,194.9004,331
2019_09_02_GOPR5871_1058_solo,train,industrial,1920x1080,none,725,194.9004,207.0773,363
2019_09_02_GOPR5871_1058_solo,train,industrial,1920x1080,none,725,207.0773,220.0149,356
2019_09_02_GOPR5871_1058_solo,train,industrial,1920x1080,none,725,220.0149,233.7609,267
2019_09_02_GOPR5871_1058_solo,train,industrial,1920x1080,none,725,233.7609,248.3657,310
2019_09_02_GOPR5871_1058_solo,train,industrial,1920x1080,none,725,248.3657,263.8829,235
2019_09_02_GOPR5871_1058_solo,train,industrial,1920x1080,none,725,263.8829,280.3696,315
2019_09_02_GOPR5871_1058_solo,train,industrial,1920x1080,none,725,280.3696,297.8864,218
2019_09_02_GOPR5871_1058_solo,train,industrial,1920x1080,none,725,297.8864,316.4975,210
2019_09_02_GOPR5871_1058_solo,train,industrial,1920x1080,none,725,316.4975,336.2714,241
2019_09_02_GOPR5871_1058_solo,train,industrial,1920x1080,none,725,336.2714,357.2808,217
2019_09_02_GOPR5871_1058_solo,train,industrial,1920x1080,none,725,357.2808,379.6028,213
2019_09_02_GOPR5871_1058_solo,train,industrial,1920x1080,none,725,379.6028,403.3193,184
2019_09_02_GOPR5871_1058_solo,train,industrial,1920x1080,none,725,403.3193,428.5177,155
2019_09_02_GOPR5871_1058_solo,train,industrial,1920x1080,none,725,428.5177,455.2903,126
2019_09_02_GOPR5871_1058_solo,train,industrial,1920x1080,none,725,455.2903,483.7357,131
2019_09_02_GOPR5871_1058_solo,train,industrial,1920x1080,none,725,483.7357,513.9582,214
2019_09_02_GOPR5871_1058_solo,train,industrial,1920x1080,none,725,513.9582,546.069,256
2019_09_02_GOPR5871_1058_solo,train,industrial,1920x1080,none,725,546.069,580.1859,197
2019_09_02_GOPR5871_1058_solo,train,industrial,1920x1080,none,725,580.1859,616.4344,219
2019_09_02_GOPR5871_1058_solo,train,industrial,1920x1080,none,725,616.4344,654.9476,80
2019_09_02_GOPR5871_1058_solo,train,industrial,1920x1080,none,725,654.9476,695.867,93
2019_09_02_GOPR5871_1058_solo,train,industrial,1920x1080,none,725,695.867,739.3429,51
2019_09_02_GOPR5871_1058_solo,train,industrial,1920x1080,none,725,739.3429,785.5351,94
2019_09_02_GOPR5871_1058_solo,train,industrial,1920x1080,none,725,785.5351,834.6133,95
2019_09_02_GOPR5871_1058_solo,train,industrial,1920x1080,none,725,834.6133,886.7577,126
2019_09_02_GOPR5871_1058_solo,train,industrial,1920x1080,none,725,886.7577,942.16,114
2019_09_02_GOPR5871_1058_solo,train,industrial,1920x1080,none,725,942.16,1001.0237,104
2019_09_02_GOPR5871_1058_solo,train,industrial,1920x1080,none,725,1001.0237,1063.565,103
2019_09_02_GOPR5871_1058_solo,train,industrial,1920x1080,none,725,1063.565,1130.0138,83
2019_09_02_GOPR5871_1058_solo,train,industrial,1920x1080,none,725,1130.0138,1200.6141,82
2019_09_02_GOPR5871_1058_solo,train,industrial,1920x1080,none,725,1200.6141,1275.6253,80
2019_09_02_GOPR5871_1058_solo,train,industrial,1920x1080,none,725,1275.6253,1355.323,22
2019_09_02_GOPR5871_1058_solo,train,industrial,1920x1080,none,725,1440.0,1529.9674,30
2019_09_02_GOPR5871_1058_solo,train,industrial,1920x1080,none,725,1529.9674,1625.5557,24
2019_09_02_GOPR5871_1058_solo,train,industrial,1920x1080,none,725,1625.5557,1727.1162,1
2019_09_02_GOPR5871_1058_solo,train,industrial,1920x1080,none,725,1835.0219,1949.6692,2
2019_09_02_GOPR5871_1058_solo,train,industrial,1920x1080,none,725,1951665.1031,2073600.0,4
2019_10_16_C0003_1700_matrice,train,industrial,3840x2160,none,1576,1.0,1.0686,33552491
2019_10_16_C0003_1700_matrice,train,industrial,3840x2160,none,1576,1.9421,2.0754,10306034
2019_10_16_C0003_1700_matrice,train,industrial,3840x2160,none,1576,2.8924,3.0909,4881106
2019_10_16_C0003_1700_matrice,train,industrial,3840x2160,none,1576,3.7719,4.0308,2902914
2019_10_16_C0003_1700_matrice,train,industrial,3840x2160,none,1576,4.919,5.2566,1876303
2019_10_16_C0003_1700_matrice,train,industrial,3840x2160,none,1576,5.6174,6.0029,1302523
2019_10_16_C0003_1700_matrice,train,industrial,3840x2160,none,1576,6.8552,7.3257,941237
2019_10_16_C0003_1700_matrice,train,industrial,3840x2160,none,1576,7.8285,8.3657,709003
2019_10_16_C0003_1700_matrice,train,industrial,3840x2160,none,1576,8.9399,9.5535,548939
2019_10_16_C0003_1700_matrice,train,industrial,3840x2160,none,1576,9.5535,10.2091,434678
2019_10_16_C0003_1700_matrice,train,industrial,3840x2160,none,1576,10.9098,11.6586,350102
2019_10_16_C0003_1700_matrice,train,industrial,3840x2160,none,1576,11.6586,12.4587,288643
2019_10_16_C0003_1700_matrice,train,industrial,3840x2160,none,1576,12.4587,13.3138,240035
2019_10_16_C0003_1700_matrice,train,industrial,3840x2160,none,1576,13.3138,14.2276,202551
2019_10_16_C0003_1700_matrice,train,industrial,3840x2160,none,1576,14.2276,15.204,171933
2019_10_16_C0003_1700_matrice,train,industrial,3840x2160,none,1576,15.204,16.2475,148795
2019_10_16_C0003_1700_matrice,train,industrial,3840x2160,none,1576,16.2475,17.3626,129744
2019_10_16_C0003_1700_matrice,train,industrial,3840x2160,none,1576,17.3626,18.5543,112643
2019_10_16_C0003_1700_matrice,train,industrial,3840x2160,none,1576,18.5543,19.8277,99414
2019_10_16_C0003_1700_matrice,train,industrial,3840x2160,none,1576,19.8277,21.1885,166476
2019_10_16_C0003_1700_matrice,train,industrial,3840x2160,none,1576,21.1885,22.6427,70397
2019_10_16_C0003_1700_matrice,train,industrial,3840x2160,none,1576,22.6427,24.1967,121253
2019_10_16_C0003_1700_matrice,train,industrial,3840x2160,none,1576,24.1967,25.8574,52296
2019_10_16_C0003_1700_matrice,train,industrial,3840x2160,none,1576,25.8574,27.6321,91677
2019_10_16_C0003_1700_matrice,train,industrial,3840x2160,none,1576,27.6321,29.5285,77638
2019_10_16_C0003_1700_matrice,train,industrial,3840x2160,none,1576,29.5285,31.5551,66577
2019_10_16_C0003_1700_matrice,train,industrial,3840x2160,none,1576,31.5551,33.7208,56960
2019_10_16_C0003_1700_matrice,train,industrial,3840x2160,none,1576,33.7208,36.0352,72348
2019_10_16_C0003_1700_matrice,train,industrial,3840x2160,none,1576,36.0352,38.5083,40870
2019_10_16_C0003_1700_matrice,train,industrial,3840x2160,none,1576,38.5083,41.1513,53050
2019_10_16_C0003_1700_matrice,train,industrial,3840x2160,none,1576,41.1513,43.9756,31392
2019_10_16_C0003_1700_matrice,train,industrial,3840x2160,none,1576,43.9756,46.9937,40720
2019_10_16_C0003_1700_matrice,train,industrial,3840x2160,none,1576,46.9937,50.219,45852
2019_10_16_C0003_1700_matrice,train,industrial,3840x2160,none,1576,50.219,53.6656,29688
2019_10_16_C0003_1700_matrice,train,industrial,3840x2160,none,1576,53.6656,57.3488,34402
2019_10_16_C0003_1700_matrice,train,industrial,3840x2160,none,1576,57.3488,61.2848,29354
2019_10_16_C0003_1700_matrice,train,industrial,3840x2160,none,1576,61.2848,65.4909,25402
2019_10_16_C0003_1700_matrice,train,industrial,3840x2160,none,1576,65.4909,69.9857,22234
2019_10_16_C0003_1700_matrice,train,industrial,3840x2160,none,1576,69.9857,74.789,23879
2019_10_16_C0003_1700_matrice,train,industrial,3840x2160,none,1576,74.789,79.9219,20791
2019_10_16_C0003_1700_matrice,train,industrial,3840x2160,none,1576,79.9219,85.4071,21486
2019_10_16_C0003_1700_matrice,train,industrial,3840x2160,none,1576,85.4071,91.2688,18678
2019_10_16_C0003_1700_matrice,train,industrial,3840x2160,none,1576,91.2688,97.5328,16250
2019_10_16_C0003_1700_matrice,train,industrial,3840x2160,none,1576,97.5328,104.2267,16802
2019_10_16_C0003_1700_matrice,train,industrial,3840x2160,none,1576,104.2267,111.38,14546
2019_10_16_C0003_1700_matrice,train,industrial,3840x2160,none,1576,111.38,119.0243,14714
2019_10_16_C0003_1700_matrice,train,industrial,3840x2160,none,1576,119.0243,127.1932,12963
2019_10_16_C0003_1700_matrice,train,industrial,3840x2160,none,1576,127.1932,135.9227,11283
2019_10_16_C0003_1700_matrice,train,industrial,3840x2160,none,1576,135.9227,145.2514,12780
2019_10_16_C0003_1700_matrice,train,industrial,3840x2160,none,1576,145.2514,155.2203,10841
2019_10_16_C0003_1700_matrice,train,industrial,3840x2160,none,1576,155.2203,165.8734,9745
2019_10_16_C0003_1700_matrice,train,industrial,3840x2160,none,1576,165.8734,177.2577,9890
2019_10_16_C0003_1700_matrice,train,industrial,3840x2160,none,1576,177.2577,189.4233,8632
2019_10_16_C0003_1700_matrice,train,industrial,3840x2160,none,1576,189.4233,202.4238,8198
2019_10_16_C0003_1700_matrice,train,industrial,3840x2160,none,1576,202.4238,216.3166,7910
2019_10_16_C0003_1700_matrice,train,industrial,3840x2160,none,1576,216.3166,231.1629,7738
2019_10_16_C0003_1700_matrice,train,industrial,3840x2160,none,1576,231.1629,247.0282,7281
2019_10_16_C0003_1700_matrice,train,industrial,3840x2160,none,1576,247.0282,263.9823,6676
2019_10_16_C0003_1700_matrice,train,industrial,3840x2160,none,1576,263.9823,282.1,6933
2019_10_16_C0003_1700_matrice,train,industrial,3840x2160,none,1576,282.1,301.4611,6044
2019_10_16_C0003_1700_matrice,train,industrial,3840x2160,none,1576,301.4611,322.1511,6218
2019_10_16_C0003_1700_matrice,train,industrial,3840x2160,none,1576,322.1511,344.261,5903
2019_10_16_C0003_1700_matrice,train,industrial,3840x2160,none,1576,344.261,367.8884,5690
2019_10_16_C0003_1700_matrice,train,industrial,3840x2160,none,1576,367.8884,393.1374,5834
2019_10_16_C0003_1700_matrice,train,industrial,3840x2160,none,1576,393.1374,420.1193,5295
2019_10_16_C0003_1700_matrice,train,industrial,3840x2160,none,1576,420.1193,448.953,5007
2019_10_16_C0003_1700_matrice,train,industrial,3840x2160,none,1576,448.953,479.7657,4834
2019_10_16_C0003_1700_matrice,train,industrial,3840x2160,none,1576,479.7657,512.6931,4825
2019_10_16_C0003_1700_matrice,train,industrial,3840x2160,none,1576,512.6931,547.8803,4556
2019_10_16_C0003_1700_matrice,train,industrial,3840x2160,none,1576,547.8803,585.4826,4543
2019_10_16_C0003_1700_matrice,train,industrial,3840x2160,none,1576,585.4826,625.6656,4364
2019_10_16_C0003_1700_matrice,train,industrial,3840x2160,none,1576,625.6656,668.6064,4272
2019_10_16_C0003_1700_matrice,train,industrial,3840x2160,none,1576,668.6064,714.4944,3997
2019_10_16_C0003_1700_matrice,train,industrial,3840x2160,none,1576,714.4944,763.5317,3663
2019_10_16_C0003_1700_matrice,train,industrial,3840x2160,none,1576,763.5317,815.9346,3691
2019_10_16_C0003_1700_matrice,train,industrial,3840x2160,none,1576,815.9346,871.934,3796
2019_10_16_C0003_1700_matrice,train,industrial,3840x2160,none,1576,871.934,931.7768,3551
2019_10_16_C0003_1700_matrice,train,industrial,3840x2160,none,1576,931.7768,995.7267,3302
2019_10_16_C0003_1700_matrice,train,industrial,3840x2160,none,1576,995.7267,1064.0657,3494
2019_10_16_C0003_1700_matrice,train,industrial,3840x2160,none,1576,1064.0657,1137.0949,3257
2019_10_16_C0003_1700_matrice,train,industrial,3840x2160,none,1576,1137.0949,1215.1362,3156
2019_10_16_C0003_1700_matrice,train,industrial,3840x2160,none,1576,1215.1362,1298.5337,3327
2019_10_16_C0003_1700_matrice,train,industrial,3840x2160,none,1576,1298.5337,1387.655,3520
2019_10_16_C0003_1700_matrice,train,industrial,3840x2160,none,1576,1387.655,1482.8929,3245
2019_10_16_C0003_1700_matrice,train,industrial,3840x2160,none,1576,1482.8929,1584.6671,2747
2019_10_16_C0003_1700_matrice,train,industrial,3840x2160,none,1576,1584.6671,1693.4264,2625
2019_10_16_C0003_1700_matrice,train,industrial,3840x2160,none,1576,1693.4264,1809.65,2123
2019_10_16_C0003_1700_matrice,train,industrial,3840x2160,none,1576,1809.65,1933.8503,2225
2019_10_16_C0003_1700_matrice,train,industrial,3840x2160,none,1576,1933.8503,2066.5748,2189
2019_10_16_C0003_1700_matrice,train,industrial,3840x2160,none,1576,2066.5748,2208.4085,2123
2019_10_16_C0003_1700_matrice,train,industrial,3840x2160,none,1576,2208.4085,2359.9765,2226
2019_10_16_C0003_1700_matrice,train,industrial,3840x2160,none,1576,2359.9765,2521.9469,2549
2019_10_16_C0003_1700_matrice,train,industrial,3840x2160,none,1576,2521.9469,2695.0338,2351
2019_10_16_C0003_1700_matrice,train,industrial,3840x2160,none,1576,2695.0338,2880.0,2265
2019_10_16_C0003_1700_matrice,train,industrial,3840x2160,none,1576,2880.0,3077.6608,1840
2019_10_16_C0003_1700_matrice,train,industrial,3840x2160,none,1576,3077.6608,3288.8876,1345
2019_10_16_C0003_1700_matrice,train,industrial,3840x2160,none,1576,3288.8876,3514.6113,1171
2019_10_16_C0003_1700_matrice,train,industrial,3840x2160,none,1576,3514.6113,3755.8269,1370
2019_10_16_C0003_1700_matrice,train,industrial,3840x2160,none,1576,3755.8269,4013.5977,1278
2019_10_16_C0003_1700_matrice,train,industrial,3840x2160,none,1576,4013.5977,4289.0599,1301
2019_10_16_C0003_1700_matrice,train,industrial,3840x2160,none,1576,4289.0599,4583.4277,1213
2019_10_16_C0003_1700_matrice,train,industrial,3840x2160,none,1576,4583.4277,4897.9986,1198
2019_10_16_C0003_1700_matrice,train,industrial,3840x2160,none,1576,4897.9986,5234.1592,1193
2019_10_16_C0003_1700_matrice,train,industrial,3840x2160,none,1576,5234.1592,5593.3912,1127
2019_10_16_C0003_1700_matrice,train,industrial,3840x2160,none,1576,5593.3912,5977.2781,1140
2019_10_16_C0003_1700_matrice,train,industrial,3840x2160,none,1576,5977.2781,6387.5121,1299
2019_10_16_C0003_1700_matrice,train,industrial,3840x2160,none,1576,6387.5121,6825.9013,1184
2019_10_16_C0003_1700_matrice,train,industrial,3840x2160,none,1576,6825.9013,7294.3782,974
2019_10_16_C0003_1700_matrice,train,industrial,3840x2160,none,1576,7294.3782,7795.0077,831
2019_10_16_C0003_1700_matrice,train,industrial,3840x2160,none,1576,7795.0077,8329.9965,910
2019_10_16_C0003_1700_matrice,train,industrial,3840x2160,none,1576,8329.9965,8901.7028,710
2019_10_16_C0003_1700_matrice,train,industrial,3840x2160,none,1576,8901.7028,9512.6466,674
2019_10_16_C0003_1700_matrice,train,industrial,3840x2160,none,1576,9512.6466,10165.5208,546
2019_10_16_C0003_1700_matrice,train,industrial,3840x2160,none,1576,10165.5208,10863.2032,605
2019_10_16_C0003_1700_matrice,train,industrial,3840x2160,none,1576,10863.2032,11608.7691,1324
2019_10_16_C0003_1700_matrice,train,industrial,3840x2160,none,1576,11608.7691,12405.5049,1042
2019_10_16_C0003_1700_matrice,train,industrial,3840x2160,none,1576,12405.5049,13256.9224,725
2019_10_16_C0003_1700_matrice,train,industrial,3840x2160,none,1576,13256.9224,14166.7746,768
2019_10_16_C0003_1700_matrice,train,industrial,3840x2160,none,1576,14166.7746,15139.0721,502
2019_10_16_C0003_1700_matrice,train,industrial,3840x2160,none,1576,15139.0721,16178.1004,706
2019_10_16_C0003_1700_matrice,train,industrial,3840x2160,none,1576,16178.1004,17288.4396,352
2019_10_16_C0003_1700_matrice,train,industrial,3840x2160,none,1576,17288.4396,18474.9839,540
2019_10_16_C0003_1700_matrice,train,industrial,3840x2160,none,1576,18474.9839,19742.9633,618
2019_10_16_C0003_1700_matrice,train,industrial,3840x2160,none,1576,19742.9633,21097.967,523
2019_10_16_C0003_1700_matrice,train,industrial,3840x2160,none,1576,21097.967,22545.9677,751
2019_10_16_C0003_1700_matrice,train,industrial,3840x2160,none,1576,22545.9677,24093.3479,536
2019_10_16_C0003_1700_matrice,train,industrial,3840x2160,none,1576,24093.3479,25746.9282,351
2019_10_16_C0003_1700_matrice,train,industrial,3840x2160,none,1576,25746.9282,27513.9974,571
2019_10_16_C0003_1700_matrice,train,industrial,3840x2160,none,1576,27513.9974,29402.3446,433
2019_10_16_C0003_1700_matrice,train,industrial,3840x2160,none,1576,29402.3446,31420.2933,347
2019_10_16_C0003_1700_matrice,train,industrial,3840x2160,none,1576,31420.2933,33576.7382,371
2019_10_16_C0003_1700_matrice,train,industrial,3840x2160,none,1576,33576.7382,35881.1848,149
2019_10_16_C0003_1700_matrice,train,industrial,3840x2160,none,1576,35881.1848,38343.7908,280
2019_10_16_C0003_1700_matrice,train,industrial,3840x2160,none,1576,38343.7908,40975.4109,386
2019_10_16_C0003_1700_matrice,train,industrial,3840x2160,none,1576,40975.4109,43787.6449,449
2019_10_16_C0003_1700_matrice,train,industrial,3840x2160,none,1576,43787.6449,46792.8889,456
2019_10_16_C0003_1700_matrice,train,industrial,3840x2160,none,1576,46792.8889,50004.3895,271
2019_10_16_C0003_1700_matrice,train,industrial,3840x2160,none,1576,50004.3895,53436.3025,148
2019_10_16_C0003_1700_matrice,train,industrial,3840x2160,none,1576,53436.3025,57103.7554,140
2019_10_16_C0003_1700_matrice,train,industrial,3840x2160,none,1576,57103.7554,61022.9138,177
2019_10_16_C0003_1700_matrice,train,industrial,3840x2160,none,1576,61022.9138,65211.0529,305
2019_10_16_C0003_1700_matrice,train,industrial,3840x2160,none,1576,65211.0529,69686.6332,236
2019_10_16_C0003_1700_matrice,train,industrial,3840x2160,none,1576,69686.6332,74469.3827,468
2019_10_16_C0003_1700_matrice,train,industrial,3840x2160,none,1576,74469.3827,79580.3829,524
2019_10_16_C0003_1700_matrice,train,industrial,3840x2160,none,1576,79580.3829,85042.1625,232
2019_10_16_C0003_1700_matrice,train,industrial,3840x2160,none,1576,85042.1625,90878.7962,153
2019_10_16_C0003_1700_matrice,train,industrial,3840x2160,none,1576,90878.7962,97116.0112,294
2019_10_16_C0003_1700_matrice,train,industrial,3840x2160,none,1576,97116.0112,103781.3002,446
2019_10_16_C0003_1700_matrice,train,industrial,3840x2160,none,1576,103781.3002,110904.0428,377
2019_10_16_C0003_1700_matrice,train,industrial,3840x2160,none,1576,110904.0428,118515.6353,150
2019_10_16_C0003_1700_matrice,train,industrial,3840x2160,none,1576,118515.6353,126649.6283,29
2019_10_16_C0003_1700_matrice,train,industrial,3840x2160,none,1576,126649.6283,135341.8754,40
2019_10_16_C0003_1700_matrice,train,industrial,3840x2160,none,1576,135341.8754,144630.6909,6
2019_10_16_C0003_1700_matrice,train,industrial,3840x2160,none,1576,144630.6909,154557.0186,12
2019_10_16_C0003_1700_matrice,train,industrial,3840x2160,none,1576,154557.0186,165164.6123,31
2019_10_16_C0003_1700_matrice,train,industrial,3840x2160,none,1576,165164.6123,176500.229,28
2019_10_16_C0003_1700_matrice,train,industrial,3840x2160,none,1576,176500.229,188613.8343,27
2019_10_16_C0003_1700_matrice,train,industrial,3840x2160,none,1576,188613.8343,201558.8234,61
2019_10_16_C0003_1700_matrice,train,industrial,3840x2160,none,1576,201558.8234,215392.2561,63
2019_10_16_C0003_1700_matrice,train,industrial,3840x2160,none,1576,215392.2561,230175.1082,85
2019_10_16_C0003_1700_matrice,train,industrial,3840x2160,none,1576,230175.1082,245972.5405,72
2019_10_16_C0003_1700_matrice,train,industrial,3840x2160,none,1576,245972.5405,262854.1859,25
2019_10_16_C0003_1700_matrice,train,industrial,3840x2160,none,1576,7761697.357,8294400.0,4
2019_11_14_C0001_3922_matrice,val,industrial,3840x2160,none,2601,1.0,1.0686,28697930
2019_11_14_C0001_3922_matrice,val,industrial,3840x2160,none,2601,1.9421,2.0754,6888066
2019_11_14_C0001_3922_matrice,val,industrial,3840x2160,none,2601,2.8924,3.0909,2023619
2019_11_14_C0001_3922_matrice,val,industrial,3840x2160,none,2601,3.7719,4.0308,865113
2019_11_14_C0001_3922_matrice,val,industrial,3840x2160,none,2601,4.919,5.2566,316272
2019_11_14_C0001_3922_matrice,val,industrial,3840x2160,none,2601,5.6174,6.0029,139700
2019_11_14_C0001_3922_matrice,val,industrial,3840x2160,none,2601,6.8552,7.3257,60098
2019_11_14_C0001_3922_matrice,val,industrial,3840x2160,none,2601,7.8285,8.3657,28800
2019_11_14_C0001_3922_matrice,val,industrial,3840x2160,none,2601,8.9399,9.5535,13385
2019_11_14_C0001_3922_matrice,val,industrial,3840x2160,none,2601,9.5535,10.2091,7316
2019_11_14_C0001_3922_matrice,val,industrial,3840x2160,none,2601,10.9098,11.6586,4298
2019_11_14_C0001_3922_matrice,val,industrial,3840x2160,none,2601,11.6586,12.4587,2822
2019_11_14_C0001_3922_matrice,val,industrial,3840x2160,none,2601,12.4587,13.3138,2001
2019_11_14_C0001_3922_matrice,val,industrial,3840x2160,none,2601,13.3138,14.2276,1407
2019_11_14_C0001_3922_matrice,val,industrial,3840x2160,none,2601,14.2276,15.204,1032
2019_11_14_C0001_3922_matrice,val,industrial,3840x2160,none,2601,15.204,16.2475,830
2019_11_14_C0001_3922_matrice,val,industrial,3840x2160,none,2601,16.2475,17.3626,593
2019_11_14_C0001_3922_matrice,val,industrial,3840x2160,none,2601,17.3626,18.5543,465
2019_11_14_C0001_3922_matrice,val,industrial,3840x2160,none,2601,18.5543,19.8277,382
2019_11_14_C0001_3922_matrice,val,industrial,3840x2160,none,2601,19.8277,21.1885,582
2019_11_14_C0001_3922_matrice,val,industrial,3840x2160,none,2601,21.1885,22.6427,254
2019_11_14_C0001_3922_matrice,val,industrial,3840x2160,none,2601,22.6427,24.1967,346
2019_11_14_C0001_3922_matrice,val,industrial,3840x2160,none,2601,24.1967,25.8574,130
2019_11_14_C0001_3922_matrice,val,industrial,3840x2160,none,2601,25.8574,27.6321,208
2019_11_14_C0001_3922_matrice,val,industrial,3840x2160,none,2601,27.6321,29.5285,188
2019_11_14_C0001_3922_matrice,val,industrial,3840x2160,none,2601,29.5285,31.5551,123
2019_11_14_C0001_3922_matrice,val,industrial,3840x2160,none,2601,31.5551,33.7208,118
2019_11_14_C0001_3922_matrice,val,industrial,3840x2160,none,2601,33.7208,36.0352,150
2019_11_14_C0001_3922_matrice,val,industrial,3840x2160,none,2601,36.0352,38.5083,77
2019_11_14_C0001_3922_matrice,val,industrial,3840x2160,none,2601,38.5083,41.1513,82
2019_11_14_C0001_3922_matrice,val,industrial,3840x2160,none,2601,41.1513,43.9756,59
2019_11_14_C0001_3922_matrice,val,industrial,3840x2160,none,2601,43.9756,46.9937,109
2019_11_14_C0001_3922_matrice,val,industrial,3840x2160,none,2601,46.9937,50.219,132
2019_11_14_C0001_3922_matrice,val,industrial,3840x2160,none,2601,50.219,53.6656,91
2019_11_14_C0001_3922_matrice,val,industrial,3840x2160,none,2601,53.6656,57.3488,145
2019_11_14_C0001_3922_matrice,val,industrial,3840x2160,none,2601,57.3488,61.2848,141
2019_11_14_C0001_3922_matrice,val,industrial,3840x2160,none,2601,61.2848,65.4909,144
2019_11_14_C0001_3922_matrice,val,industrial,3840x2160,none,2601,65.4909,69.9857,136
2019_11_14_C0001_3922_matrice,val,industrial,3840x2160,none,2601,69.9857,74.789,172
2019_11_14_C0001_3922_matrice,val,industrial,3840x2160,none,2601,74.789,79.9219,206
2019_11_14_C0001_3922_matrice,val,industrial,3840x2160,none,2601,79.9219,85.4071,232
2019_11_14_C0001_3922_matrice,val,industrial,3840x2160,none,2601,85.4071,91.2688,168
2019_11_14_C0001_3922_matrice,val,industrial,3840x2160,none,2601,91.2688,97.5328,216
2019_11_14_C0001_3922_matrice,val,industrial,3840x2160,none,2601,97.5328,104.2267,267
2019_11_14_C0001_3922_matrice,val,industrial,3840x2160,none,2601,104.2267,111.38,246
2019_11_14_C0001_3922_matrice,val,industrial,3840x2160,none,2601,111.38,119.0243,221
2019_11_14_C0001_3922_matrice,val,industrial,3840x2160,none,2601,119.0243,127.1932,198
2019_11_14_C0001_3922_matrice,val,industrial,3840x2160,none,2601,127.1932,135.9227,164
2019_11_14_C0001_3922_matrice,val,industrial,3840x2160,none,2601,135.9227,145.2514,187
2019_11_14_C0001_3922_matrice,val,industrial,3840x2160,none,2601,145.2514,155.2203,190
2019_11_14_C0001_3922_matrice,val,industrial,3840x2160,none,2601,155.2203,165.8734,128
2019_11_14_C0001_3922_matrice,val,industrial,3840x2160,none,2601,165.8734,177.2577,177
2019_11_14_C0001_3922_matrice,val,industrial,3840x2160,none,2601,177.2577,189.4233,189
2019_11_14_C0001_3922_matrice,val,industrial,3840x2160,none,2601,189.4233,202.4238,217
2019_11_14_C0001_3922_matrice,val,industrial,3840x2160,none,2601,202.4238,216.3166,196
2019_11_14_C0001_3922_matrice,val,industrial,3840x2160,none,2601,216.3166,231.1629,250
2019_11_14_C0001_3922_matrice,val,industrial,3840x2160,none,2601,231.1629,247.0282,425
2019_11_14_C0001_3922_matrice,val,industrial,3840x2160,none,2601,247.0282,263.9823,390
2019_11_14_C0001_3922_matrice,val,industrial,3840x2160,none,2601,263.9823,282.1,194
2019_11_14_C0001_3922_matrice,val,industrial,3840x2160,none,2601,282.1,301.4611,105
2019_11_14_C0001_3922_matrice,val,industrial,3840x2160,none,2601,301.4611,322.1511,59
2019_11_14_C0001_3922_matrice,val,industrial,3840x2160,none,2601,322.1511,344.261,41
2019_11_14_C0001_3922_matrice,val,industrial,3840x2160,none,2601,344.261,367.8884,38
2019_11_14_C0001_3922_matrice,val,industrial,3840x2160,none,2601,367.8884,393.1374,58
2019_11_14_C0001_3922_matrice,val,industrial,3840x2160,none,2601,393.1374,420.1193,46
2019_11_14_C0001_3922_matrice,val,industrial,3840x2160,none,2601,420.1193,448.953,48
2019_11_14_C0001_3922_matrice,val,industrial,3840x2160,none,2601,448.953,479.7657,41
2019_11_14_C0001_3922_matrice,val,industrial,3840x2160,none,2601,479.7657,512.6931,64
2019_11_14_C0001_3922_matrice,val,industrial,3840x2160,none,2601,512.6931,547.8803,104
2019_11_14_C0001_3922_matrice,val,industrial,3840x2160,none,2601,547.8803,585.4826,84
2019_11_14_C0001_3922_matrice,val,industrial,3840x2160,none,2601,585.4826,625.6656,45
2019_11_14_C0001_3922_matrice,val,industrial,3840x2160,none,2601,625.6656,668.6064,44
2019_11_14_C0001_3922_matrice,val,industrial,3840x2160,none,2601,668.6064,714.4944,41
2019_11_14_C0001_3922_matrice,val,industrial,3840x2160,none,2601,714.4944,763.5317,79
2019_11_14_C0001_3922_matrice,val,industrial,3840x2160,none,2601,763.5317,815.9346,101
2019_11_14_C0001_3922_matrice,val,industrial,3840x2160,none,2601,815.9346,871.934,49
2019_11_14_C0001_3922_matrice,val,industrial,3840x2160,none,2601,871.934,931.7768,48
2019_11_14_C0001_3922_matrice,val,industrial,3840x2160,none,2601,931.7768,995.7267,33
2019_11_14_C0001_3922_matrice,val,industrial,3840x2160,none,2601,995.7267,1064.0657,36
2019_11_14_C0001_3922_matrice,val,industrial,3840x2160,none,2601,1064.0657,1137.0949,45
2019_11_14_C0001_3922_matrice,val,industrial,3840x2160,none,2601,1137.0949,1215.1362,82
2019_11_14_C0001_3922_matrice,val,industrial,3840x2160,none,2601,1215.1362,1298.5337,45
2019_11_14_C0001_3922_matrice,val,industrial,3840x2160,none,2601,1298.5337,1387.655,51
2019_11_14_C0001_3922_matrice,val,industrial,3840x2160,none,2601,1387.655,1482.8929,23
2019_11_14_C0001_3922_matrice,val,industrial,3840x2160,none,2601,1482.8929,1584.6671,36
2019_11_14_C0001_3922_matrice,val,industrial,3840x2160,none,2601,1584.6671,1693.4264,28
2019_11_14_C0001_3922_matrice,val,industrial,3840x2160,none,2601,1693.4264,1809.65,57
2019_11_14_C0001_3922_matrice,val,industrial,3840x2160,none,2601,1809.65,1933.8503,46
2019_11_14_C0001_3922_matrice,val,industrial,3840x2160,none,2601,1933.8503,2066.5748,48
2019_11_14_C0001_3922_matrice,val,industrial,3840x2160,none,2601,2066.5748,2208.4085,39
2019_11_14_C0001_3922_matrice,val,industrial,3840x2160,none,2601,2208.4085,2359.9765,17
2019_11_14_C0001_3922_matrice,val,industrial,3840x2160,none,2601,2359.9765,2521.9469,25
2019_11_14_C0001_3922_matrice,val,industrial,3840x2160,none,2601,2521.9469,2695.0338,18
2019_11_14_C0001_3922_matrice,val,industrial,3840x2160,none,2601,2695.0338,2880.0,45
2019_11_14_C0001_3922_matrice,val,industrial,3840x2160,none,2601,2880.0,3077.6608,86
2019_11_14_C0001_3922_matrice,val,industrial,3840x2160,none,2601,3077.6608,3288.8876,86
2019_11_14_C0001_3922_matrice,val,industrial,3840x2160,none,2601,3288.8876,3514.6113,57
2019_11_14_C0001_3922_matrice,val,industrial,3840x2160,none,2601,3514.6113,3755.8269,61
2019_11_14_C0001_3922_matrice,val,industrial,3840x2160,none,2601,3755.8269,4013.5977,89
2019_11_14_C0001_3922_matrice,val,industrial,3840x2160,none,2601,4013.5977,4289.0599,120
2019_11_14_C0001_3922_matrice,val,industrial,3840x2160,none,2601,4289.0599,4583.4277,25
2019_11_14_C0001_3922_matrice,val,industrial,3840x2160,none,2601,4583.4277,4897.9986,7
2019_11_14_C0001_3922_matrice,val,industrial,3840x2160,none,2601,7761697.357,8294400.0,4
GOPR5843_002,val,meadow,1920x1080,none,424,1.0,1.0625,541394
GOPR5843_002,val,meadow,1920x1080,none,424,1.9477,2.0694,149969
GOPR5843_002,val,meadow,1920x1080,none,424,2.9768,3.1628,70396
GOPR5843_002,val,meadow,1920x1080,none,424,3.7934,4.0304,42969
GOPR5843_002,val,meadow,1920x1080,none,424,4.8341,5.1361,29100
GOPR5843_002,val,meadow,1920x1080,none,424,5.7979,6.1601,20911
GOPR5843_002,val,meadow,1920x1080,none,424,6.9539,7.3884,15649
GOPR5843_002,val,meadow,1920x1080,none,424,7.85,8.3404,12143
GOPR5843_002,val,meadow,1920x1080,none,424,8.8615,9.4152,10173
GOPR5843_002,val,meadow,1920x1080,none,424,9.4152,10.0034,8156
GOPR5843_002,val,meadow,1920x1080,none,424,10.6284,11.2924,6901
GOPR5843_002,val,meadow,1920x1080,none,424,11.998,12.7476,5703
GOPR5843_002,val,meadow,1920x1080,none,424,12.7476,13.544,4896
GOPR5843_002,val,meadow,1920x1080,none,424,13.544,14.3902,4144
GOPR5843_002,val,meadow,1920x1080,none,424,14.3902,15.2892,3683
GOPR5843_002,val,meadow,1920x1080,none,424,15.2892,16.2445,3165
GOPR5843_002,val,meadow,1920x1080,none,424,16.2445,17.2594,2766
GOPR5843_002,val,meadow,1920x1080,none,424,17.2594,18.3377,2554
GOPR5843_002,val,meadow,1920x1080,none,424,18.3377,19.4834,2304
GOPR5843_002,val,meadow,1920x1080,none,424,19.4834,20.7007,2080
GOPR5843_002,val,meadow,1920x1080,none,424,20.7007,21.994,1775
GOPR5843_002,val,meadow,1920x1080,none,424,21.994,23.3681,3040
GOPR5843_002,val,meadow,1920x1080,none,424,23.3681,24.8281,1421
GOPR5843_002,val,meadow,1920x1080,none,424,24.8281,26.3793,2545
GOPR5843_002,val,meadow,1920x1080,none,424,26.3793,28.0274,2309
GOPR5843_002,val,meadow,1920x1080,none,424,28.0274,29.7785,1094
GOPR5843_002,val,meadow,1920x1080,none,424,29.7785,31.639,1934
GOPR5843_002,val,meadow,1920x1080,none,424,31.639,33.6157,1682
GOPR5843_002,val,meadow,1920x1080,none,424,33.6157,35.7159,1493
GOPR5843_002,val,meadow,1920x1080,none,424,35.7159,37.9473,1219
GOPR5843_002,val,meadow,1920x1080,none,424,37.9473,40.3182,1637
GOPR5843_002,val,meadow,1920x1080,none,424,40.3182,42.8372,904
GOPR5843_002,val,meadow,1920x1080,none,424,42.8372,45.5135,1117
GOPR5843_002,val,meadow,1920x1080,none,424,45.5135,48.3571,953
GOPR5843_002,val,meadow,1920x1080,none,424,48.3571,51.3783,848
GOPR5843_002,val,meadow,1920x1080,none,424,51.3783,54.5883,838
GOPR5843_002,val,meadow,1920x1080,none,424,54.5883,57.9988,688
GOPR5843_002,val,meadow,1920x1080,none,424,57.9988,61.6224,998
GOPR5843_002,val,meadow,1920x1080,none,424,61.6224,65.4724,900
GOPR5843_002,val,meadow,1920x1080,none,424,65.4724,69.563,769
GOPR5843_002,val,meadow,1920x1080,none,424,69.563,73.9091,619
GOPR5843_002,val,meadow,1920x1080,none,424,73.9091,78.5267,626
GOPR5843_002,val,meadow,1920x1080,none,424,78.5267,83.4329,538
GOPR5843_002,val,meadow,1920x1080,none,424,83.4329,88.6455,389
GOPR5843_002,val,meadow,1920x1080,none,424,88.6455,94.1839,381
GOPR5843_002,val,meadow,1920x1080,none,424,94.1839,100.0682,325
GOPR5843_002,val,meadow,1920x1080,none,424,100.0682,106.3202,246
GOPR5843_002,val,meadow,1920x1080,none,424,106.3202,112.9628,223
GOPR5843_002,val,meadow,1920x1080,none,424,112.9628,120.0205,307
GOPR5843_002,val,meadow,1920x1080,none,424,120.0205,127.519,196
GOPR5843_002,val,meadow,1920x1080,none,424,127.519,135.4861,186
GOPR5843_002,val,meadow,1920x1080,none,424,135.4861,143.9509,149
GOPR5843_002,val,meadow,1920x1080,none,424,143.9509,152.9446,153
GOPR5843_002,val,meadow,1920x1080,none,424,152.9446,162.5001,158
GOPR5843_002,val,meadow,1920x1080,none,424,162.5001,172.6527,101
GOPR5843_002,val,meadow,1920x1080,none,424,172.6527,183.4396,110
GOPR5843_002,val,meadow,1920x1080,none,424,183.4396,194.9004,99
GOPR5843_002,val,meadow,1920x1080,none,424,194.9004,207.0773,127
GOPR5843_002,val,meadow,1920x1080,none,424,207.0773,220.0149,112
GOPR5843_002,val,meadow,1920x1080,none,424,220.0149,233.7609,97
GOPR5843_002,val,meadow,1920x1080,none,424,233.7609,248.3657,107
GOPR5843_002,val,meadow,1920x1080,none,424,248.3657,263.8829,87
GOPR5843_002,val,meadow,1920x1080,none,424,263.8829,280.3696,109
GOPR5843_002,val,meadow,1920x1080,none,424,280.3696,297.8864,90
GOPR5843_002,val,meadow,1920x1080,none,424,297.8864,316.4975,60
GOPR5843_002,val,meadow,1920x1080,none,424,316.4975,336.2714,35
GOPR5843_002,val,meadow,1920x1080,none,424,336.2714,357.2808,49
GOPR5843_002,val,meadow,1920x1080,none,424,357.2808,379.6028,19
GOPR5843_002,val,meadow,1920x1080,none,424,379.6028,403.3193,32
GOPR5843_002,val,meadow,1920x1080,none,424,403.3193,428.5177,15
GOPR5843_002,val,meadow,1920x1080,none,424,428.5177,455.2903,2
GOPR5843_002,val,meadow,1920x1080,none,424,455.2903,483.7357,3
GOPR5843_002,val,meadow,1920x1080,none,424,483.7357,513.9582,3
GOPR5843_002,val,meadow,1920x1080,none,424,513.9582,546.069,4
GOPR5843_002,val,meadow,1920x1080,none,424,546.069,580.1859,1
GOPR5843_002,val,meadow,1920x1080,none,424,580.1859,616.4344,5
GOPR5843_002,val,meadow,1920x1080,none,424,616.4344,654.9476,2
GOPR5843_002,val,meadow,1920x1080,none,424,695.867,739.3429,2
GOPR5843_002,val,meadow,1920x1080,none,424,739.3429,785.5351,5
GOPR5843_002,val,meadow,1920x1080,none,424,834.6133,886.7577,1
GOPR5843_002,val,meadow,1920x1080,none,424,886.7577,942.16,2
GOPR5843_002,val,meadow,1920x1080,none,424,942.16,1001.0237,2
GOPR5843_002,val,meadow,1920x1080,none,424,1001.0237,1063.565,1
GOPR5843_002,val,meadow,1920x1080,none,424,1063.565,1130.0138,2
GOPR5843_002,val,meadow,1920x1080,none,424,1130.0138,1200.6141,1
GOPR5843_002,val,meadow,1920x1080,none,424,1200.6141,1275.6253,1
GOPR5843_002,val,meadow,1920x1080,none,424,1275.6253,1355.323,1
GOPR5843_002,val,meadow,1920x1080,none,424,1355.323,1440.0,1
GOPR5843_002,val,meadow,1920x1080,none,424,1440.0,1529.9674,1
GOPR5843_002,val,meadow,1920x1080,none,424,1529.9674,1625.5557,1
GOPR5843_002,val,meadow,1920x1080,none,424,1625.5557,1727.1162,1
GOPR5843_002,val,meadow,1920x1080,none,424,1727.1162,1835.0219,1
GOPR5843_002,val,meadow,1920x1080,none,424,1835.0219,1949.6692,1
GOPR5843_002,val,meadow,1920x1080,none,424,1949.6692,2071.4794,1
GOPR5843_002,val,meadow,1920x1080,none,424,2071.4794,2200.9,2
GOPR5843_002,val,meadow,1920x1080,none,424,2200.9,2338.4064,1
GOPR5843_002,val,meadow,1920x1080,none,424,2338.4064,2484.5039,1
GOPR5843_002,val,meadow,1920x1080,none,424,2484.5039,2639.7291,1
GOPR5843_002,val,meadow,1920x1080,none,424,2639.7291,2804.6525,1
GOPR5843_002,val,meadow,1920x1080,none,424,2804.6525,2979.8798,1
GOPR5843_002,val,meadow,1920x1080,none,424,2979.8798,3166.0548,1
GOPR5843_002,val,meadow,1920x1080,none,424,3166.0548,3363.8616,1
GOPR5843_002,val,meadow,1920x1080,none,424,3574.0268,3797.3226,3
GOPR5843_002,val,meadow,1920x1080,none,424,3797.3226,4034.5693,2
GOPR5843_002,val,meadow,1920x1080,none,424,4034.5693,4286.6386,1
GOPR5843_002,val,meadow,1920x1080,none,424,4286.6386,4554.4564,1
GOPR5843_002,val,meadow,1920x1080,none,424,4554.4564,4839.0069,1
GOPR5843_002,val,meadow,1920x1080,none,424,1951665.1031,2073600.0,4
GOPR5843_005,val,meadow,1920x1080,none,571,1.0,1.0625,502980
GOPR5843_005,val,meadow,1920x1080,none,571,1.9477,2.0694,163801
GOPR5843_005,val,meadow,1920x1080,none,571,2.9768,3.1628,85899
GOPR5843_005,val,meadow,1920x1080,none,571,3.7934,4.0304,53104
GOPR5843_005,val,meadow,1920x1080,none,571,4.8341,5.1361,36919
GOPR5843_005,val,meadow,1920x1080,none,571,5.7979,6.1601,28241
GOPR5843_005,val,meadow,1920x1080,none,571,6.9539,7.3884,22477
GOPR5843_005,val,meadow,1920x1080,none,571,7.85,8.3404,17480
GOPR5843_005,val,meadow,1920x1080,none,571,8.8615,9.4152,13502
GOPR5843_005,val,meadow,1920x1080,none,571,9.4152,10.0034,12043
GOPR5843_005,val,meadow,1920x1080,none,571,10.6284,11.2924,9826
GOPR5843_005,val,meadow,1920x1080,none,571,11.998,12.7476,8221
GOPR5843_005,val,meadow,1920x1080,none,571,12.7476,13.544,7323
GOPR5843_005,val,meadow,1920x1080,none,571,13.544,14.3902,6457
GOPR5843_005,val,meadow,1920x1080,none,571,14.3902,15.2892,5851
GOPR5843_005,val,meadow,1920x1080,none,571,15.2892,16.2445,4979
GOPR5843_005,val,meadow,1920x1080,none,571,16.2445,17.2594,4315
GOPR5843_005,val,meadow,1920x1080,none,571,17.2594,18.3377,4136
GOPR5843_005,val,meadow,1920x1080,none,571,18.3377,19.4834,3745
GOPR5843_005,val,meadow,1920x1080,none,571,19.4834,20.7007,3390
GOPR5843_005,val,meadow,1920x1080,none,571,20.7007,21.994,3256
GOPR5843_005,val,meadow,1920x1080,none,571,21.994,23.3681,5755
GOPR5843_005,val,meadow,1920x1080,none,571,23.3681,24.8281,2503
GOPR5843_005,val,meadow,1920x1080,none,571,24.8281,26.3793,4749
GOPR5843_005,val,meadow,1920x1080,none,571,26.3793,28.0274,3976
GOPR5843_005,val,meadow,1920x1080,none,571,28.0274,29.7785,1984
GOPR5843_005,val,meadow,1920x1080,none,571,29.7785,31.639,3285
GOPR5843_005,val,meadow,1920x1080,none,571,31.639,33.6157,3060
GOPR5843_005,val,meadow,1920x1080,none,571,33.6157,35.7159,2793
GOPR5843_005,val,meadow,1920x1080,none,571,35.7159,37.9473,2660
GOPR5843_005,val,meadow,1920x1080,none,571,37.9473,40.3182,3293
GOPR5843_005,val,meadow,1920x1080,none,571,40.3182,42.8372,1850
GOPR5843_005,val,meadow,1920x1080,none,571,42.8372,45.5135,2473
GOPR5843_005,val,meadow,1920x1080,none,571,45.5135,48.3571,2444
GOPR5843_005,val,meadow,1920x1080,none,571,48.3571,51.3783,2246
GOPR5843_005,val,meadow,1920x1080,none,571,51.3783,54.5883,1854
GOPR5843_005,val,meadow,1920x1080,none,571,54.5883,57.9988,1531
GOPR5843_005,val,meadow,1920x1080,none,571,57.9988,61.6224,1968
GOPR5843_005,val,meadow,1920x1080,none,571,61.6224,65.4724,1858
GOPR5843_005,val,meadow,1920x1080,none,571,65.4724,69.563,1553
GOPR5843_005,val,meadow,1920x1080,none,571,69.563,73.9091,1395
GOPR5843_005,val,meadow,1920x1080,none,571,73.9091,78.5267,1250
GOPR5843_005,val,meadow,1920x1080,none,571,78.5267,83.4329,985
GOPR5843_005,val,meadow,1920x1080,none,571,83.4329,88.6455,858
GOPR5843_005,val,meadow,1920x1080,none,571,88.6455,94.1839,913
GOPR5843_005,val,meadow,1920x1080,none,571,94.1839,100.0682,871
GOPR5843_005,val,meadow,1920x1080,none,571,100.0682,106.3202,949
GOPR5843_005,val,meadow,1920x1080,none,571,106.3202,112.9628,851
GOPR5843_005,val,meadow,1920x1080,none,571,112.9628,120.0205,1002
GOPR5843_005,val,meadow,1920x1080,none,571,120.0205,127.519,722
GOPR5843_005,val,meadow,1920x1080,none,571,127.519,135.4861,732
GOPR5843_005,val,meadow,1920x1080,none,571,135.4861,143.9509,577
GOPR5843_005,val,meadow,1920x1080,none,571,143.9509,152.9446,734
GOPR5843_005,val,meadow,1920x1080,none,571,152.9446,162.5001,642
GOPR5843_005,val,meadow,1920x1080,none,571,162.5001,172.6527,651
GOPR5843_005,val,meadow,1920x1080,none,571,172.6527,183.4396,580
GOPR5843_005,val,meadow,1920x1080,none,571,183.4396,194.9004,571
GOPR5843_005,val,meadow,1920x1080,none,571,194.9004,207.0773,665
GOPR5843_005,val,meadow,1920x1080,none,571,207.0773,220.0149,345
GOPR5843_005,val,meadow,1920x1080,none,571,220.0149,233.7609,323
GOPR5843_005,val,meadow,1920x1080,none,571,233.7609,248.3657,408
GOPR5843_005,val,meadow,1920x1080,none,571,248.3657,263.8829,388
GOPR5843_005,val,meadow,1920x1080,none,571,263.8829,280.3696,435
GOPR5843_005,val,meadow,1920x1080,none,571,280.3696,297.8864,438
GOPR5843_005,val,meadow,1920x1080,none,571,297.8864,316.4975,384
GOPR5843_005,val,meadow,1920x1080,none,571,316.4975,336.2714,318
GOPR5843_005,val,meadow,1920x1080,none,571,336.2714,357.2808,154
GOPR5843_005,val,meadow,1920x1080,none,571,357.2808,379.6028,219
GOPR5843_005,val,meadow,1920x1080,none,571,379.6028,403.3193,198
GOPR5843_005,val,meadow,1920x1080,none,571,403.3193,428.5177,179
GOPR5843_005,val,meadow,1920x1080,none,571,428.5177,455.2903,121
GOPR5843_005,val,meadow,1920x1080,none,571,455.2903,483.7357,79
GOPR5843_005,val,meadow,1920x1080,none,571,483.7357,513.9582,70
GOPR5843_005,val,meadow,1920x1080,none,571,513.9582,546.069,151
GOPR5843_005,val,meadow,1920x1080,none,571,546.069,580.1859,108
GOPR5843_005,val,meadow,1920x1080,none,571,580.1859,616.4344,138
GOPR5843_005,val,meadow,1920x1080,none,571,616.4344,654.9476,105
GOPR5843_005,val,meadow,1920x1080,none,571,654.9476,695.867,68
GOPR5843_005,val,meadow,1920x1080,none,571,695.867,739.3429,44
GOPR5843_005,val,meadow,1920x1080,none,571,739.3429,785.5351,10
GOPR5843_005,val,meadow,1920x1080,none,571,785.5351,834.6133,30
GOPR5843_005,val,meadow,1920x1080,none,571,834.6133,886.7577,1
GOPR5843_005,val,meadow,1920x1080,none,571,886.7577,942.16,6
GOPR5843_005,val,meadow,1920x1080,none,571,1001.0237,1063.565,7
GOPR5843_005,val,meadow,1920x1080,none,571,1063.565,1130.0138,5
GOPR5843_005,val,meadow,1920x1080,none,571,1130.0138,1200.6141,5
GOPR5843_005,val,meadow,1920x1080,none,571,1200.6141,1275.6253,1
GOPR5843_005,val,meadow,1920x1080,none,571,1275.6253,1355.323,23
GOPR5843_005,val,meadow,1920x1080,none,571,1727.1162,1835.0219,4
GOPR5843_005,val,meadow,1920x1080,none,571,1951665.1031,2073600.0,4
GOPR5844_002,train,meadow,1920x1080,none,497,1.0,1.0625,285167
GOPR5844_002,train,meadow,1920x1080,none,497,1.9477,2.0694,76325
GOPR5844_002,train,meadow,1920x1080,none,497,2.9768,3.1628,36562
GOPR5844_002,train,meadow,1920x1080,none,497,3.7934,4.0304,22321
GOPR5844_002,train,meadow,1920x1080,none,497,4.8341,5.1361,14399
GOPR5844_002,train,meadow,1920x1080,none,497,5.7979,6.1601,9614
GOPR5844_002,train,meadow,1920x1080,none,497,6.9539,7.3884,7383
GOPR5844_002,train,meadow,1920x1080,none,497,7.85,8.3404,6102
GOPR5844_002,train,meadow,1920x1080,none,497,8.8615,9.4152,4817
GOPR5844_002,train,meadow,1920x1080,none,497,9.4152,10.0034,4055
GOPR5844_002,train,meadow,1920x1080,none,497,10.6284,11.2924,3342
GOPR5844_002,train,meadow,1920x1080,none,497,11.998,12.7476,2802
GOPR5844_002,train,meadow,1920x1080,none,497,12.7476,13.544,2465
GOPR5844_002,train,meadow,1920x1080,none,497,13.544,14.3902,2046
GOPR5844_002,train,meadow,1920x1080,none,497,14.3902,15.2892,1661
GOPR5844_002,train,meadow,1920x1080,none,497,15.2892,16.2445,1495
GOPR5844_002,train,meadow,1920x1080,none,497,16.2445,17.2594,1411
GOPR5844_002,train,meadow,1920x1080,none,497,17.2594,18.3377,1247
GOPR5844_002,train,meadow,1920x1080,none,497,18.3377,19.4834,1176
GOPR5844_002,train,meadow,1920x1080,none,497,19.4834,20.7007,1065
GOPR5844_002,train,meadow,1920x1080,none,497,20.7007,21.994,1030
GOPR5844_002,train,meadow,1920x1080,none,497,21.994,23.3681,1704
GOPR5844_002,train,meadow,1920x1080,none,497,23.3681,24.8281,829
GOPR5844_002,train,meadow,1920x1080,none,497,24.8281,26.3793,1457
GOPR5844_002,train,meadow,1920x1080,none,497,26.3793,28.0274,1186
GOPR5844_002,train,meadow,1920x1080,none,497,28.0274,29.7785,501
GOPR5844_002,train,meadow,1920x1080,none,497,29.7785,31.639,943
GOPR5844_002,train,meadow,1920x1080,none,497,31.639,33.6157,885
GOPR5844_002,train,meadow,1920x1080,none,497,33.6157,35.7159,787
GOPR5844_002,train,meadow,1920x1080,none,497,35.7159,37.9473,765
GOPR5844_002,train,meadow,1920x1080,none,497,37.9473,40.3182,1014
GOPR5844_002,train,meadow,1920x1080,none,497,40.3182,42.8372,664
GOPR5844_002,train,meadow,1920x1080,none,497,42.8372,45.5135,919
GOPR5844_002,train,meadow,1920x1080,none,497,45.5135,48.3571,793
GOPR5844_002,train,meadow,1920x1080,none,497,48.3571,51.3783,706
GOPR5844_002,train,meadow,1920x1080,none,497,51.3783,54.5883,619
GOPR5844_002,train,meadow,1920x1080,none,497,54.5883,57.9988,528
GOPR5844_002,train,meadow,1920x1080,none,497,57.9988,61.6224,721
GOPR5844_002,train,meadow,1920x1080,none,497,61.6224,65.4724,612
GOPR5844_002,train,meadow,1920x1080,none,497,65.4724,69.563,629
GOPR5844_002,train,meadow,1920x1080,none,497,69.563,73.9091,542
GOPR5844_002,train,meadow,1920x1080,none,497,73.9091,78.5267,663
GOPR5844_002,train,meadow,1920x1080,none,497,78.5267,83.4329,536
GOPR5844_002,train,meadow,1920x1080,none,497,83.4329,88.6455,461
GOPR5844_002,train,meadow,1920x1080,none,497,88.6455,94.1839,572
GOPR5844_002,train,meadow,1920x1080,none,497,94.1839,100.0682,610
GOPR5844_002,train,meadow,1920x1080,none,497,100.0682,106.3202,392
GOPR5844_002,train,meadow,1920x1080,none,497,106.3202,112.9628,350
GOPR5844_002,train,meadow,1920x1080,none,497,112.9628,120.0205,317
GOPR5844_002,train,meadow,1920x1080,none,497,120.0205,127.519,280
GOPR5844_002,train,meadow,1920x1080,none,497,127.519,135.4861,320
GOPR5844_002,train,meadow,1920x1080,none,497,135.4861,143.9509,319
GOPR5844_002,train,meadow,1920x1080,none,497,143.9509,152.9446,264
GOPR5844_002,train,meadow,1920x1080,none,497,152.9446,162.5001,196
GOPR5844_002,train,meadow,1920x1080,none,497,162.5001,172.6527,195
GOPR5844_002,train,meadow,1920x1080,none,497,172.6527,183.4396,179
GOPR5844_002,train,meadow,1920x1080,none,497,183.4396,194.9004,139
GOPR5844_002,train,meadow,1920x1080,none,497,194.9004,207.0773,114
GOPR5844_002,train,meadow,1920x1080,none,497,207.0773,220.0149,113
GOPR5844_002,train,meadow,1920x1080,none,497,220.0149,233.7609,128
GOPR5844_002,train,meadow,1920x1080,none,497,233.7609,248.3657,145
GOPR5844_002,train,meadow,1920x1080,none,497,248.3657,263.8829,79
GOPR5844_002,train,meadow,1920x1080,none,497,263.8829,280.3696,80
GOPR5844_002,train,meadow,1920x1080,none,497,280.3696,297.8864,79
GOPR5844_002,train,meadow,1920x1080,none,497,297.8864,316.4975,82
GOPR5844_002,train,meadow,1920x1080,none,497,316.4975,336.2714,72
GOPR5844_002,train,meadow,1920x1080,none,497,336.2714,357.2808,61
GOPR5844_002,train,meadow,1920x1080,none,497,357.2808,379.6028,67
GOPR5844_002,train,meadow,1920x1080,none,497,379.6028,403.3193,61
GOPR5844_002,train,meadow,1920x1080,none,497,403.3193,428.5177,62
GOPR5844_002,train,meadow,1920x1080,none,497,428.5177,455.2903,47
GOPR5844_002,train,meadow,1920x1080,none,497,455.2903,483.7357,44
GOPR5844_002,train,meadow,1920x1080,none,497,483.7357,513.9582,43
GOPR5844_002,train,meadow,1920x1080,none,497,513.9582,546.069,37
GOPR5844_002,train,meadow,1920x1080,none,497,546.069,580.1859,22
GOPR5844_002,train,meadow,1920x1080,none,497,580.1859,616.4344,32
GOPR5844_002,train,meadow,1920x1080,none,497,616.4344,654.9476,31
GOPR5844_002,train,meadow,1920x1080,none,497,654.9476,695.867,28
GOPR5844_002,train,meadow,1920x1080,none,497,695.867,739.3429,35
GOPR5844_002,train,meadow,1920x1080,none,497,739.3429,785.5351,29
GOPR5844_002,train,meadow,1920x1080,none,497,785.5351,834.6133,22
GOPR5844_002,train,meadow,1920x1080,none,497,834.6133,886.7577,16
GOPR5844_002,train,meadow,1920x1080,none,497,886.7577,942.16,14
GOPR5844_002,train,meadow,1920x1080,none,497,942.16,1001.0237,13
GOPR5844_002,train,meadow,1920x1080,none,497,1001.0237,1063.565,21
GOPR5844_002,train,meadow,1920x1080,none,497,1063.565,1130.0138,18
GOPR5844_002,train,meadow,1920x1080,none,497,1130.0138,1200.6141,5
GOPR5844_002,train,meadow,1920x1080,none,497,1200.6141,1275.6253,8
GOPR5844_002,train,meadow,1920x1080,none,497,1275.6253,1355.323,8
GOPR5844_002,train,meadow,1920x1080,none,497,1355.323,1440.0,8
GOPR5844_002,train,meadow,1920x1080,none,497,1440.0,1529.9674,13
GOPR5844_002,train,meadow,1920x1080,none,497,1529.9674,1625.5557,12
GOPR5844_002,train,meadow,1920x1080,none,497,1625.5557,1727.1162,10
GOPR5844_002,train,meadow,1920x1080,none,497,1727.1162,1835.0219,7
GOPR5844_002,train,meadow,1920x1080,none,497,1835.0219,1949.6692,16
GOPR5844_002,train,meadow,1920x1080,none,497,1949.6692,2071.4794,10
GOPR5844_002,train,meadow,1920x1080,none,497,2071.4794,2200.9,10
GOPR5844_002,train,meadow,1920x1080,none,497,2200.9,2338.4064,6
GOPR5844_002,train,meadow,1920x1080,none,497,2804.6525,2979.8798,1
GOPR5844_002,train,meadow,1920x1080,none,497,1951665.1031,2073600.0,4
GOPR5844_004,train,meadow,1920x1080,none,417,1.0,1.0625,145843
GOPR5844_004,train,meadow,1920x1080,none,417,1.9477,2.0694,40095
GOPR5844_004,train,meadow,1920x1080,none,417,2.9768,3.1628,18401
GOPR5844_004,train,meadow,1920x1080,none,417,3.7934,4.0304,10923
GOPR5844_004,train,meadow,1920x1080,none,417,4.8341,5.1361,6951
GOPR5844_004,train,meadow,1920x1080,none,417,5.7979,6.1601,4629
GOPR5844_004,train,meadow,1920x1080,none,417,6.9539,7.3884,3420
GOPR5844_004,train,meadow,1920x1080,none,417,7.85,8.3404,2406
GOPR5844_004,train,meadow,1920x1080,none,417,8.8615,9.4152,1853
GOPR5844_004,train,meadow,1920x1080,none,417,9.4152,10.0034,1533
GOPR5844_004,train,meadow,1920x1080,none,417,10.6284,11.2924,1185
GOPR5844_004,train,meadow,1920x1080,none,417,11.998,12.7476,1114
GOPR5844_004,train,meadow,1920x1080,none,417,12.7476,13.544,886
GOPR5844_004,train,meadow,1920x1080,none,417,13.544,14.3902,791
GOPR5844_004,train,meadow,1920x1080,none,417,14.3902,15.2892,615
GOPR5844_004,train,meadow,1920x1080,none,417,15.2892,16.2445,540
GOPR5844_004,train,meadow,1920x1080,none,417,16.2445,17.2594,517
GOPR5844_004,train,meadow,1920x1080,none,417,17.2594,18.3377,476
GOPR5844_004,train,meadow,1920x1080,none,417,18.3377,19.4834,440
GOPR5844_004,train,meadow,1920x1080,none,417,19.4834,20.7007,409
GOPR5844_004,train,meadow,1920x1080,none,417,20.7007,21.994,336
GOPR5844_004,train,meadow,1920x1080,none,417,21.994,23.3681,589
GOPR5844_004,train,meadow,1920x1080,none,417,23.3681,24.8281,275
GOPR5844_004,train,meadow,1920x1080,none,417,24.8281,26.3793,495
GOPR5844_004,train,meadow,1920x1080,none,417,26.3793,28.0274,393
GOPR5844_004,train,meadow,1920x1080,none,417,28.0274,29.7785,191
GOPR5844_004,train,meadow,1920x1080,none,417,29.7785,31.639,313
GOPR5844_004,train,meadow,1920x1080,none,417,31.639,33.6157,265
GOPR5844_004,train,meadow,1920x1080,none,417,33.6157,35.7159,237
GOPR5844_004,train,meadow,1920x1080,none,417,35.7159,37.9473,222
GOPR5844_004,train,meadow,1920x1080,none,417,37.9473,40.3182,291
GOPR5844_004,train,meadow,1920x1080,none,417,40.3182,42.8372,171
GOPR5844_004,train,meadow,1920x1080,none,417,42.8372,45.5135,225
GOPR5844_004,train,meadow,1920x1080,none,417,45.5135,48.3571,204
GOPR5844_004,train,meadow,1920x1080,none,417,48.3571,51.3783,159
GOPR5844_004,train,meadow,1920x1080,none,417,51.3783,54.5883,185
GOPR5844_004,train,meadow,1920x1080,none,417,54.5883,57.9988,152
GOPR5844_004,train,meadow,1920x1080,none,417,57.9988,61.6224,166
GOPR5844_004,train,meadow,1920x1080,none,417,61.6224,65.4724,176
GOPR5844_004,train,meadow,1920x1080,none,417,65.4724,69.563,173
GOPR5844_004,train,meadow,1920x1080,none,417,69.563,73.9091,166
GOPR5844_004,train,meadow,1920x1080,none,417,73.9091,78.5267,120
GOPR5844_004,train,meadow,1920x1080,none,417,78.5267,83.4329,97
GOPR5844_004,train,meadow,1920x1080,none,417,83.4329,88.6455,68
GOPR5844_004,train,meadow,1920x1080,none,417,88.6455,94.1839,89
GOPR5844_004,train,meadow,1920x1080,none,417,94.1839,100.0682,73
GOPR5844_004,train,meadow,1920x1080,none,417,100.0682,106.3202,66
GOPR5844_004,train,meadow,1920x1080,none,417,106.3202,112.9628,77
GOPR5844_004,train,meadow,1920x1080,none,417,112.9628,120.0205,91
GOPR5844_004,train,meadow,1920x1080,none,417,120.0205,127.519,62
GOPR5844_004,train,meadow,1920x1080,none,417,127.519,135.4861,64
GOPR5844_004,train,meadow,1920x1080,none,417,135.4861,143.9509,59
GOPR5844_004,train,meadow,1920x1080,none,417,143.9509,152.9446,97
GOPR5844_004,train,meadow,1920x1080,none,417,152.9446,162.5001,85
GOPR5844_004,train,meadow,1920x1080,none,417,162.5001,172.6527,73
GOPR5844_004,train,meadow,1920x1080,none,417,172.6527,183.4396,63
GOPR5844_004,train,meadow,1920x1080,none,417,183.4396,194.9004,52
GOPR5844_004,train,meadow,1920x1080,none,417,194.9004,207.0773,50
GOPR5844_004,train,meadow,1920x1080,none,417,207.0773,220.0149,54
GOPR5844_004,train,meadow,1920x1080,none,417,220.0149,233.7609,45
GOPR5844_004,train,meadow,1920x1080,none,417,233.7609,248.3657,64
GOPR5844_004,train,meadow,1920x1080,none,417,248.3657,263.8829,35
GOPR5844_004,train,meadow,1920x1080,none,417,263.8829,280.3696,26
GOPR5844_004,train,meadow,1920x1080,none,417,280.3696,297.8864,27
GOPR5844_004,train,meadow,1920x1080,none,417,297.8864,316.4975,35
GOPR5844_004,train,meadow,1920x1080,none,417,316.4975,336.2714,39
GOPR5844_004,train,meadow,1920x1080,none,417,336.2714,357.2808,23
GOPR5844_004,train,meadow,1920x1080,none,417,357.2808,379.6028,26
GOPR5844_004,train,meadow,1920x1080,none,417,379.6028,403.3193,24
GOPR5844_004,train,meadow,1920x1080,none,417,403.3193,428.5177,11
GOPR5844_004,train,meadow,1920x1080,none,417,428.5177,455.2903,8
GOPR5844_004,train,meadow,1920x1080,none,417,455.2903,483.7357,8
GOPR5844_004,train,meadow,1920x1080,none,417,483.7357,513.9582,6
GOPR5844_004,train,meadow,1920x1080,none,417,513.9582,546.069,11
GOPR5844_004,train,meadow,1920x1080,none,417,546.069,580.1859,12
GOPR5844_004,train,meadow,1920x1080,none,417,580.1859,616.4344,15
GOPR5844_004,train,meadow,1920x1080,none,417,616.4344,654.9476,13
GOPR5844_004,train,meadow,1920x1080,none,417,654.9476,695.867,17
GOPR5844_004,train,meadow,1920x1080,none,417,695.867,739.3429,6
GOPR5844_004,train,meadow,1920x1080,none,417,739.3429,785.5351,3
GOPR5844_004,train,meadow,1920x1080,none,417,834.6133,886.7577,2
GOPR5844_004,train,meadow,1920x1080,none,417,886.7577,942.16,1
GOPR5844_004,train,meadow,1920x1080,none,417,942.16,1001.0237,5
GOPR5844_004,train,meadow,1920x1080,none,417,1001.0237,1063.565,4
GOPR5844_004,train,meadow,1920x1080,none,417,1063.565,1130.0138,4
GOPR5844_004,train,meadow,1920x1080,none,417,1130.0138,1200.6141,4
GOPR5844_004,train,meadow,1920x1080,none,417,1200.6141,1275.6253,7
GOPR5844_004,train,meadow,1920x1080,none,417,1275.6253,1355.323,19
GOPR5844_004,train,meadow,1920x1080,none,417,1355.323,1440.0,35
GOPR5844_004,train,meadow,1920x1080,none,417,1440.0,1529.9674,22
GOPR5844_004,train,meadow,1920x1080,none,417,1529.9674,1625.5557,17
GOPR5844_004,train,meadow,1920x1080,none,417,1625.5557,1727.1162,23
GOPR5844_004,train,meadow,1920x1080,none,417,1727.1162,1835.0219,20
GOPR5844_004,train,meadow,1920x1080,none,417,1835.0219,1949.6692,2
GOPR5844_004,train,meadow,1920x1080,none,417,1951665.1031,2073600.0,4
GOPR5845_001,train,meadow,1920x1080,none,601,1.0,1.0625,288459
GOPR5845_001,train,meadow,1920x1080,none,601,1.9477,2.0694,102234
GOPR5845_001,train,meadow,1920x1080,none,601,2.9768,3.1628,50739
GOPR5845_001,train,meadow,1920x1080,none,601,3.7934,4.0304,31018
GOPR5845_001,train,meadow,1920x1080,none,601,4.8341,5.1361,21364
GOPR5845_001,train,meadow,1920x1080,none,601,5.7979,6.1601,14888
GOPR5845_001,train,meadow,1920x1080,none,601,6.9539,7.3884,10461
GOPR5845_001,train,meadow,1920x1080,none,601,7.85,8.3404,7938
GOPR5845_001,train,meadow,1920x1080,none,601,8.8615,9.4152,6555
GOPR5845_001,train,meadow,1920x1080,none,601,9.4152,10.0034,5372
GOPR5845_001,train,meadow,1920x1080,none,601,10.6284,11.2924,4590
GOPR5845_001,train,meadow,1920x1080,none,601,11.998,12.7476,3729
GOPR5845_001,train,meadow,1920x1080,none,601,12.7476,13.544,3281
GOPR5845_001,train,meadow,1920x1080,none,601,13.544,14.3902,3131
GOPR5845_001,train,meadow,1920x1080,none,601,14.3902,15.2892,2269
GOPR5845_001,train,meadow,1920x1080,none,601,15.2892,16.2445,1909
GOPR5845_001,train,meadow,1920x1080,none,601,16.2445,17.2594,1744
GOPR5845_001,train,meadow,1920x1080,none,601,17.2594,18.3377,1475
GOPR5845_001,train,meadow,1920x1080,none,601,18.3377,19.4834,1354
GOPR5845_001,train,meadow,1920x1080,none,601,19.4834,20.7007,1372
GOPR5845_001,train,meadow,1920x1080,none,601,20.7007,21.994,1319
GOPR5845_001,train,meadow,1920x1080,none,601,21.994,23.3681,2165
GOPR5845_001,train,meadow,1920x1080,none,601,23.3681,24.8281,974
GOPR5845_001,train,meadow,1920x1080,none,601,24.8281,26.3793,1529
GOPR5845_001,train,meadow,1920x1080,none,601,26.3793,28.0274,1421
GOPR5845_001,train,meadow,1920x1080,none,601,28.0274,29.7785,608
GOPR5845_001,train,meadow,1920x1080,none,601,29.7785,31.639,1135
GOPR5845_001,train,meadow,1920x1080,none,601,31.639,33.6157,1013
GOPR5845_001,train,meadow,1920x1080,none,601,33.6157,35.7159,804
GOPR5845_001,train,meadow,1920x1080,none,601,35.7159,37.9473,741
GOPR5845_001,train,meadow,1920x1080,none,601,37.9473,40.3182,853
GOPR5845_001,train,meadow,1920x1080,none,601,40.3182,42.8372,577
GOPR5845_001,train,meadow,1920x1080,none,601,42.8372,45.5135,766
GOPR5845_001,train,meadow,1920x1080,none,601,45.5135,48.3571,540
GOPR5845_001,train,meadow,1920x1080,none,601,48.3571,51.3783,516
GOPR5845_001,train,meadow,1920x1080,none,601,51.3783,54.5883,569
GOPR5845_001,train,meadow,1920x1080,none,601,54.5883,57.9988,501
GOPR5845_001,train,meadow,1920x1080,none,601,57.9988,61.6224,415
GOPR5845_001,train,meadow,1920x1080,none,601,61.6224,65.4724,350
GOPR5845_001,train,meadow,1920x1080,none,601,65.4724,69.563,270
GOPR5845_001,train,meadow,1920x1080,none,601,69.563,73.9091,319
GOPR5845_001,train,meadow,1920x1080,none,601,73.9091,78.5267,375
GOPR5845_001,train,meadow,1920x1080,none,601,78.5267,83.4329,350
GOPR5845_001,train,meadow,1920x1080,none,601,83.4329,88.6455,410
GOPR5845_001,train,meadow,1920x1080,none,601,88.6455,94.1839,517
GOPR5845_001,train,meadow,1920x1080,none,601,94.1839,100.0682,379
GOPR5845_001,train,meadow,1920x1080,none,601,100.0682,106.3202,202
GOPR5845_001,train,meadow,1920x1080,none,601,106.3202,112.9628,156
GOPR5845_001,train,meadow,1920x1080,none,601,112.9628,120.0205,110
GOPR5845_001,train,meadow,1920x1080,none,601,120.0205,127.519,80
GOPR5845_001,train,meadow,1920x1080,none,601,127.519,135.4861,171
GOPR5845_001,train,meadow,1920x1080,none,601,135.4861,143.9509,99
GOPR5845_001,train,meadow,1920x1080,none,601,143.9509,152.9446,101
GOPR5845_001,train,meadow,1920x1080,none,601,152.9446,162.5001,109
GOPR5845_001,train,meadow,1920x1080,none,601,162.5001,172.6527,53
GOPR5845_001,train,meadow,1920x1080,none,601,172.6527,183.4396,12
GOPR5845_001,train,meadow,1920x1080,none,601,183.4396,194.9004,7
GOPR5845_001,train,meadow,1920x1080,none,601,194.9004,207.0773,16
GOPR5845_001,train,meadow,1920x1080,none,601,207.0773,220.0149,10
GOPR5845_001,train,meadow,1920x1080,none,601,220.0149,233.7609,41
GOPR5845_001,train,meadow,1920x1080,none,601,233.7609,248.3657,21
GOPR5845_001,train,meadow,1920x1080,none,601,248.3657,263.8829,5
GOPR5845_001,train,meadow,1920x1080,none,601,263.8829,280.3696,4
GOPR5845_001,train,meadow,1920x1080,none,601,280.3696,297.8864,9
GOPR5845_001,train,meadow,1920x1080,none,601,297.8864,316.4975,10
GOPR5845_001,train,meadow,1920x1080,none,601,316.4975,336.2714,12
GOPR5845_001,train,meadow,1920x1080,none,601,336.2714,357.2808,7
GOPR5845_001,train,meadow,1920x1080,none,601,357.2808,379.6028,11
GOPR5845_001,train,meadow,1920x1080,none,601,379.6028,403.3193,2
GOPR5845_001,train,meadow,1920x1080,none,601,403.3193,428.5177,2
GOPR5845_001,train,meadow,1920x1080,none,601,1951665.1031,2073600.0,4
GOPR5845_004,train,meadow,1920x1080,none,391,1.0,1.0625,204316
GOPR5845_004,train,meadow,1920x1080,none,391,1.9477,2.0694,63126
GOPR5845_004,train,meadow,1920x1080,none,391,2.9768,3.1628,29306
GOPR5845_004,train,meadow,1920x1080,none,391,3.7934,4.0304,17439
GOPR5845_004,train,meadow,1920x1080,none,391,4.8341,5.1361,11354
GOPR5845_004,train,meadow,1920x1080,none,391,5.7979,6.1601,7739
GOPR5845_004,train,meadow,1920x1080,none,391,6.9539,7.3884,5764
GOPR5845_004,train,meadow,1920x1080,none,391,7.85,8.3404,4303
GOPR5845_004,train,meadow,1920x1080,none,391,8.8615,9.4152,3455
GOPR5845_004,train,meadow,1920x1080,none,391,9.4152,10.0034,2956
GOPR5845_004,train,meadow,1920x1080,none,391,10.6284,11.2924,2339
GOPR5845_004,train,meadow,1920x1080,none,391,11.998,12.7476,1841
GOPR5845_004,train,meadow,1920x1080,none,391,12.7476,13.544,1528
GOPR5845_004,train,meadow,1920x1080,none,391,13.544,14.3902,1293
GOPR5845_004,train,meadow,1920x1080,none,391,14.3902,15.2892,999
GOPR5845_004,train,meadow,1920x1080,none,391,15.2892,16.2445,947
GOPR5845_004,train,meadow,1920x1080,none,391,16.2445,17.2594,827
GOPR5845_004,train,meadow,1920x1080,none,391,17.2594,18.3377,735
GOPR5845_004,train,meadow,1920x1080,none,391,18.3377,19.4834,585
GOPR5845_004,train,meadow,1920x1080,none,391,19.4834,20.7007,503
GOPR5845_004,train,meadow,1920x1080,none,391,20.7007,21.994,563
GOPR5845_004,train,meadow,1920x1080,none,391,21.994,23.3681,1067
GOPR5845_004,train,meadow,1920x1080,none,391,23.3681,24.8281,437
GOPR5845_004,train,meadow,1920x1080,none,391,24.8281,26.3793,805
GOPR5845_004,train,meadow,1920x1080,none,391,26.3793,28.0274,600
GOPR5845_004,train,meadow,1920x1080,none,391,28.0274,29.7785,260
GOPR5845_004,train,meadow,1920x1080,none,391,29.7785,31.639,416
GOPR5845_004,train,meadow,1920x1080,none,391,31.639,33.6157,304
GOPR5845_004,train,meadow,1920x1080,none,391,33.6157,35.7159,280
GOPR5845_004,train,meadow,1920x1080,none,391,35.7159,37.9473,233
GOPR5845_004,train,meadow,1920x1080,none,391,37.9473,40.3182,254
GOPR5845_004,train,meadow,1920x1080,none,391,40.3182,42.8372,186
GOPR5845_004,train,meadow,1920x1080,none,391,42.8372,45.5135,315
GOPR5845_004,train,meadow,1920x1080,none,391,45.5135,48.3571,222
GOPR5845_004,train,meadow,1920x1080,none,391,48.3571,51.3783,200
GOPR5845_004,train,meadow,1920x1080,none,391,51.3783,54.5883,193
GOPR5845_004,train,meadow,1920x1080,none,391,54.5883,57.9988,149
GOPR5845_004,train,meadow,1920x1080,none,391,57.9988,61.6224,141
GOPR5845_004,train,meadow,1920x1080,none,391,61.6224,65.4724,115
GOPR5845_004,train,meadow,1920x1080,none,391,65.4724,69.563,98
GOPR5845_004,train,meadow,1920x1080,none,391,69.563,73.9091,90
GOPR5845_004,train,meadow,1920x1080,none,391,73.9091,78.5267,98
GOPR5845_004,train,meadow,1920x1080,none,391,78.5267,83.4329,69
GOPR5845_004,train,meadow,1920x1080,none,391,83.4329,88.6455,60
GOPR5845_004,train,meadow,1920x1080,none,391,88.6455,94.1839,53
GOPR5845_004,train,meadow,1920x1080,none,391,94.1839,100.0682,32
GOPR5845_004,train,meadow,1920x1080,none,391,100.0682,106.3202,38
GOPR5845_004,train,meadow,1920x1080,none,391,106.3202,112.9628,34
GOPR5845_004,train,meadow,1920x1080,none,391,112.9628,120.0205,44
GOPR5845_004,train,meadow,1920x1080,none,391,120.0205,127.519,23
GOPR5845_004,train,meadow,1920x1080,none,391,127.519,135.4861,15
GOPR5845_004,train,meadow,1920x1080,none,391,135.4861,143.9509,26
GOPR5845_004,train,meadow,1920x1080,none,391,143.9509,152.9446,24
GOPR5845_004,train,meadow,1920x1080,none,391,152.9446,162.5001,25
GOPR5845_004,train,meadow,1920x1080,none,391,162.5001,172.6527,31
GOPR5845_004,train,meadow,1920x1080,none,391,172.6527,183.4396,15
GOPR5845_004,train,meadow,1920x1080,none,391,183.4396,194.9004,6
GOPR5845_004,train,meadow,1920x1080,none,391,194.9004,207.0773,11
GOPR5845_004,train,meadow,1920x1080,none,391,207.0773,220.0149,4
GOPR5845_004,train,meadow,1920x1080,none,391,220.0149,233.7609,10
GOPR5845_004,train,meadow,1920x1080,none,391,233.7609,248.3657,6
GOPR5845_004,train,meadow,1920x1080,none,391,248.3657,263.8829,3
GOPR5845_004,train,meadow,1920x1080,none,391,263.8829,280.3696,4
GOPR5845_004,train,meadow,1920x1080,none,391,280.3696,297.8864,6
GOPR5845_004,train,meadow,1920x1080,none,391,297.8864,316.4975,10
GOPR5845_004,train,meadow,1920x1080,none,391,316.4975,336.2714,6
GOPR5845_004,train,meadow,1920x1080,none,391,336.2714,357.2808,8
GOPR5845_004,train,meadow,1920x1080,none,391,357.2808,379.6028,4
GOPR5845_004,train,meadow,1920x1080,none,391,403.3193,428.5177,3
GOPR5845_004,train,meadow,1920x1080,none,391,428.5177,455.2903,1
GOPR5845_004,train,meadow,1920x1080,none,391,455.2903,483.7357,4
GOPR5845_004,train,meadow,1920x1080,none,391,483.7357,513.9582,1
GOPR5845_004,train,meadow,1920x1080,none,391,513.9582,546.069,1
GOPR5845_004,train,meadow,1920x1080,none,391,546.069,580.1859,2
GOPR5845_004,train,meadow,1920x1080,none,391,580.1859,616.4344,2
GOPR5845_004,train,meadow,1920x1080,none,391,616.4344,654.9476,1
GOPR5845_004,train,meadow,1920x1080,none,391,695.867,739.3429,1
GOPR5845_004,train,meadow,1920x1080,none,391,739.3429,785.5351,3
GOPR5845_004,train,meadow,1920x1080,none,391,785.5351,834.6133,2
GOPR5845_004,train,meadow,1920x1080,none,391,834.6133,886.7577,2
GOPR5845_004,train,meadow,1920x1080,none,391,886.7577,942.16,3
GOPR5845_004,train,meadow,1920x1080,none,391,942.16,1001.0237,2
GOPR5845_004,train,meadow,1920x1080,none,391,1001.0237,1063.565,3
GOPR5845_004,train,meadow,1920x1080,none,391,1063.565,1130.0138,7
GOPR5845_004,train,meadow,1920x1080,none,391,1130.0138,1200.6141,2
GOPR5845_004,train,meadow,1920x1080,none,391,1200.6141,1275.6253,3
GOPR5845_004,train,meadow,1920x1080,none,391,1275.6253,1355.323,1
GOPR5845_004,train,meadow,1920x1080,none,391,1355.323,1440.0,2
GOPR5845_004,train,meadow,1920x1080,none,391,1440.0,1529.9674,3
GOPR5845_004,train,meadow,1920x1080,none,391,1529.9674,1625.5557,5
GOPR5845_004,train,meadow,1920x1080,none,391,1625.5557,1727.1162,6
GOPR5845_004,train,meadow,1920x1080,none,391,1727.1162,1835.0219,5
GOPR5845_004,train,meadow,1920x1080,none,391,1835.0219,1949.6692,5
GOPR5845_004,train,meadow,1920x1080,none,391,1951665.1031,2073600.0,4
GOPR5846_002,val,meadow,1920x1080,none,686,1.0,1.0625,387652
GOPR5846_002,val,meadow,1920x1080,none,686,1.9477,2.0694,100571
GOPR5846_002,val,meadow,1920x1080,none,686,2.9768,3.1628,46371
GOPR5846_002,val,meadow,1920x1080,none,686,3.7934,4.0304,28503
GOPR5846_002,val,meadow,1920x1080,none,686,4.8341,5.1361,19037
GOPR5846_002,val,meadow,1920x1080,none,686,5.7979,6.1601,14549
GOPR5846_002,val,meadow,1920x1080,none,686,6.9539,7.3884,11444
GOPR5846_002,val,meadow,1920x1080,none,686,7.85,8.3404,8626
GOPR5846_002,val,meadow,1920x1080,none,686,8.8615,9.4152,6852
GOPR5846_002,val,meadow,1920x1080,none,686,9.4152,10.0034,6283
GOPR5846_002,val,meadow,1920x1080,none,686,10.6284,11.2924,5528
GOPR5846_002,val,meadow,1920x1080,none,686,11.998,12.7476,4814
GOPR5846_002,val,meadow,1920x1080,none,686,12.7476,13.544,4228
GOPR5846_002,val,meadow,1920x1080,none,686,13.544,14.3902,3761
GOPR5846_002,val,meadow,1920x1080,none,686,14.3902,15.2892,3361
GOPR5846_002,val,meadow,1920x1080,none,686,15.2892,16.2445,2866
GOPR5846_002,val,meadow,1920x1080,none,686,16.2445,17.2594,2568
GOPR5846_002,val,meadow,1920x1080,none,686,17.2594,18.3377,2306
GOPR5846_002,val,meadow,1920x1080,none,686,18.3377,19.4834,2278
GOPR5846_002,val,meadow,1920x1080,none,686,19.4834,20.7007,2139
GOPR5846_002,val,meadow,1920x1080,none,686,20.7007,21.994,2088
GOPR5846_002,val,meadow,1920x1080,none,686,21.994,23.3681,3357
GOPR5846_002,val,meadow,1920x1080,none,686,23.3681,24.8281,1577
GOPR5846_002,val,meadow,1920x1080,none,686,24.8281,26.3793,2933
GOPR5846_002,val,meadow,1920x1080,none,686,26.3793,28.0274,2567
GOPR5846_002,val,meadow,1920x1080,none,686,28.0274,29.7785,1051
GOPR5846_002,val,meadow,1920x1080,none,686,29.7785,31.639,1939
GOPR5846_002,val,meadow,1920x1080,none,686,31.639,33.6157,1831
GOPR5846_002,val,meadow,1920x1080,none,686,33.6157,35.7159,1565
GOPR5846_002,val,meadow,1920x1080,none,686,35.7159,37.9473,1757
GOPR5846_002,val,meadow,1920x1080,none,686,37.9473,40.3182,2473
GOPR5846_002,val,meadow,1920x1080,none,686,40.3182,42.8372,1425
GOPR5846_002,val,meadow,1920x1080,none,686,42.8372,45.5135,1813
GOPR5846_002,val,meadow,1920x1080,none,686,45.5135,48.3571,1678
GOPR5846_002,val,meadow,1920x1080,none,686,48.3571,51.3783,1490
GOPR5846_002,val,meadow,1920x1080,none,686,51.3783,54.5883,1506
GOPR5846_002,val,meadow,1920x1080,none,686,54.5883,57.9988,1278
GOPR5846_002,val,meadow,1920x1080,none,686,57.9988,61.6224,1270
GOPR5846_002,val,meadow,1920x1080,none,686,61.6224,65.4724,963
GOPR5846_002,val,meadow,1920x1080,none,686,65.4724,69.563,872
GOPR5846_002,val,meadow,1920x1080,none,686,69.563,73.9091,797
GOPR5846_002,val,meadow,1920x1080,none,686,73.9091,78.5267,942
GOPR5846_002,val,meadow,1920x1080,none,686,78.5267,83.4329,822
GOPR5846_002,val,meadow,1920x1080,none,686,83.4329,88.6455,670
GOPR5846_002,val,meadow,1920x1080,none,686,88.6455,94.1839,887
GOPR5846_002,val,meadow,1920x1080,none,686,94.1839,100.0682,779
GOPR5846_002,val,meadow,1920x1080,none,686,100.0682,106.3202,602
GOPR5846_002,val,meadow,1920x1080,none,686,106.3202,112.9628,590
GOPR5846_002,val,meadow,1920x1080,none,686,112.9628,120.0205,642
GOPR5846_002,val,meadow,1920x1080,none,686,120.0205,127.519,510
GOPR5846_002,val,meadow,1920x1080,none,686,127.519,135.4861,421
GOPR5846_002,val,meadow,1920x1080,none,686,135.4861,143.9509,493
GOPR5846_002,val,meadow,1920x1080,none,686,143.9509,152.9446,419
GOPR5846_002,val,meadow,1920x1080,none,686,152.9446,162.5001,428
GOPR5846_002,val,meadow,1920x1080,none,686,162.5001,172.6527,408
GOPR5846_002,val,meadow,1920x1080,none,686,172.6527,183.4396,329
GOPR5846_002,val,meadow,1920x1080,none,686,183.4396,194.9004,269
GOPR5846_002,val,meadow,1920x1080,none,686,194.9004,207.0773,383
GOPR5846_002,val,meadow,1920x1080,none,686,207.0773,220.0149,253
GOPR5846_002,val,meadow,1920x1080,none,686,220.0149,233.7609,161
GOPR5846_002,val,meadow,1920x1080,none,686,233.7609,248.3657,118
GOPR5846_002,val,meadow,1920x1080,none,686,248.3657,263.8829,119
GOPR5846_002,val,meadow,1920x1080,none,686,263.8829,280.3696,130
GOPR5846_002,val,meadow,1920x1080,none,686,280.3696,297.8864,72
GOPR5846_002,val,meadow,1920x1080,none,686,297.8864,316.4975,109
GOPR5846_002,val,meadow,1920x1080,none,686,316.4975,336.2714,69
GOPR5846_002,val,meadow,1920x1080,none,686,336.2714,357.2808,89
GOPR5846_002,val,meadow,1920x1080,none,686,357.2808,379.6028,95
GOPR5846_002,val,meadow,1920x1080,none,686,379.6028,403.3193,108
GOPR5846_002,val,meadow,1920x1080,none,686,403.3193,428.5177,52
GOPR5846_002,val,meadow,1920x1080,none,686,428.5177,455.2903,31
GOPR5846_002,val,meadow,1920x1080,none,686,455.2903,483.7357,36
GOPR5846_002,val,meadow,1920x1080,none,686,483.7357,513.9582,160
GOPR5846_002,val,meadow,1920x1080,none,686,513.9582,546.069,86
GOPR5846_002,val,meadow,1920x1080,none,686,546.069,580.1859,8
GOPR5846_002,val,meadow,1920x1080,none,686,580.1859,616.4344,8
GOPR5846_002,val,meadow,1920x1080,none,686,616.4344,654.9476,9
GOPR5846_002,val,meadow,1920x1080,none,686,654.9476,695.867,4
GOPR5846_002,val,meadow,1920x1080,none,686,695.867,739.3429,6
GOPR5846_002,val,meadow,1920x1080,none,686,739.3429,785.5351,6
GOPR5846_002,val,meadow,1920x1080,none,686,785.5351,834.6133,5
GOPR5846_002,val,meadow,1920x1080,none,686,834.6133,886.7577,5
GOPR5846_002,val,meadow,1920x1080,none,686,886.7577,942.16,3
GOPR5846_002,val,meadow,1920x1080,none,686,942.16,1001.0237,4
GOPR5846_002,val,meadow,1920x1080,none,686,1001.0237,1063.565,6
GOPR5846_002,val,meadow,1920x1080,none,686,1063.565,1130.0138,2
GOPR5846_002,val,meadow,1920x1080,none,686,1200.6141,1275.6253,3
GOPR5846_002,val,meadow,1920x1080,none,686,1275.6253,1355.323,4
GOPR5846_002,val,meadow,1920x1080,none,686,1355.323,1440.0,7
GOPR5846_002,val,meadow,1920x1080,none,686,1440.0,1529.9674,3
GOPR5846_002,val,meadow,1920x1080,none,686,1529.9674,1625.5557,2
GOPR5846_002,val,meadow,1920x1080,none,686,1625.5557,1727.1162,2
GOPR5846_002,val,meadow,1920x1080,none,686,1727.1162,1835.0219,4
GOPR5846_002,val,meadow,1920x1080,none,686,1835.0219,1949.6692,2
GOPR5846_002,val,meadow,1920x1080,none,686,1949.6692,2071.4794,3
GOPR5846_002,val,meadow,1920x1080,none,686,2071.4794,2200.9,2
GOPR5846_002,val,meadow,1920x1080,none,686,2200.9,2338.4064,6
GOPR5846_002,val,meadow,1920x1080,none,686,2338.4064,2484.5039,5
GOPR5846_002,val,meadow,1920x1080,none,686,1951665.1031,2073600.0,4
GOPR5846_005,val,meadow,1920x1080,none,450,1.0,1.0625,256021
GOPR5846_005,val,meadow,1920x1080,none,450,1.9477,2.0694,65426
GOPR5846_005,val,meadow,1920x1080,none,450,2.9768,3.1628,29715
GOPR5846_005,val,meadow,1920x1080,none,450,3.7934,4.0304,17530
GOPR5846_005,val,meadow,1920x1080,none,450,4.8341,5.1361,11430
GOPR5846_005,val,meadow,1920x1080,none,450,5.7979,6.1601,7975
GOPR5846_005,val,meadow,1920x1080,none,450,6.9539,7.3884,6229
GOPR5846_005,val,meadow,1920x1080,none,450,7.85,8.3404,5036
GOPR5846_005,val,meadow,1920x1080,none,450,8.8615,9.4152,3866
GOPR5846_005,val,meadow,1920x1080,none,450,9.4152,10.0034,3489
GOPR5846_005,val,meadow,1920x1080,none,450,10.6284,11.2924,2841
GOPR5846_005,val,meadow,1920x1080,none,450,11.998,12.7476,2402
GOPR5846_005,val,meadow,1920x1080,none,450,12.7476,13.544,2052
GOPR5846_005,val,meadow,1920x1080,none,450,13.544,14.3902,1735
GOPR5846_005,val,meadow,1920x1080,none,450,14.3902,15.2892,1563
GOPR5846_005,val,meadow,1920x1080,none,450,15.2892,16.2445,1412
GOPR5846_005,val,meadow,1920x1080,none,450,16.2445,17.2594,1249
GOPR5846_005,val,meadow,1920x1080,none,450,17.2594,18.3377,1192
GOPR5846_005,val,meadow,1920x1080,none,450,18.3377,19.4834,1021
GOPR5846_005,val,meadow,1920x1080,none,450,19.4834,20.7007,842
GOPR5846_005,val,meadow,1920x1080,none,450,20.7007,21.994,770
GOPR5846_005,val,meadow,1920x1080,none,450,21.994,23.3681,1307
GOPR5846_005,val,meadow,1920x1080,none,450,23.3681,24.8281,572
GOPR5846_005,val,meadow,1920x1080,none,450,24.8281,26.3793,1048
GOPR5846_005,val,meadow,1920x1080,none,450,26.3793,28.0274,881
GOPR5846_005,val,meadow,1920x1080,none,450,28.0274,29.7785,357
GOPR5846_005,val,meadow,1920x1080,none,450,29.7785,31.639,703
GOPR5846_005,val,meadow,1920x1080,none,450,31.639,33.6157,591
GOPR5846_005,val,meadow,1920x1080,none,450,33.6157,35.7159,463
GOPR5846_005,val,meadow,1920x1080,none,450,35.7159,37.9473,405
GOPR5846_005,val,meadow,1920x1080,none,450,37.9473,40.3182,589
GOPR5846_005,val,meadow,1920x1080,none,450,40.3182,42.8372,455
GOPR5846_005,val,meadow,1920x1080,none,450,42.8372,45.5135,552
GOPR5846_005,val,meadow,1920x1080,none,450,45.5135,48.3571,550
GOPR5846_005,val,meadow,1920x1080,none,450,48.3571,51.3783,451
GOPR5846_005,val,meadow,1920x1080,none,450,51.3783,54.5883,371
GOPR5846_005,val,meadow,1920x1080,none,450,54.5883,57.9988,269
GOPR5846_005,val,meadow,1920x1080,none,450,57.9988,61.6224,293
GOPR5846_005,val,meadow,1920x1080,none,450,61.6224,65.4724,209
GOPR5846_005,val,meadow,1920x1080,none,450,65.4724,69.563,226
GOPR5846_005,val,meadow,1920x1080,none,450,69.563,73.9091,221
GOPR5846_005,val,meadow,1920x1080,none,450,73.9091,78.5267,242
GOPR5846_005,val,meadow,1920x1080,none,450,78.5267,83.4329,188
GOPR5846_005,val,meadow,1920x1080,none,450,83.4329,88.6455,172
GOPR5846_005,val,meadow,1920x1080,none,450,88.6455,94.1839,242
GOPR5846_005,val,meadow,1920x1080,none,450,94.1839,100.0682,217
GOPR5846_005,val,meadow,1920x1080,none,450,100.0682,106.3202,139
GOPR5846_005,val,meadow,1920x1080,none,450,106.3202,112.9628,79
GOPR5846_005,val,meadow,1920x1080,none,450,112.9628,120.0205,132
GOPR5846_005,val,meadow,1920x1080,none,450,120.0205,127.519,72
GOPR5846_005,val,meadow,1920x1080,none,450,127.519,135.4861,62
GOPR5846_005,val,meadow,1920x1080,none,450,135.4861,143.9509,66
GOPR5846_005,val,meadow,1920x1080,none,450,143.9509,152.9446,59
GOPR5846_005,val,meadow,1920x1080,none,450,152.9446,162.5001,100
GOPR5846_005,val,meadow,1920x1080,none,450,162.5001,172.6527,77
GOPR5846_005,val,meadow,1920x1080,none,450,172.6527,183.4396,79
GOPR5846_005,val,meadow,1920x1080,none,450,183.4396,194.9004,46
GOPR5846_005,val,meadow,1920x1080,none,450,194.9004,207.0773,73
GOPR5846_005,val,meadow,1920x1080,none,450,207.0773,220.0149,59
GOPR5846_005,val,meadow,1920x1080,none,450,220.0149,233.7609,48
GOPR5846_005,val,meadow,1920x1080,none,450,233.7609,248.3657,14
GOPR5846_005,val,meadow,1920x1080,none,450,248.3657,263.8829,18
GOPR5846_005,val,meadow,1920x1080,none,450,263.8829,280.3696,20
GOPR5846_005,val,meadow,1920x1080,none,450,280.3696,297.8864,51
GOPR5846_005,val,meadow,1920x1080,none,450,297.8864,316.4975,60
GOPR5846_005,val,meadow,1920x1080,none,450,316.4975,336.2714,52
GOPR5846_005,val,meadow,1920x1080,none,450,336.2714,357.2808,50
GOPR5846_005,val,meadow,1920x1080,none,450,357.2808,379.6028,82
GOPR5846_005,val,meadow,1920x1080,none,450,379.6028,403.3193,4
GOPR5846_005,val,meadow,1920x1080,none,450,403.3193,428.5177,1
GOPR5846_005,val,meadow,1920x1080,none,450,428.5177,455.2903,2
GOPR5846_005,val,meadow,1920x1080,none,450,455.2903,483.7357,3
GOPR5846_005,val,meadow,1920x1080,none,450,483.7357,513.9582,3
GOPR5846_005,val,meadow,1920x1080,none,450,546.069,580.1859,1
GOPR5846_005,val,meadow,1920x1080,none,450,580.1859,616.4344,1
GOPR5846_005,val,meadow,1920x1080,none,450,616.4344,654.9476,1
GOPR5846_005,val,meadow,1920x1080,none,450,654.9476,695.867,3
GOPR5846_005,val,meadow,1920x1080,none,450,785.5351,834.6133,1
GOPR5846_005,val,meadow,1920x1080,none,450,886.7577,942.16,1
GOPR5846_005,val,meadow,1920x1080,none,450,942.16,1001.0237,1
GOPR5846_005,val,meadow,1920x1080,none,450,1063.565,1130.0138,1
GOPR5846_005,val,meadow,1920x1080,none,450,1440.0,1529.9674,1
GOPR5846_005,val,meadow,1920x1080,none,450,1951665.1031,2073600.0,4
GOPR5847_003,train,lake,1920x1080,none,496,1.0,1.0625,753142
GOPR5847_003,train,lake,1920x1080,none,496,1.9477,2.0694,249890
GOPR5847_003,train,lake,1920x1080,none,496,2.9768,3.1628,111376
GOPR5847_003,train,lake,1920x1080,none,496,3.7934,4.0304,61536
GOPR5847_003,train,lake,1920x1080,none,496,4.8341,5.1361,37872
GOPR5847_003,train,lake,1920x1080,none,496,5.7979,6.1601,26267
GOPR5847_003,train,lake,1920x1080,none,496,6.9539,7.3884,19142
GOPR5847_003,train,lake,1920x1080,none,496,7.85,8.3404,14021
GOPR5847_003,train,lake,1920x1080,none,496,8.8615,9.4152,10838
GOPR5847_003,train,lake,1920x1080,none,496,9.4152,10.0034,8599
GOPR5847_003,train,lake,1920x1080,none,496,10.6284,11.2924,7073
GOPR5847_003,train,lake,1920x1080,none,496,11.998,12.7476,5930
GOPR5847_003,train,lake,1920x1080,none,496,12.7476,13.544,4681
GOPR5847_003,train,lake,1920x1080,none,496,13.544,14.3902,4088
GOPR5847_003,train,lake,1920x1080,none,496,14.3902,15.2892,3361
GOPR5847_003,train,lake,1920x1080,none,496,15.2892,16.2445,2960
GOPR5847_003,train,lake,1920x1080,none,496,16.2445,17.2594,2611
GOPR5847_003,train,lake,1920x1080,none,496,17.2594,18.3377,2261
GOPR5847_003,train,lake,1920x1080,none,496,18.3377,19.4834,1899
GOPR5847_003,train,lake,1920x1080,none,496,19.4834,20.7007,1848
GOPR5847_003,train,lake,1920x1080,none,496,20.7007,21.994,1588
GOPR5847_003,train,lake,1920x1080,none,496,21.994,23.3681,2689
GOPR5847_003,train,lake,1920x1080,none,496,23.3681,24.8281,1233
GOPR5847_003,train,lake,1920x1080,none,496,24.8281,26.3793,2192
GOPR5847_003,train,lake,1920x1080,none,496,26.3793,28.0274,1860
GOPR5847_003,train,lake,1920x1080,none,496,28.0274,29.7785,720
GOPR5847_003,train,lake,1920x1080,none,496,29.7785,31.639,1372
GOPR5847_003,train,lake,1920x1080,none,496,31.639,33.6157,1250
GOPR5847_003,train,lake,1920x1080,none,496,33.6157,35.7159,1061
GOPR5847_003,train,lake,1920x1080,none,496,35.7159,37.9473,1017
GOPR5847_003,train,lake,1920x1080,none,496,37.9473,40.3182,1263
GOPR5847_003,train,lake,1920x1080,none,496,40.3182,42.8372,709
GOPR5847_003,train,lake,1920x1080,none,496,42.8372,45.5135,912
GOPR5847_003,train,lake,1920x1080,none,496,45.5135,48.3571,849
GOPR5847_003,train,lake,1920x1080,none,496,48.3571,51.3783,752
GOPR5847_003,train,lake,1920x1080,none,496,51.3783,54.5883,592
GOPR5847_003,train,lake,1920x1080,none,496,54.5883,57.9988,562
GOPR5847_003,train,lake,1920x1080,none,496,57.9988,61.6224,646
GOPR5847_003,train,lake,1920x1080,none,496,61.6224,65.4724,601
GOPR5847_003,train,lake,1920x1080,none,496,65.4724,69.563,479
GOPR5847_003,train,lake,1920x1080,none,496,69.563,73.9091,474
GOPR5847_003,train,lake,1920x1080,none,496,73.9091,78.5267,484
GOPR5847_003,train,lake,1920x1080,none,496,78.5267,83.4329,350
GOPR5847_003,train,lake,1920x1080,none,496,83.4329,88.6455,320
GOPR5847_003,train,lake,1920x1080,none,496,88.6455,94.1839,370
GOPR5847_003,train,lake,1920x1080,none,496,94.1839,100.0682,321
GOPR5847_003,train,lake,1920x1080,none,496,100.0682,106.3202,313
GOPR5847_003,train,lake,1920x1080,none,496,106.3202,112.9628,226
GOPR5847_003,train,lake,1920x1080,none,496,112.9628,120.0205,242
GOPR5847_003,train,lake,1920x1080,none,496,120.0205,127.519,186
GOPR5847_003,train,lake,1920x1080,none,496,127.519,135.4861,226
GOPR5847_003,train,lake,1920x1080,none,496,135.4861,143.9509,172
GOPR5847_003,train,lake,1920x1080,none,496,143.9509,152.9446,167
GOPR5847_003,train,lake,1920x1080,none,496,152.9446,162.5001,193
GOPR5847_003,train,lake,1920x1080,none,496,162.5001,172.6527,108
GOPR5847_003,train,lake,1920x1080,none,496,172.6527,183.4396,76
GOPR5847_003,train,lake,1920x1080,none,496,183.4396,194.9004,53
GOPR5847_003,train,lake,1920x1080,none,496,194.9004,207.0773,79
GOPR5847_003,train,lake,1920x1080,none,496,207.0773,220.0149,53
GOPR5847_003,train,lake,1920x1080,none,496,220.0149,233.7609,70
GOPR5847_003,train,lake,1920x1080,none,496,233.7609,248.3657,86
GOPR5847_003,train,lake,1920x1080,none,496,248.3657,263.8829,67
GOPR5847_003,train,lake,1920x1080,none,496,263.8829,280.3696,47
GOPR5847_003,train,lake,1920x1080,none,496,280.3696,297.8864,74
GOPR5847_003,train,lake,1920x1080,none,496,297.8864,316.4975,68
GOPR5847_003,train,lake,1920x1080,none,496,316.4975,336.2714,102
GOPR5847_003,train,lake,1920x1080,none,496,336.2714,357.2808,90
GOPR5847_003,train,lake,1920x1080,none,496,357.2808,379.6028,104
GOPR5847_003,train,lake,1920x1080,none,496,379.6028,403.3193,68
GOPR5847_003,train,lake,1920x1080,none,496,403.3193,428.5177,59
GOPR5847_003,train,lake,1920x1080,none,496,428.5177,455.2903,45
GOPR5847_003,train,lake,1920x1080,none,496,455.2903,483.7357,45
GOPR5847_003,train,lake,1920x1080,none,496,483.7357,513.9582,17
GOPR5847_003,train,lake,1920x1080,none,496,513.9582,546.069,20
GOPR5847_003,train,lake,1920x1080,none,496,546.069,580.1859,12
GOPR5847_003,train,lake,1920x1080,none,496,580.1859,616.4344,14
GOPR5847_003,train,lake,1920x1080,none,496,616.4344,654.9476,10
GOPR5847_003,train,lake,1920x1080,none,496,654.9476,695.867,4
GOPR5847_003,train,lake,1920x1080,none,496,695.867,739.3429,7
GOPR5847_003,train,lake,1920x1080,none,496,739.3429,785.5351,2
GOPR5847_003,train,lake,1920x1080,none,496,785.5351,834.6133,3
GOPR5847_003,train,lake,1920x1080,none,496,834.6133,886.7577,3
GOPR5847_003,train,lake,1920x1080,none,496,886.7577,942.16,1
GOPR5847_003,train,lake,1920x1080,none,496,942.16,1001.0237,2
GOPR5847_003,train,lake,1920x1080,none,496,1001.0237,1063.565,1
GOPR5847_003,train,lake,1920x1080,none,496,1063.565,1130.0138,1
GOPR5847_003,train,lake,1920x1080,none,496,1130.0138,1200.6141,2
GOPR5847_003,train,lake,1920x1080,none,496,1200.6141,1275.6253,1
GOPR5847_003,train,lake,1920x1080,none,496,1355.323,1440.0,2
GOPR5847_003,train,lake,1920x1080,none,496,1440.0,1529.9674,1
GOPR5847_003,train,lake,1920x1080,none,496,1529.9674,1625.5557,1
GOPR5847_003,train,lake,1920x1080,none,496,1625.5557,1727.1162,1
GOPR5847_003,train,lake,1920x1080,none,496,1727.1162,1835.0219,1
GOPR5847_003,train,lake,1920x1080,none,496,1835.0219,1949.6692,1
GOPR5847_003,train,lake,1920x1080,none,496,2338.4064,2484.5039,2
GOPR5847_003,train,lake,1920x1080,none,496,2484.5039,2639.7291,1
GOPR5847_003,train,lake,1920x1080,none,496,3166.0548,3363.8616,2
GOPR5847_003,train,lake,1920x1080,none,496,4034.5693,4286.6386,1
GOPR5847_003,train,lake,1920x1080,none,496,6166.4468,6551.7102,1
GOPR5847_003,train,lake,1920x1080,none,496,8348.9801,8870.6024,1
GOPR5847_003,train,lake,1920x1080,none,496,10639.2785,11303.9926,1
GOPR5847_003,train,lake,1920x1080,none,496,1951665.1031,2073600.0,4
GOPR5847_004,train,lake,1920x1080,none,721,1.0,1.0625,1149177
GOPR5847_004,train,lake,1920x1080,none,721,1.9477,2.0694,367142
GOPR5847_004,train,lake,1920x1080,none,721,2.9768,3.1628,165301
GOPR5847_004,train,lake,1920x1080,none,721,3.7934,4.0304,90935
GOPR5847_004,train,lake,1920x1080,none,721,4.8341,5.1361,57170
GOPR5847_004,train,lake,1920x1080,none,721,5.7979,6.1601,38684
GOPR5847_004,train,lake,1920x1080,none,721,6.9539,7.3884,27351
GOPR5847_004,train,lake,1920x1080,none,721,7.85,8.3404,20308
GOPR5847_004,train,lake,1920x1080,none,721,8.8615,9.4152,16022
GOPR5847_004,train,lake,1920x1080,none,721,9.4152,10.0034,13071
GOPR5847_004,train,lake,1920x1080,none,721,10.6284,11.2924,10506
GOPR5847_004,train,lake,1920x1080,none,721,11.998,12.7476,8936
GOPR5847_004,train,lake,1920x1080,none,721,12.7476,13.544,7852
GOPR5847_004,train,lake,1920x1080,none,721,13.544,14.3902,6700
GOPR5847_004,train,lake,1920x1080,none,721,14.3902,15.2892,5357
GOPR5847_004,train,lake,1920x1080,none,721,15.2892,16.2445,4728
GOPR5847_004,train,lake,1920x1080,none,721,16.2445,17.2594,4095
GOPR5847_004,train,lake,1920x1080,none,721,17.2594,18.3377,3597
GOPR5847_004,train,lake,1920x1080,none,721,18.3377,19.4834,3296
GOPR5847_004,train,lake,1920x1080,none,721,19.4834,20.7007,2832
GOPR5847_004,train,lake,1920x1080,none,721,20.7007,21.994,2771
GOPR5847_004,train,lake,1920x1080,none,721,21.994,23.3681,4888
GOPR5847_004,train,lake,1920x1080,none,721,23.3681,24.8281,2173
GOPR5847_004,train,lake,1920x1080,none,721,24.8281,26.3793,3561
GOPR5847_004,train,lake,1920x1080,none,721,26.3793,28.0274,3099
GOPR5847_004,train,lake,1920x1080,none,721,28.0274,29.7785,1406
GOPR5847_004,train,lake,1920x1080,none,721,29.7785,31.639,2662
GOPR5847_004,train,lake,1920x1080,none,721,31.639,33.6157,2024
GOPR5847_004,train,lake,1920x1080,none,721,33.6157,35.7159,1620
GOPR5847_004,train,lake,1920x1080,none,721,35.7159,37.9473,1318
GOPR5847_004,train,lake,1920x1080,none,721,37.9473,40.3182,1774
GOPR5847_004,train,lake,1920x1080,none,721,40.3182,42.8372,1079
GOPR5847_004,train,lake,1920x1080,none,721,42.8372,45.5135,1559
GOPR5847_004,train,lake,1920x1080,none,721,45.5135,48.3571,1295
GOPR5847_004,train,lake,1920x1080,none,721,48.3571,51.3783,1290
GOPR5847_004,train,lake,1920x1080,none,721,51.3783,54.5883,1177
GOPR5847_004,train,lake,1920x1080,none,721,54.5883,57.9988,983
GOPR5847_004,train,lake,1920x1080,none,721,57.9988,61.6224,1020
GOPR5847_004,train,lake,1920x1080,none,721,61.6224,65.4724,904
GOPR5847_004,train,lake,1920x1080,none,721,65.4724,69.563,845
GOPR5847_004,train,lake,1920x1080,none,721,69.563,73.9091,845
GOPR5847_004,train,lake,1920x1080,none,721,73.9091,78.5267,840
GOPR5847_004,train,lake,1920x1080,none,721,78.5267,83.4329,589
GOPR5847_004,train,lake,1920x1080,none,721,83.4329,88.6455,547
GOPR5847_004,train,lake,1920x1080,none,721,88.6455,94.1839,666
GOPR5847_004,train,lake,1920x1080,none,721,94.1839,100.0682,644
GOPR5847_004,train,lake,1920x1080,none,721,100.0682,106.3202,462
GOPR5847_004,train,lake,1920x1080,none,721,106.3202,112.9628,366
GOPR5847_004,train,lake,1920x1080,none,721,112.9628,120.0205,490
GOPR5847_004,train,lake,1920x1080,none,721,120.0205,127.519,381
GOPR5847_004,train,lake,1920x1080,none,721,127.519,135.4861,362
GOPR5847_004,train,lake,1920x1080,none,721,135.4861,143.9509,391
GOPR5847_004,train,lake,1920x1080,none,721,143.9509,152.9446,342
GOPR5847_004,train,lake,1920x1080,none,721,152.9446,162.5001,288
GOPR5847_004,train,lake,1920x1080,none,721,162.5001,172.6527,265
GOPR5847_004,train,lake,1920x1080,none,721,172.6527,183.4396,172
GOPR5847_004,train,lake,1920x1080,none,721,183.4396,194.9004,198
GOPR5847_004,train,lake,1920x1080,none,721,194.9004,207.0773,252
GOPR5847_004,train,lake,1920x1080,none,721,207.0773,220.0149,228
GOPR5847_004,train,lake,1920x1080,none,721,220.0149,233.7609,202
GOPR5847_004,train,lake,1920x1080,none,721,233.7609,248.3657,274
GOPR5847_004,train,lake,1920x1080,none,721,248.3657,263.8829,154
GOPR5847_004,train,lake,1920x1080,none,721,263.8829,280.3696,100
GOPR5847_004,train,lake,1920x1080,none,721,280.3696,297.8864,68
GOPR5847_004,train,lake,1920x1080,none,721,297.8864,316.4975,187
GOPR5847_004,train,lake,1920x1080,none,721,316.4975,336.2714,193
GOPR5847_004,train,lake,1920x1080,none,721,336.2714,357.2808,107
GOPR5847_004,train,lake,1920x1080,none,721,357.2808,379.6028,79
GOPR5847_004,train,lake,1920x1080,none,721,379.6028,403.3193,170
GOPR5847_004,train,lake,1920x1080,none,721,403.3193,428.5177,105
GOPR5847_004,train,lake,1920x1080,none,721,428.5177,455.2903,53
GOPR5847_004,train,lake,1920x1080,none,721,455.2903,483.7357,48
GOPR5847_004,train,lake,1920x1080,none,721,483.7357,513.9582,39
GOPR5847_004,train,lake,1920x1080,none,721,513.9582,546.069,89
GOPR5847_004,train,lake,1920x1080,none,721,546.069,580.1859,132
GOPR5847_004,train,lake,1920x1080,none,721,580.1859,616.4344,101
GOPR5847_004,train,lake,1920x1080,none,721,616.4344,654.9476,108
GOPR5847_004,train,lake,1920x1080,none,721,654.9476,695.867,198
GOPR5847_004,train,lake,1920x1080,none,721,695.867,739.3429,51
GOPR5847_004,train,lake,1920x1080,none,721,739.3429,785.5351,98
GOPR5847_004,train,lake,1920x1080,none,721,785.5351,834.6133,94
GOPR5847_004,train,lake,1920x1080,none,721,834.6133,886.7577,72
GOPR5847_004,train,lake,1920x1080,none,721,886.7577,942.16,124
GOPR5847_004,train,lake,1920x1080,none,721,942.16,1001.0237,125
GOPR5847_004,train,lake,1920x1080,none,721,1001.0237,1063.565,28
GOPR5847_004,train,lake,1920x1080,none,721,1063.565,1130.0138,16
GOPR5847_004,train,lake,1920x1080,none,721,1130.0138,1200.6141,12
GOPR5847_004,train,lake,1920x1080,none,721,1200.6141,1275.6253,4
GOPR5847_004,train,lake,1920x1080,none,721,1275.6253,1355.323,1
GOPR5847_004,train,lake,1920x1080,none,721,1355.323,1440.0,3
GOPR5847_004,train,lake,1920x1080,none,721,1440.0,1529.9674,3
GOPR5847_004,train,lake,1920x1080,none,721,1529.9674,1625.5557,3
GOPR5847_004,train,lake,1920x1080,none,721,1625.5557,1727.1162,4
GOPR5847_004,train,lake,1920x1080,none,721,1727.1162,1835.0219,3
GOPR5847_004,train,lake,1920x1080,none,721,1835.0219,1949.6692,1
GOPR5847_004,train,lake,1920x1080,none,721,2071.4794,2200.9,2
GOPR5847_004,train,lake,1920x1080,none,721,2639.7291,2804.6525,1
GOPR5847_004,train,lake,1920x1080,none,721,3574.0268,3797.3226,2
GOPR5847_004,train,lake,1920x1080,none,721,4554.4564,4839.0069,2
GOPR5847_004,train,lake,1920x1080,none,721,6961.0438,7395.9515,1
GOPR5847_004,train,lake,1920x1080,none,721,1951665.1031,2073600.0,4
GOPR5848_002,train,meadow,1920x1080,none,511,1.0,1.0625,188457
GOPR5848_002,train,meadow,1920x1080,none,511,1.9477,2.0694,62784
GOPR5848_002,train,meadow,1920x1080,none,511,2.9768,3.1628,30167
GOPR5848_002,train,meadow,1920x1080,none,511,3.7934,4.0304,17698
GOPR5848_002,train,meadow,1920x1080,none,511,4.8341,5.1361,11865
GOPR5848_002,train,meadow,1920x1080,none,511,5.7979,6.1601,8575
GOPR5848_002,train,meadow,1920x1080,none,511,6.9539,7.3884,6374
GOPR5848_002,train,meadow,1920x1080,none,511,7.85,8.3404,4586
GOPR5848_002,train,meadow,1920x1080,none,511,8.8615,9.4152,3748
GOPR5848_002,train,meadow,1920x1080,none,511,9.4152,10.0034,3023
GOPR5848_002,train,meadow,1920x1080,none,511,10.6284,11.2924,2433
GOPR5848_002,train,meadow,1920x1080,none,511,11.998,12.7476,2016
GOPR5848_002,train,meadow,1920x1080,none,511,12.7476,13.544,1690
GOPR5848_002,train,meadow,1920x1080,none,511,13.544,14.3902,1543
GOPR5848_002,train,meadow,1920x1080,none,511,14.3902,15.2892,1426
GOPR5848_002,train,meadow,1920x1080,none,511,15.2892,16.2445,1274
GOPR5848_002,train,meadow,1920x1080,none,511,16.2445,17.2594,1090
GOPR5848_002,train,meadow,1920x1080,none,511,17.2594,18.3377,883
GOPR5848_002,train,meadow,1920x1080,none,511,18.3377,19.4834,805
GOPR5848_002,train,meadow,1920x1080,none,511,19.4834,20.7007,749
GOPR5848_002,train,meadow,1920x1080,none,511,20.7007,21.994,598
GOPR5848_002,train,meadow,1920x1080,none,511,21.994,23.3681,1232
GOPR5848_002,train,meadow,1920x1080,none,511,23.3681,24.8281,546
GOPR5848_002,train,meadow,1920x1080,none,511,24.8281,26.3793,912
GOPR5848_002,train,meadow,1920x1080,none,511,26.3793,28.0274,718
GOPR5848_002,train,meadow,1920x1080,none,511,28.0274,29.7785,353
GOPR5848_002,train,meadow,1920x1080,none,511,29.7785,31.639,741
GOPR5848_002,train,meadow,1920x1080,none,511,31.639,33.6157,742
GOPR5848_002,train,meadow,1920x1080,none,511,33.6157,35.7159,559
GOPR5848_002,train,meadow,1920x1080,none,511,35.7159,37.9473,469
GOPR5848_002,train,meadow,1920x1080,none,511,37.9473,40.3182,649
GOPR5848_002,train,meadow,1920x1080,none,511,40.3182,42.8372,396
GOPR5848_002,train,meadow,1920x1080,none,511,42.8372,45.5135,600
GOPR5848_002,train,meadow,1920x1080,none,511,45.5135,48.3571,587
GOPR5848_002,train,meadow,1920x1080,none,511,48.3571,51.3783,419
GOPR5848_002,train,meadow,1920x1080,none,511,51.3783,54.5883,346
GOPR5848_002,train,meadow,1920x1080,none,511,54.5883,57.9988,287
GOPR5848_002,train,meadow,1920x1080,none,511,57.9988,61.6224,368
GOPR5848_002,train,meadow,1920x1080,none,511,61.6224,65.4724,294
GOPR5848_002,train,meadow,1920x1080,none,511,65.4724,69.563,256
GOPR5848_002,train,meadow,1920x1080,none,511,69.563,73.9091,266
GOPR5848_002,train,meadow,1920x1080,none,511,73.9091,78.5267,303
GOPR5848_002,train,meadow,1920x1080,none,511,78.5267,83.4329,265
GOPR5848_002,train,meadow,1920x1080,none,511,83.4329,88.6455,267
GOPR5848_002,train,meadow,1920x1080,none,511,88.6455,94.1839,259
GOPR5848_002,train,meadow,1920x1080,none,511,94.1839,100.0682,197
GOPR5848_002,train,meadow,1920x1080,none,511,100.0682,106.3202,216
GOPR5848_002,train,meadow,1920x1080,none,511,106.3202,112.9628,191
GOPR5848_002,train,meadow,1920x1080,none,511,112.9628,120.0205,181
GOPR5848_002,train,meadow,1920x1080,none,511,120.0205,127.519,107
GOPR5848_002,train,meadow,1920x1080,none,511,127.519,135.4861,83
GOPR5848_002,train,meadow,1920x1080,none,511,135.4861,143.9509,73
GOPR5848_002,train,meadow,1920x1080,none,511,143.9509,152.9446,88
GOPR5848_002,train,meadow,1920x1080,none,511,152.9446,162.5001,73
GOPR5848_002,train,meadow,1920x1080,none,511,162.5001,172.6527,71
GOPR5848_002,train,meadow,1920x1080,none,511,172.6527,183.4396,67
GOPR5848_002,train,meadow,1920x1080,none,511,183.4396,194.9004,42
GOPR5848_002,train,meadow,1920x1080,none,511,194.9004,207.0773,35
GOPR5848_002,train,meadow,1920x1080,none,511,207.0773,220.0149,21
GOPR5848_002,train,meadow,1920x1080,none,511,220.0149,233.7609,16
GOPR5848_002,train,meadow,1920x1080,none,511,233.7609,248.3657,16
GOPR5848_002,train,meadow,1920x1080,none,511,248.3657,263.8829,30
GOPR5848_002,train,meadow,1920x1080,none,511,263.8829,280.3696,28
GOPR5848_002,train,meadow,1920x1080,none,511,280.3696,297.8864,25
GOPR5848_002,train,meadow,1920x1080,none,511,297.8864,316.4975,34
GOPR5848_002,train,meadow,1920x1080,none,511,316.4975,336.2714,20
GOPR5848_002,train,meadow,1920x1080,none,511,336.2714,357.2808,13
GOPR5848_002,train,meadow,1920x1080,none,511,357.2808,379.6028,12
GOPR5848_002,train,meadow,1920x1080,none,511,379.6028,403.3193,16
GOPR5848_002,train,meadow,1920x1080,none,511,403.3193,428.5177,8
GOPR5848_002,train,meadow,1920x1080,none,511,428.5177,455.2903,4
GOPR5848_002,train,meadow,1920x1080,none,511,455.2903,483.7357,3
GOPR5848_002,train,meadow,1920x1080,none,511,483.7357,513.9582,4
GOPR5848_002,train,meadow,1920x1080,none,511,513.9582,546.069,2
GOPR5848_002,train,meadow,1920x1080,none,511,546.069,580.1859,2
GOPR5848_002,train,meadow,1920x1080,none,511,580.1859,616.4344,2
GOPR5848_002,train,meadow,1920x1080,none,511,616.4344,654.9476,1
GOPR5848_002,train,meadow,1920x1080,none,511,654.9476,695.867,4
GOPR5848_002,train,meadow,1920x1080,none,511,695.867,739.3429,2
GOPR5848_002,train,meadow,1920x1080,none,511,739.3429,785.5351,1
GOPR5848_002,train,meadow,1920x1080,none,511,785.5351,834.6133,3
GOPR5848_002,train,meadow,1920x1080,none,511,834.6133,886.7577,1
GOPR5848_002,train,meadow,1920x1080,none,511,886.7577,942.16,2
GOPR5848_002,train,meadow,1920x1080,none,511,1001.0237,1063.565,1
GOPR5848_002,train,meadow,1920x1080,none,511,1130.0138,1200.6141,1
GOPR5848_002,train,meadow,1920x1080,none,511,1951665.1031,2073600.0,4
GOPR5848_004,train,meadow,1920x1080,none,691,1.0,1.0625,286283
GOPR5848_004,train,meadow,1920x1080,none,691,1.9477,2.0694,91231
GOPR5848_004,train,meadow,1920x1080,none,691,2.9768,3.1628,42309
GOPR5848_004,train,meadow,1920x1080,none,691,3.7934,4.0304,24059
GOPR5848_004,train,meadow,1920x1080,none,691,4.8341,5.1361,15210
GOPR5848_004,train,meadow,1920x1080,none,691,5.7979,6.1601,10107
GOPR5848_004,train,meadow,1920x1080,none,691,6.9539,7.3884,7816
GOPR5848_004,train,meadow,1920x1080,none,691,7.85,8.3404,6072
GOPR5848_004,train,meadow,1920x1080,none,691,8.8615,9.4152,5060
GOPR5848_004,train,meadow,1920x1080,none,691,9.4152,10.0034,4220
GOPR5848_004,train,meadow,1920x1080,none,691,10.6284,11.2924,3429
GOPR5848_004,train,meadow,1920x1080,none,691,11.998,12.7476,2919
GOPR5848_004,train,meadow,1920x1080,none,691,12.7476,13.544,2604
GOPR5848_004,train,meadow,1920x1080,none,691,13.544,14.3902,2165
GOPR5848_004,train,meadow,1920x1080,none,691,14.3902,15.2892,1862
GOPR5848_004,train,meadow,1920x1080,none,691,15.2892,16.2445,1611
GOPR5848_004,train,meadow,1920x1080,none,691,16.2445,17.2594,1519
GOPR5848_004,train,meadow,1920x1080,none,691,17.2594,18.3377,1167
GOPR5848_004,train,meadow,1920x1080,none,691,18.3377,19.4834,1072
GOPR5848_004,train,meadow,1920x1080,none,691,19.4834,20.7007,986
GOPR5848_004,train,meadow,1920x1080,none,691,20.7007,21.994,948
GOPR5848_004,train,meadow,1920x1080,none,691,21.994,23.3681,1778
GOPR5848_004,train,meadow,1920x1080,none,691,23.3681,24.8281,718
GOPR5848_004,train,meadow,1920x1080,none,691,24.8281,26.3793,1390
GOPR5848_004,train,meadow,1920x1080,none,691,26.3793,28.0274,1167
GOPR5848_004,train,meadow,1920x1080,none,691,28.0274,29.7785,522
GOPR5848_004,train,meadow,1920x1080,none,691,29.7785,31.639,909
GOPR5848_004,train,meadow,1920x1080,none,691,31.639,33.6157,751
GOPR5848_004,train,meadow,1920x1080,none,691,33.6157,35.7159,668
GOPR5848_004,train,meadow,1920x1080,none,691,35.7159,37.9473,603
GOPR5848_004,train,meadow,1920x1080,none,691,37.9473,40.3182,747
GOPR5848_004,train,meadow,1920x1080,none,691,40.3182,42.8372,442
GOPR5848_004,train,meadow,1920x1080,none,691,42.8372,45.5135,636
GOPR5848_004,train,meadow,1920x1080,none,691,45.5135,48.3571,571
GOPR5848_004,train,meadow,1920x1080,none,691,48.3571,51.3783,490
GOPR5848_004,train,meadow,1920x1080,none,691,51.3783,54.5883,365
GOPR5848_004,train,meadow,1920x1080,none,691,54.5883,57.9988,378
GOPR5848_004,train,meadow,1920x1080,none,691,57.9988,61.6224,556
GOPR5848_004,train,meadow,1920x1080,none,691,61.6224,65.4724,534
GOPR5848_004,train,meadow,1920x1080,none,691,65.4724,69.563,465
GOPR5848_004,train,meadow,1920x1080,none,691,69.563,73.9091,336
GOPR5848_004,train,meadow,1920x1080,none,691,73.9091,78.5267,309
GOPR5848_004,train,meadow,1920x1080,none,691,78.5267,83.4329,273
GOPR5848_004,train,meadow,1920x1080,none,691,83.4329,88.6455,271
GOPR5848_004,train,meadow,1920x1080,none,691,88.6455,94.1839,258
GOPR5848_004,train,meadow,1920x1080,none,691,94.1839,100.0682,246
GOPR5848_004,train,meadow,1920x1080,none,691,100.0682,106.3202,190
GOPR5848_004,train,meadow,1920x1080,none,691,106.3202,112.9628,209
GOPR5848_004,train,meadow,1920x1080,none,691,112.9628,120.0205,251
GOPR5848_004,train,meadow,1920x1080,none,691,120.0205,127.519,242
GOPR5848_004,train,meadow,1920x1080,none,691,127.519,135.4861,184
GOPR5848_004,train,meadow,1920x1080,none,691,135.4861,143.9509,126
GOPR5848_004,train,meadow,1920x1080,none,691,143.9509,152.9446,106
GOPR5848_004,train,meadow,1920x1080,none,691,152.9446,162.5001,129
GOPR5848_004,train,meadow,1920x1080,none,691,162.5001,172.6527,150
GOPR5848_004,train,meadow,1920x1080,none,691,172.6527,183.4396,117
GOPR5848_004,train,meadow,1920x1080,none,691,183.4396,194.9004,136
GOPR5848_004,train,meadow,1920x1080,none,691,194.9004,207.0773,106
GOPR5848_004,train,meadow,1920x1080,none,691,207.0773,220.0149,111
GOPR5848_004,train,meadow,1920x1080,none,691,220.0149,233.7609,66
GOPR5848_004,train,meadow,1920x1080,none,691,233.7609,248.3657,105
GOPR5848_004,train,meadow,1920x1080,none,691,248.3657,263.8829,94
GOPR5848_004,train,meadow,1920x1080,none,691,263.8829,280.3696,75
GOPR5848_004,train,meadow,1920x1080,none,691,280.3696,297.8864,50
GOPR5848_004,train,meadow,1920x1080,none,691,297.8864,316.4975,49
GOPR5848_004,train,meadow,1920x1080,none,691,316.4975,336.2714,91
GOPR5848_004,train,meadow,1920x1080,none,691,336.2714,357.2808,75
GOPR5848_004,train,meadow,1920x1080,none,691,357.2808,379.6028,20
GOPR5848_004,train,meadow,1920x1080,none,691,379.6028,403.3193,24
GOPR5848_004,train,meadow,1920x1080,none,691,403.3193,428.5177,13
GOPR5848_004,train,meadow,1920x1080,none,691,428.5177,455.2903,43
GOPR5848_004,train,meadow,1920x1080,none,691,455.2903,483.7357,33
GOPR5848_004,train,meadow,1920x1080,none,691,483.7357,513.9582,49
GOPR5848_004,train,meadow,1920x1080,none,691,513.9582,546.069,67
GOPR5848_004,train,meadow,1920x1080,none,691,546.069,580.1859,42
GOPR5848_004,train,meadow,1920x1080,none,691,580.1859,616.4344,63
GOPR5848_004,train,meadow,1920x1080,none,691,616.4344,654.9476,62
GOPR5848_004,train,meadow,1920x1080,none,691,654.9476,695.867,16
GOPR5848_004,train,meadow,1920x1080,none,691,695.867,739.3429,26
GOPR5848_004,train,meadow,1920x1080,none,691,739.3429,785.5351,2
GOPR5848_004,train,meadow,1920x1080,none,691,785.5351,834.6133,5
GOPR5848_004,train,meadow,1920x1080,none,691,834.6133,886.7577,3
GOPR5848_004,train,meadow,1920x1080,none,691,886.7577,942.16,3
GOPR5848_004,train,meadow,1920x1080,none,691,942.16,1001.0237,6
GOPR5848_004,train,meadow,1920x1080,none,691,1001.0237,1063.565,3
GOPR5848_004,train,meadow,1920x1080,none,691,1063.565,1130.0138,2
GOPR5848_004,train,meadow,1920x1080,none,691,1200.6141,1275.6253,2
GOPR5848_004,train,meadow,1920x1080,none,691,1275.6253,1355.323,1
GOPR5848_004,train,meadow,1920x1080,none,691,1355.323,1440.0,1
GOPR5848_004,train,meadow,1920x1080,none,691,1440.0,1529.9674,2
GOPR5848_004,train,meadow,1920x1080,none,691,1529.9674,1625.5557,1
GOPR5848_004,train,meadow,1920x1080,none,691,1625.5557,1727.1162,1
GOPR5848_004,train,meadow,1920x1080,none,691,1949.6692,2071.4794,3
GOPR5848_004,train,meadow,1920x1080,none,691,2071.4794,2200.9,1
GOPR5848_004,train,meadow,1920x1080,none,691,2200.9,2338.4064,5
GOPR5848_004,train,meadow,1920x1080,none,691,2338.4064,2484.5039,2
GOPR5848_004,train,meadow,1920x1080,none,691,2484.5039,2639.7291,5
GOPR5848_004,train,meadow,1920x1080,none,691,2639.7291,2804.6525,3
GOPR5848_004,train,meadow,1920x1080,none,691,1951665.1031,2073600.0,4
gopro_000,train,gopro_fisheye,1920x1080,none,481,1.0,1.0625,3417292
gopro_000,train,gopro_fisheye,1920x1080,none,481,1.9477,2.0694,1242068
gopro_000,train,gopro_fisheye,1920x1080,none,481,2.9768,3.1628,652223
gopro_000,train,gopro_fisheye,1920x1080,none,481,3.7934,4.0304,424482
gopro_000,train,gopro_fisheye,1920x1080,none,481,4.8341,5.1361,294401
gopro_000,train,gopro_fisheye,1920x1080,none,481,5.7979,6.1601,219624
gopro_000,train,gopro_fisheye,1920x1080,none,481,6.9539,7.3884,168940
gopro_000,train,gopro_fisheye,1920x1080,none,481,7.85,8.3404,133865
gopro_000,train,gopro_fisheye,1920x1080,none,481,8.8615,9.4152,108151
gopro_000,train,gopro_fisheye,1920x1080,none,481,9.4152,10.0034,89387
gopro_000,train,gopro_fisheye,1920x1080,none,481,10.6284,11.2924,74256
gopro_000,train,gopro_fisheye,1920x1080,none,481,11.998,12.7476,62919
gopro_000,train,gopro_fisheye,1920x1080,none,481,12.7476,13.544,54398
gopro_000,train,gopro_fisheye,1920x1080,none,481,13.544,14.3902,46991
gopro_000,train,gopro_fisheye,1920x1080,none,481,14.3902,15.2892,40370
gopro_000,train,gopro_fisheye,1920x1080,none,481,15.2892,16.2445,36027
gopro_000,train,gopro_fisheye,1920x1080,none,481,16.2445,17.2594,31877
gopro_000,train,gopro_fisheye,1920x1080,none,481,17.2594,18.3377,28406
gopro_000,train,gopro_fisheye,1920x1080,none,481,18.3377,19.4834,25550
gopro_000,train,gopro_fisheye,1920x1080,none,481,19.4834,20.7007,22978
gopro_000,train,gopro_fisheye,1920x1080,none,481,20.7007,21.994,20659
gopro_000,train,gopro_fisheye,1920x1080,none,481,21.994,23.3681,36134
gopro_000,train,gopro_fisheye,1920x1080,none,481,23.3681,24.8281,15742
gopro_000,train,gopro_fisheye,1920x1080,none,481,24.8281,26.3793,27839
gopro_000,train,gopro_fisheye,1920x1080,none,481,26.3793,28.0274,23591
gopro_000,train,gopro_fisheye,1920x1080,none,481,28.0274,29.7785,10664
gopro_000,train,gopro_fisheye,1920x1080,none,481,29.7785,31.639,19057
gopro_000,train,gopro_fisheye,1920x1080,none,481,31.639,33.6157,16549
gopro_000,train,gopro_fisheye,1920x1080,none,481,33.6157,35.7159,14621
gopro_000,train,gopro_fisheye,1920x1080,none,481,35.7159,37.9473,12840
gopro_000,train,gopro_fisheye,1920x1080,none,481,37.9473,40.3182,16768
gopro_000,train,gopro_fisheye,1920x1080,none,481,40.3182,42.8372,9497
gopro_000,train,gopro_fisheye,1920x1080,none,481,42.8372,45.5135,12624
gopro_000,train,gopro_fisheye,1920x1080,none,481,45.5135,48.3571,10976
gopro_000,train,gopro_fisheye,1920x1080,none,481,48.3571,51.3783,9645
gopro_000,train,gopro_fisheye,1920x1080,none,481,51.3783,54.5883,8712
gopro_000,train,gopro_fisheye,1920x1080,none,481,54.5883,57.9988,7601
gopro_000,train,gopro_fisheye,1920x1080,none,481,57.9988,61.6224,8867
gopro_000,train,gopro_fisheye,1920x1080,none,481,61.6224,65.4724,7645
gopro_000,train,gopro_fisheye,1920x1080,none,481,65.4724,69.563,6905
gopro_000,train,gopro_fisheye,1920x1080,none,481,69.563,73.9091,6024
gopro_000,train,gopro_fisheye,1920x1080,none,481,73.9091,78.5267,6455
gopro_000,train,gopro_fisheye,1920x1080,none,481,78.5267,83.4329,5520
gopro_000,train,gopro_fisheye,1920x1080,none,481,83.4329,88.6455,4948
gopro_000,train,gopro_fisheye,1920x1080,none,481,88.6455,94.1839,5214
gopro_000,train,gopro_fisheye,1920x1080,none,481,94.1839,100.0682,4573
gopro_000,train,gopro_fisheye,1920x1080,none,481,100.0682,106.3202,3909
gopro_000,train,gopro_fisheye,1920x1080,none,481,106.3202,112.9628,3505
gopro_000,train,gopro_fisheye,1920x1080,none,481,112.9628,120.0205,4042
gopro_000,train,gopro_fisheye,1920x1080,none,481,120.0205,127.519,3126
gopro_000,train,gopro_fisheye,1920x1080,none,481,127.519,135.4861,3173
gopro_000,train,gopro_fisheye,1920x1080,none,481,135.4861,143.9509,2777
gopro_000,train,gopro_fisheye,1920x1080,none,481,143.9509,152.9446,2717
gopro_000,train,gopro_fisheye,1920x1080,none,481,152.9446,162.5001,2734
gopro_000,train,gopro_fisheye,1920x1080,none,481,162.5001,172.6527,2334
gopro_000,train,gopro_fisheye,1920x1080,none,481,172.6527,183.4396,2398
gopro_000,train,gopro_fisheye,1920x1080,none,481,183.4396,194.9004,2150
gopro_000,train,gopro_fisheye,1920x1080,none,481,194.9004,207.0773,2185
gopro_000,train,gopro_fisheye,1920x1080,none,481,207.0773,220.0149,1935
gopro_000,train,gopro_fisheye,1920x1080,none,481,220.0149,233.7609,1548
gopro_000,train,gopro_fisheye,1920x1080,none,481,233.7609,248.3657,1690
gopro_000,train,gopro_fisheye,1920x1080,none,481,248.3657,263.8829,1479
gopro_000,train,gopro_fisheye,1920x1080,none,481,263.8829,280.3696,1387
gopro_000,train,gopro_fisheye,1920x1080,none,481,280.3696,297.8864,1139
gopro_000,train,gopro_fisheye,1920x1080,none,481,297.8864,316.4975,1150
gopro_000,train,gopro_fisheye,1920x1080,none,481,316.4975,336.2714,1099
gopro_000,train,gopro_fisheye,1920x1080,none,481,336.2714,357.2808,1077
gopro_000,train,gopro_fisheye,1920x1080,none,481,357.2808,379.6028,959
gopro_000,train,gopro_fisheye,1920x1080,none,481,379.6028,403.3193,935
gopro_000,train,gopro_fisheye,1920x1080,none,481,403.3193,428.5177,834
gopro_000,train,gopro_fisheye,1920x1080,none,481,428.5177,455.2903,773
gopro_000,train,gopro_fisheye,1920x1080,none,481,455.2903,483.7357,712
gopro_000,train,gopro_fisheye,1920x1080,none,481,483.7357,513.9582,703
gopro_000,train,gopro_fisheye,1920x1080,none,481,513.9582,546.069,662
gopro_000,train,gopro_fisheye,1920x1080,none,481,546.069,580.1859,630
gopro_000,train,gopro_fisheye,1920x1080,none,481,580.1859,616.4344,617
gopro_000,train,gopro_fisheye,1920x1080,none,481,616.4344,654.9476,575
gopro_000,train,gopro_fisheye,1920x1080,none,481,654.9476,695.867,549
gopro_000,train,gopro_fisheye,1920x1080,none,481,695.867,739.3429,516
gopro_000,train,gopro_fisheye,1920x1080,none,481,739.3429,785.5351,380
gopro_000,train,gopro_fisheye,1920x1080,none,481,785.5351,834.6133,382
gopro_000,train,gopro_fisheye,1920x1080,none,481,834.6133,886.7577,328
gopro_000,train,gopro_fisheye,1920x1080,none,481,886.7577,942.16,326
gopro_000,train,gopro_fisheye,1920x1080,none,481,942.16,1001.0237,261
gopro_000,train,gopro_fisheye,1920x1080,none,481,1001.0237,1063.565,220
gopro_000,train,gopro_fisheye,1920x1080,none,481,1063.565,1130.0138,232
gopro_000,train,gopro_fisheye,1920x1080,none,481,1130.0138,1200.6141,229
gopro_000,train,gopro_fisheye,1920x1080,none,481,1200.6141,1275.6253,190
gopro_000,train,gopro_fisheye,1920x1080,none,481,1275.6253,1355.323,208
gopro_000,train,gopro_fisheye,1920x1080,none,481,1355.323,1440.0,155
gopro_000,train,gopro_fisheye,1920x1080,none,481,1440.0,1529.9674,130
gopro_000,train,gopro_fisheye,1920x1080,none,481,1529.9674,1625.5557,119
gopro_000,train,gopro_fisheye,1920x1080,none,481,1625.5557,1727.1162,117
gopro_000,train,gopro_fisheye,1920x1080,none,481,1727.1162,1835.0219,115
gopro_000,train,gopro_fisheye,1920x1080,none,481,1835.0219,1949.6692,109
gopro_000,train,gopro_fisheye,1920x1080,none,481,1949.6692,2071.4794,100
gopro_000,train,gopro_fisheye,1920x1080,none,481,2071.4794,2200.9,103
gopro_000,train,gopro_fisheye,1920x1080,none,481,2200.9,2338.4064,86
gopro_000,train,gopro_fisheye,1920x1080,none,481,2338.4064,2484.5039,93
gopro_000,train,gopro_fisheye,1920x1080,none,481,2484.5039,2639.7291,103
gopro_000,train,gopro_fisheye,1920x1080,none,481,2639.7291,2804.6525,79
gopro_000,train,gopro_fisheye,1920x1080,none,481,2804.6525,2979.8798,57
gopro_000,train,gopro_fisheye,1920x1080,none,481,2979.8798,3166.0548,74
gopro_000,train,gopro_fisheye,1920x1080,none,481,3166.0548,3363.8616,58
gopro_000,train,gopro_fisheye,1920x1080,none,481,3363.8616,3574.0268,55
gopro_000,train,gopro_fisheye,1920x1080,none,481,3574.0268,3797.3226,50
gopro_000,train,gopro_fisheye,1920x1080,none,481,3797.3226,4034.5693,53
gopro_000,train,gopro_fisheye,1920x1080,none,481,4034.5693,4286.6386,59
gopro_000,train,gopro_fisheye,1920x1080,none,481,4286.6386,4554.4564,77
gopro_000,train,gopro_fisheye,1920x1080,none,481,4554.4564,4839.0069,64
gopro_000,train,gopro_fisheye,1920x1080,none,481,4839.0069,5141.3353,46
gopro_000,train,gopro_fisheye,1920x1080,none,481,5141.3353,5462.5524,67
gopro_000,train,gopro_fisheye,1920x1080,none,481,5462.5524,5803.8383,48
gopro_000,train,gopro_fisheye,1920x1080,none,481,5803.8383,6166.4468,60
gopro_000,train,gopro_fisheye,1920x1080,none,481,6166.4468,6551.7102,46
gopro_000,train,gopro_fisheye,1920x1080,none,481,6551.7102,6961.0438,45
gopro_000,train,gopro_fisheye,1920x1080,none,481,6961.0438,7395.9515,63
gopro_000,train,gopro_fisheye,1920x1080,none,481,7395.9515,7858.031,73
gopro_000,train,gopro_fisheye,1920x1080,none,481,7858.031,8348.9801,45
gopro_000,train,gopro_fisheye,1920x1080,none,481,8348.9801,8870.6024,29
gopro_000,train,gopro_fisheye,1920x1080,none,481,8870.6024,9424.8143,33
gopro_000,train,gopro_fisheye,1920x1080,none,481,9424.8143,10013.6519,32
gopro_000,train,gopro_fisheye,1920x1080,none,481,10013.6519,10639.2785,23
gopro_000,train,gopro_fisheye,1920x1080,none,481,10639.2785,11303.9926,11
gopro_000,train,gopro_fisheye,1920x1080,none,481,11303.9926,12010.2363,24
gopro_000,train,gopro_fisheye,1920x1080,none,481,12010.2363,12760.6042,14
gopro_000,train,gopro_fisheye,1920x1080,none,481,12760.6042,13557.8532,23
gopro_000,train,gopro_fisheye,1920x1080,none,481,13557.8532,14404.9122,22
gopro_000,train,gopro_fisheye,1920x1080,none,481,14404.9122,15304.8932,40
gopro_000,train,gopro_fisheye,1920x1080,none,481,15304.8932,16261.1026,45
gopro_000,train,gopro_fisheye,1920x1080,none,481,16261.1026,17277.0535,30
gopro_000,train,gopro_fisheye,1920x1080,none,481,17277.0535,18356.4783,11
gopro_000,train,gopro_fisheye,1920x1080,none,481,18356.4783,19503.3427,15
gopro_000,train,gopro_fisheye,1920x1080,none,481,19503.3427,20721.8602,11
gopro_000,train,gopro_fisheye,1920x1080,none,481,20721.8602,22016.5075,16
gopro_000,train,gopro_fisheye,1920x1080,none,481,22016.5075,23392.0409,17
gopro_000,train,gopro_fisheye,1920x1080,none,481,23392.0409,24853.514,12
gopro_000,train,gopro_fisheye,1920x1080,none,481,24853.514,26406.2961,20
gopro_000,train,gopro_fisheye,1920x1080,none,481,26406.2961,28056.092,13
gopro_000,train,gopro_fisheye,1920x1080,none,481,28056.092,29808.9627,11
gopro_000,train,gopro_fisheye,1920x1080,none,481,29808.9627,31671.3482,8
gopro_000,train,gopro_fisheye,1920x1080,none,481,31671.3482,33650.0907,15
gopro_000,train,gopro_fisheye,1920x1080,none,481,33650.0907,35752.4597,11
gopro_000,train,gopro_fisheye,1920x1080,none,481,35752.4597,37986.1793,12
gopro_000,train,gopro_fisheye,1920x1080,none,481,37986.1793,40359.4557,13
gopro_000,train,gopro_fisheye,1920x1080,none,481,40359.4557,42881.0083,10
gopro_000,train,gopro_fisheye,1920x1080,none,481,42881.0083,45560.1008,4
gopro_000,train,gopro_fisheye,1920x1080,none,481,45560.1008,48406.5759,11
gopro_000,train,gopro_fisheye,1920x1080,none,481,48406.5759,51430.8913,5
gopro_000,train,gopro_fisheye,1920x1080,none,481,58058.1811,61685.5034,2
gopro_000,train,gopro_fisheye,1920x1080,none,481,61685.5034,65539.4512,5
gopro_000,train,gopro_fisheye,1920x1080,none,481,65539.4512,69634.1835,3
gopro_000,train,gopro_fisheye,1920x1080,none,481,69634.1835,73984.744,4
gopro_000,train,gopro_fisheye,1920x1080,none,481,73984.744,78607.116,4
gopro_000,train,gopro_fisheye,1920x1080,none,481,78607.116,83518.2816,2
gopro_000,train,gopro_fisheye,1920x1080,none,481,83518.2816,88736.284,1
gopro_000,train,gopro_fisheye,1920x1080,none,481,88736.284,94280.2933,1
gopro_000,train,gopro_fisheye,1920x1080,none,481,94280.2933,100170.6778,1
gopro_000,train,gopro_fisheye,1920x1080,none,481,1951665.1031,2073600.0,4
gopro_001,train,gopro_fisheye,1920x1080,none,481,1.0,1.0625,2498172
gopro_001,train,gopro_fisheye,1920x1080,none,481,1.9477,2.0694,1022452
gopro_001,train,gopro_fisheye,1920x1080,none,481,2.9768,3.1628,575100
gopro_001,train,gopro_fisheye,1920x1080,none,481,3.7934,4.0304,392165
gopro_001,train,gopro_fisheye,1920x1080,none,481,4.8341,5.1361,277129
gopro_001,train,gopro_fisheye,1920x1080,none,481,5.7979,6.1601,210297
gopro_001,train,gopro_fisheye,1920x1080,none,481,6.9539,7.3884,163205
gopro_001,train,gopro_fisheye,1920x1080,none,481,7.85,8.3404,131377
gopro_001,train,gopro_fisheye,1920x1080,none,481,8.8615,9.4152,106778
gopro_001,train,gopro_fisheye,1920x1080,none,481,9.4152,10.0034,88173
gopro_001,train,gopro_fisheye,1920x1080,none,481,10.6284,11.2924,74509
gopro_001,train,gopro_fisheye,1920x1080,none,481,11.998,12.7476,63150
gopro_001,train,gopro_fisheye,1920x1080,none,481,12.7476,13.544,54606
gopro_001,train,gopro_fisheye,1920x1080,none,481,13.544,14.3902,47110
gopro_001,train,gopro_fisheye,1920x1080,none,481,14.3902,15.2892,41576
gopro_001,train,gopro_fisheye,1920x1080,none,481,15.2892,16.2445,36250
gopro_001,train,gopro_fisheye,1920x1080,none,481,16.2445,17.2594,32244
gopro_001,train,gopro_fisheye,1920x1080,none,481,17.2594,18.3377,28787
gopro_001,train,gopro_fisheye,1920x1080,none,481,18.3377,19.4834,25812
gopro_001,train,gopro_fisheye,1920x1080,none,481,19.4834,20.7007,23726
gopro_001,train,gopro_fisheye,1920x1080,none,481,20.7007,21.994,21156
gopro_001,train,gopro_fisheye,1920x1080,none,481,21.994,23.3681,36939
gopro_001,train,gopro_fisheye,1920x1080,none,481,23.3681,24.8281,16411
gopro_001,train,gopro_fisheye,1920x1080,none,481,24.8281,26.3793,28352
gopro_001,train,gopro_fisheye,1920x1080,none,481,26.3793,28.0274,24256
gopro_001,train,gopro_fisheye,1920x1080,none,481,28.0274,29.7785,10909
gopro_001,train,gopro_fisheye,1920x1080,none,481,29.7785,31.639,19538
gopro_001,train,gopro_fisheye,1920x1080,none,481,31.639,33.6157,17173
gopro_001,train,gopro_fisheye,1920x1080,none,481,33.6157,35.7159,15240
gopro_001,train,gopro_fisheye,1920x1080,none,481,35.7159,37.9473,13397
gopro_001,train,gopro_fisheye,1920x1080,none,481,37.9473,40.3182,17343
gopro_001,train,gopro_fisheye,1920x1080,none,481,40.3182,42.8372,10039
gopro_001,train,gopro_fisheye,1920x1080,none,481,42.8372,45.5135,13328
gopro_001,train,gopro_fisheye,1920x1080,none,481,45.5135,48.3571,11640
gopro_001,train,gopro_fisheye,1920x1080,none,481,48.3571,51.3783,10155
gopro_001,train,gopro_fisheye,1920x1080,none,481,51.3783,54.5883,8870
gopro_001,train,gopro_fisheye,1920x1080,none,481,54.5883,57.9988,7968
gopro_001,train,gopro_fisheye,1920x1080,none,481,57.9988,61.6224,9299
gopro_001,train,gopro_fisheye,1920x1080,none,481,61.6224,65.4724,8059
gopro_001,train,gopro_fisheye,1920x1080,none,481,65.4724,69.563,7094
gopro_001,train,gopro_fisheye,1920x1080,none,481,69.563,73.9091,6248
gopro_001,train,gopro_fisheye,1920x1080,none,481,73.9091,78.5267,6898
gopro_001,train,gopro_fisheye,1920x1080,none,481,78.5267,83.4329,5766
gopro_001,train,gopro_fisheye,1920x1080,none,481,83.4329,88.6455,5041
gopro_001,train,gopro_fisheye,1920x1080,none,481,88.6455,94.1839,5510
gopro_001,train,gopro_fisheye,1920x1080,none,481,94.1839,100.0682,4733
gopro_001,train,gopro_fisheye,1920x1080,none,481,100.0682,106.3202,4090
gopro_001,train,gopro_fisheye,1920x1080,none,481,106.3202,112.9628,3632
gopro_001,train,gopro_fisheye,1920x1080,none,481,112.9628,120.0205,4144
gopro_001,train,gopro_fisheye,1920x1080,none,481,120.0205,127.519,3351
gopro_001,train,gopro_fisheye,1920x1080,none,481,127.519,135.4861,3268
gopro_001,train,gopro_fisheye,1920x1080,none,481,135.4861,143.9509,2936
gopro_001,train,gopro_fisheye,1920x1080,none,481,143.9509,152.9446,2878
gopro_001,train,gopro_fisheye,1920x1080,none,481,152.9446,162.5001,2803
gopro_001,train,gopro_fisheye,1920x1080,none,481,162.5001,172.6527,2463
gopro_001,train,gopro_fisheye,1920x1080,none,481,172.6527,183.4396,2297
gopro_001,train,gopro_fisheye,1920x1080,none,481,183.4396,194.9004,2229
gopro_001,train,gopro_fisheye,1920x1080,none,481,194.9004,207.0773,2276
gopro_001,train,gopro_fisheye,1920x1080,none,481,207.0773,220.0149,1949
gopro_001,train,gopro_fisheye,1920x1080,none,481,220.0149,233.7609,1673
gopro_001,train,gopro_fisheye,1920x1080,none,481,233.7609,248.3657,1627
gopro_001,train,gopro_fisheye,1920x1080,none,481,248.3657,263.8829,1378
gopro_001,train,gopro_fisheye,1920x1080,none,481,263.8829,280.3696,1354
gopro_001,train,gopro_fisheye,1920x1080,none,481,280.3696,297.8864,1211
gopro_001,train,gopro_fisheye,1920x1080,none,481,297.8864,316.4975,1127
gopro_001,train,gopro_fisheye,1920x1080,none,481,316.4975,336.2714,1102
gopro_001,train,gopro_fisheye,1920x1080,none,481,336.2714,357.2808,972
gopro_001,train,gopro_fisheye,1920x1080,none,481,357.2808,379.6028,943
gopro_001,train,gopro_fisheye,1920x1080,none,481,379.6028,403.3193,842
gopro_001,train,gopro_fisheye,1920x1080,none,481,403.3193,428.5177,712
gopro_001,train,gopro_fisheye,1920x1080,none,481,428.5177,455.2903,663
gopro_001,train,gopro_fisheye,1920x1080,none,481,455.2903,483.7357,596
gopro_001,train,gopro_fisheye,1920x1080,none,481,483.7357,513.9582,532
gopro_001,train,gopro_fisheye,1920x1080,none,481,513.9582,546.069,490
gopro_001,train,gopro_fisheye,1920x1080,none,481,546.069,580.1859,422
gopro_001,train,gopro_fisheye,1920x1080,none,481,580.1859,616.4344,413
gopro_001,train,gopro_fisheye,1920x1080,none,481,616.4344,654.9476,471
gopro_001,train,gopro_fisheye,1920x1080,none,481,654.9476,695.867,368
gopro_001,train,gopro_fisheye,1920x1080,none,481,695.867,739.3429,410
gopro_001,train,gopro_fisheye,1920x1080,none,481,739.3429,785.5351,371
gopro_001,train,gopro_fisheye,1920x1080,none,481,785.5351,834.6133,335
gopro_001,train,gopro_fisheye,1920x1080,none,481,834.6133,886.7577,284
gopro_001,train,gopro_fisheye,1920x1080,none,481,886.7577,942.16,318
gopro_001,train,gopro_fisheye,1920x1080,none,481,942.16,1001.0237,241
gopro_001,train,gopro_fisheye,1920x1080,none,481,1001.0237,1063.565,229
gopro_001,train,gopro_fisheye,1920x1080,none,481,1063.565,1130.0138,221
gopro_001,train,gopro_fisheye,1920x1080,none,481,1130.0138,1200.6141,210
gopro_001,train,gopro_fisheye,1920x1080,none,481,1200.6141,1275.6253,185
gopro_001,train,gopro_fisheye,1920x1080,none,481,1275.6253,1355.323,180
gopro_001,train,gopro_fisheye,1920x1080,none,481,1355.323,1440.0,164
gopro_001,train,gopro_fisheye,1920x1080,none,481,1440.0,1529.9674,152
gopro_001,train,gopro_fisheye,1920x1080,none,481,1529.9674,1625.5557,113
gopro_001,train,gopro_fisheye,1920x1080,none,481,1625.5557,1727.1162,132
gopro_001,train,gopro_fisheye,1920x1080,none,481,1727.1162,1835.0219,104
gopro_001,train,gopro_fisheye,1920x1080,none,481,1835.0219,1949.6692,129
gopro_001,train,gopro_fisheye,1920x1080,none,481,1949.6692,2071.4794,103
gopro_001,train,gopro_fisheye,1920x1080,none,481,2071.4794,2200.9,91
gopro_001,train,gopro_fisheye,1920x1080,none,481,2200.9,2338.4064,93
gopro_001,train,gopro_fisheye,1920x1080,none,481,2338.4064,2484.5039,84
gopro_001,train,gopro_fisheye,1920x1080,none,481,2484.5039,2639.7291,100
gopro_001,train,gopro_fisheye,1920x1080,none,481,2639.7291,2804.6525,68
gopro_001,train,gopro_fisheye,1920x1080,none,481,2804.6525,2979.8798,74
gopro_001,train,gopro_fisheye,1920x1080,none,481,2979.8798,3166.0548,77
gopro_001,train,gopro_fisheye,1920x1080,none,481,3166.0548,3363.8616,60
gopro_001,train,gopro_fisheye,1920x1080,none,481,3363.8616,3574.0268,77
gopro_001,train,gopro_fisheye,1920x1080,none,481,3574.0268,3797.3226,52
gopro_001,train,gopro_fisheye,1920x1080,none,481,3797.3226,4034.5693,42
gopro_001,train,gopro_fisheye,1920x1080,none,481,4034.5693,4286.6386,46
gopro_001,train,gopro_fisheye,1920x1080,none,481,4286.6386,4554.4564,48
gopro_001,train,gopro_fisheye,1920x1080,none,481,4554.4564,4839.0069,34
gopro_001,train,gopro_fisheye,1920x1080,none,481,4839.0069,5141.3353,27
gopro_001,train,gopro_fisheye,1920x1080,none,481,5141.3353,5462.5524,21
gopro_001,train,gopro_fisheye,1920x1080,none,481,5462.5524,5803.8383,27
gopro_001,train,gopro_fisheye,1920x1080,none,481,5803.8383,6166.4468,22
gopro_001,train,gopro_fisheye,1920x1080,none,481,6166.4468,6551.7102,22
gopro_001,train,gopro_fisheye,1920x1080,none,481,6551.7102,6961.0438,28
gopro_001,train,gopro_fisheye,1920x1080,none,481,6961.0438,7395.9515,23
gopro_001,train,gopro_fisheye,1920x1080,none,481,7395.9515,7858.031,30
gopro_001,train,gopro_fisheye,1920x1080,none,481,7858.031,8348.9801,21
gopro_001,train,gopro_fisheye,1920x1080,none,481,8348.9801,8870.6024,18
gopro_001,train,gopro_fisheye,1920x1080,none,481,8870.6024,9424.8143,21
gopro_001,train,gopro_fisheye,1920x1080,none,481,9424.8143,10013.6519,25
gopro_001,train,gopro_fisheye,1920x1080,none,481,10013.6519,10639.2785,33
gopro_001,train,gopro_fisheye,1920x1080,none,481,10639.2785,11303.9926,25
gopro_001,train,gopro_fisheye,1920x1080,none,481,11303.9926,12010.2363,21
gopro_001,train,gopro_fisheye,1920x1080,none,481,12010.2363,12760.6042,33
gopro_001,train,gopro_fisheye,1920x1080,none,481,12760.6042,13557.8532,24
gopro_001,train,gopro_fisheye,1920x1080,none,481,13557.8532,14404.9122,14
gopro_001,train,gopro_fisheye,1920x1080,none,481,14404.9122,15304.8932,16
gopro_001,train,gopro_fisheye,1920x1080,none,481,15304.8932,16261.1026,6
gopro_001,train,gopro_fisheye,1920x1080,none,481,16261.1026,17277.0535,14
gopro_001,train,gopro_fisheye,1920x1080,none,481,17277.0535,18356.4783,11
gopro_001,train,gopro_fisheye,1920x1080,none,481,18356.4783,19503.3427,7
gopro_001,train,gopro_fisheye,1920x1080,none,481,19503.3427,20721.8602,9
gopro_001,train,gopro_fisheye,1920x1080,none,481,20721.8602,22016.5075,5
gopro_001,train,gopro_fisheye,1920x1080,none,481,22016.5075,23392.0409,5
gopro_001,train,gopro_fisheye,1920x1080,none,481,23392.0409,24853.514,5
gopro_001,train,gopro_fisheye,1920x1080,none,481,24853.514,26406.2961,2
gopro_001,train,gopro_fisheye,1920x1080,none,481,29808.9627,31671.3482,4
gopro_001,train,gopro_fisheye,1920x1080,none,481,1951665.1031,2073600.0,4
gopro_002,train,gopro_fisheye,1920x1080,none,319,1.0,1.0625,243131
gopro_002,train,gopro_fisheye,1920x1080,none,319,1.9477,2.0694,74787
gopro_002,train,gopro_fisheye,1920x1080,none,319,2.9768,3.1628,33472
gopro_002,train,gopro_fisheye,1920x1080,none,319,3.7934,4.0304,19225
gopro_002,train,gopro_fisheye,1920x1080,none,319,4.8341,5.1361,11893
gopro_002,train,gopro_fisheye,1920x1080,none,319,5.7979,6.1601,8015
gopro_002,train,gopro_fisheye,1920x1080,none,319,6.9539,7.3884,5442
gopro_002,train,gopro_fisheye,1920x1080,none,319,7.85,8.3404,4048
gopro_002,train,gopro_fisheye,1920x1080,none,319,8.8615,9.4152,3158
gopro_002,train,gopro_fisheye,1920x1080,none,319,9.4152,10.0034,2355
gopro_002,train,gopro_fisheye,1920x1080,none,319,10.6284,11.2924,1881
gopro_002,train,gopro_fisheye,1920x1080,none,319,11.998,12.7476,1514
gopro_002,train,gopro_fisheye,1920x1080,none,319,12.7476,13.544,1291
gopro_002,train,gopro_fisheye,1920x1080,none,319,13.544,14.3902,1094
gopro_002,train,gopro_fisheye,1920x1080,none,319,14.3902,15.2892,866
gopro_002,train,gopro_fisheye,1920x1080,none,319,15.2892,16.2445,740
gopro_002,train,gopro_fisheye,1920x1080,none,319,16.2445,17.2594,667
gopro_002,train,gopro_fisheye,1920x1080,none,319,17.2594,18.3377,563
gopro_002,train,gopro_fisheye,1920x1080,none,319,18.3377,19.4834,523
gopro_002,train,gopro_fisheye,1920x1080,none,319,19.4834,20.7007,414
gopro_002,train,gopro_fisheye,1920x1080,none,319,20.7007,21.994,372
gopro_002,train,gopro_fisheye,1920x1080,none,319,21.994,23.3681,668
gopro_002,train,gopro_fisheye,1920x1080,none,319,23.3681,24.8281,292
gopro_002,train,gopro_fisheye,1920x1080,none,319,24.8281,26.3793,565
gopro_002,train,gopro_fisheye,1920x1080,none,319,26.3793,28.0274,456
gopro_002,train,gopro_fisheye,1920x1080,none,319,28.0274,29.7785,210
gopro_002,train,gopro_fisheye,1920x1080,none,319,29.7785,31.639,337
gopro_002,train,gopro_fisheye,1920x1080,none,319,31.639,33.6157,283
gopro_002,train,gopro_fisheye,1920x1080,none,319,33.6157,35.7159,275
gopro_002,train,gopro_fisheye,1920x1080,none,319,35.7159,37.9473,222
gopro_002,train,gopro_fisheye,1920x1080,none,319,37.9473,40.3182,295
gopro_002,train,gopro_fisheye,1920x1080,none,319,40.3182,42.8372,189
gopro_002,train,gopro_fisheye,1920x1080,none,319,42.8372,45.5135,246
gopro_002,train,gopro_fisheye,1920x1080,none,319,45.5135,48.3571,187
gopro_002,train,gopro_fisheye,1920x1080,none,319,48.3571,51.3783,202
gopro_002,train,gopro_fisheye,1920x1080,none,319,51.3783,54.5883,151
gopro_002,train,gopro_fisheye,1920x1080,none,319,54.5883,57.9988,147
gopro_002,train,gopro_fisheye,1920x1080,none,319,57.9988,61.6224,156
gopro_002,train,gopro_fisheye,1920x1080,none,319,61.6224,65.4724,119
gopro_002,train,gopro_fisheye,1920x1080,none,319,65.4724,69.563,104
gopro_002,train,gopro_fisheye,1920x1080,none,319,69.563,73.9091,97
gopro_002,train,gopro_fisheye,1920x1080,none,319,73.9091,78.5267,98
gopro_002,train,gopro_fisheye,1920x1080,none,319,78.5267,83.4329,88
gopro_002,train,gopro_fisheye,1920x1080,none,319,83.4329,88.6455,78
gopro_002,train,gopro_fisheye,1920x1080,none,319,88.6455,94.1839,53
gopro_002,train,gopro_fisheye,1920x1080,none,319,94.1839,100.0682,42
gopro_002,train,gopro_fisheye,1920x1080,none,319,100.0682,106.3202,28
gopro_002,train,gopro_fisheye,1920x1080,none,319,106.3202,112.9628,41
gopro_002,train,gopro_fisheye,1920x1080,none,319,112.9628,120.0205,35
gopro_002,train,gopro_fisheye,1920x1080,none,319,120.0205,127.519,38
gopro_002,train,gopro_fisheye,1920x1080,none,319,127.519,135.4861,27
gopro_002,train,gopro_fisheye,1920x1080,none,319,135.4861,143.9509,34
gopro_002,train,gopro_fisheye,1920x1080,none,319,143.9509,152.9446,31
gopro_002,train,gopro_fisheye,1920x1080,none,319,152.9446,162.5001,24
gopro_002,train,gopro_fisheye,1920x1080,none,319,162.5001,172.6527,22
gopro_002,train,gopro_fisheye,1920x1080,none,319,172.6527,183.4396,14
gopro_002,train,gopro_fisheye,1920x1080,none,319,183.4396,194.9004,21
gopro_002,train,gopro_fisheye,1920x1080,none,319,194.9004,207.0773,18
gopro_002,train,gopro_fisheye,1920x1080,none,319,207.0773,220.0149,10
gopro_002,train,gopro_fisheye,1920x1080,none,319,220.0149,233.7609,18
gopro_002,train,gopro_fisheye,1920x1080,none,319,233.7609,248.3657,6
gopro_002,train,gopro_fisheye,1920x1080,none,319,248.3657,263.8829,5
gopro_002,train,gopro_fisheye,1920x1080,none,319,263.8829,280.3696,6
gopro_002,train,gopro_fisheye,1920x1080,none,319,280.3696,297.8864,6
gopro_002,train,gopro_fisheye,1920x1080,none,319,297.8864,316.4975,2
gopro_002,train,gopro_fisheye,1920x1080,none,319,336.2714,357.2808,3
gopro_002,train,gopro_fisheye,1920x1080,none,319,357.2808,379.6028,1
gopro_002,train,gopro_fisheye,1920x1080,none,319,379.6028,403.3193,1
gopro_002,train,gopro_fisheye,1920x1080,none,319,483.7357,513.9582,1
gopro_002,train,gopro_fisheye,1920x1080,none,319,513.9582,546.069,2
gopro_002,train,gopro_fisheye,1920x1080,none,319,546.069,580.1859,1
gopro_002,train,gopro_fisheye,1920x1080,none,319,654.9476,695.867,1
gopro_002,train,gopro_fisheye,1920x1080,none,319,695.867,739.3429,1
gopro_002,train,gopro_fisheye,1920x1080,none,319,739.3429,785.5351,2
gopro_002,train,gopro_fisheye,1920x1080,none,319,886.7577,942.16,1
gopro_002,train,gopro_fisheye,1920x1080,none,319,942.16,1001.0237,3
gopro_002,train,gopro_fisheye,1920x1080,none,319,1001.0237,1063.565,1
gopro_002,train,gopro_fisheye,1920x1080,none,319,1063.565,1130.0138,1
gopro_002,train,gopro_fisheye,1920x1080,none,319,1130.0138,1200.6141,2
gopro_002,train,gopro_fisheye,1920x1080,none,319,1200.6141,1275.6253,3
gopro_002,train,gopro_fisheye,1920x1080,none,319,1275.6253,1355.323,6
gopro_002,train,gopro_fisheye,1920x1080,none,319,1355.323,1440.0,7
gopro_002,train,gopro_fisheye,1920x1080,none,319,1440.0,1529.9674,2
gopro_002,train,gopro_fisheye,1920x1080,none,319,1951665.1031,2073600.0,4
gopro_003,train,gopro_fisheye,1920x1080,none,555,1.0,1.0625,556408
gopro_003,train,gopro_fisheye,1920x1080,none,555,1.9477,2.0694,193342
gopro_003,train,gopro_fisheye,1920x1080,none,555,2.9768,3.1628,91473
gopro_003,train,gopro_fisheye,1920x1080,none,555,3.7934,4.0304,53499
gopro_003,train,gopro_fisheye,1920x1080,none,555,4.8341,5.1361,33635
gopro_003,train,gopro_fisheye,1920x1080,none,555,5.7979,6.1601,22603
gopro_003,train,gopro_fisheye,1920x1080,none,555,6.9539,7.3884,15340
gopro_003,train,gopro_fisheye,1920x1080,none,555,7.85,8.3404,11801
gopro_003,train,gopro_fisheye,1920x1080,none,555,8.8615,9.4152,8857
gopro_003,train,gopro_fisheye,1920x1080,none,555,9.4152,10.0034,7000
gopro_003,train,gopro_fisheye,1920x1080,none,555,10.6284,11.2924,5763
gopro_003,train,gopro_fisheye,1920x1080,none,555,11.998,12.7476,4712
gopro_003,train,gopro_fisheye,1920x1080,none,555,12.7476,13.544,3932
gopro_003,train,gopro_fisheye,1920x1080,none,555,13.544,14.3902,3201
gopro_003,train,gopro_fisheye,1920x1080,none,555,14.3902,15.2892,2843
gopro_003,train,gopro_fisheye,1920x1080,none,555,15.2892,16.2445,2439
gopro_003,train,gopro_fisheye,1920x1080,none,555,16.2445,17.2594,2112
gopro_003,train,gopro_fisheye,1920x1080,none,555,17.2594,18.3377,1947
gopro_003,train,gopro_fisheye,1920x1080,none,555,18.3377,19.4834,1748
gopro_003,train,gopro_fisheye,1920x1080,none,555,19.4834,20.7007,1571
gopro_003,train,gopro_fisheye,1920x1080,none,555,20.7007,21.994,1457
gopro_003,train,gopro_fisheye,1920x1080,none,555,21.994,23.3681,2384
gopro_003,train,gopro_fisheye,1920x1080,none,555,23.3681,24.8281,990
gopro_003,train,gopro_fisheye,1920x1080,none,555,24.8281,26.3793,1772
gopro_003,train,gopro_fisheye,1920x1080,none,555,26.3793,28.0274,1482
gopro_003,train,gopro_fisheye,1920x1080,none,555,28.0274,29.7785,673
gopro_003,train,gopro_fisheye,1920x1080,none,555,29.7785,31.639,1059
gopro_003,train,gopro_fisheye,1920x1080,none,555,31.639,33.6157,899
gopro_003,train,gopro_fisheye,1920x1080,none,555,33.6157,35.7159,814
gopro_003,train,gopro_fisheye,1920x1080,none,555,35.7159,37.9473,658
gopro_003,train,gopro_fisheye,1920x1080,none,555,37.9473,40.3182,821
gopro_003,train,gopro_fisheye,1920x1080,none,555,40.3182,42.8372,501
gopro_003,train,gopro_fisheye,1920x1080,none,555,42.8372,45.5135,712
gopro_003,train,gopro_fisheye,1920x1080,none,555,45.5135,48.3571,563
gopro_003,train,gopro_fisheye,1920x1080,none,555,48.3571,51.3783,512
gopro_003,train,gopro_fisheye,1920x1080,none,555,51.3783,54.5883,454
gopro_003,train,gopro_fisheye,1920x1080,none,555,54.5883,57.9988,383
gopro_003,train,gopro_fisheye,1920x1080,none,555,57.9988,61.6224,408
gopro_003,train,gopro_fisheye,1920x1080,none,555,61.6224,65.4724,386
gopro_003,train,gopro_fisheye,1920x1080,none,555,65.4724,69.563,318
gopro_003,train,gopro_fisheye,1920x1080,none,555,69.563,73.9091,287
gopro_003,train,gopro_fisheye,1920x1080,none,555,73.9091,78.5267,266
gopro_003,train,gopro_fisheye,1920x1080,none,555,78.5267,83.4329,229
gopro_003,train,gopro_fisheye,1920x1080,none,555,83.4329,88.6455,189
gopro_003,train,gopro_fisheye,1920x1080,none,555,88.6455,94.1839,152
gopro_003,train,gopro_fisheye,1920x1080,none,555,94.1839,100.0682,133
gopro_003,train,gopro_fisheye,1920x1080,none,555,100.0682,106.3202,129
gopro_003,train,gopro_fisheye,1920x1080,none,555,106.3202,112.9628,118
gopro_003,train,gopro_fisheye,1920x1080,none,555,112.9628,120.0205,116
gopro_003,train,gopro_fisheye,1920x1080,none,555,120.0205,127.519,81
gopro_003,train,gopro_fisheye,1920x1080,none,555,127.519,135.4861,95
gopro_003,train,gopro_fisheye,1920x1080,none,555,135.4861,143.9509,82
gopro_003,train,gopro_fisheye,1920x1080,none,555,143.9509,152.9446,77
gopro_003,train,gopro_fisheye,1920x1080,none,555,152.9446,162.5001,57
gopro_003,train,gopro_fisheye,1920x1080,none,555,162.5001,172.6527,42
gopro_003,train,gopro_fisheye,1920x1080,none,555,172.6527,183.4396,30
gopro_003,train,gopro_fisheye,1920x1080,none,555,183.4396,194.9004,29
gopro_003,train,gopro_fisheye,1920x1080,none,555,194.9004,207.0773,45
gopro_003,train,gopro_fisheye,1920x1080,none,555,207.0773,220.0149,34
gopro_003,train,gopro_fisheye,1920x1080,none,555,220.0149,233.7609,41
gopro_003,train,gopro_fisheye,1920x1080,none,555,233.7609,248.3657,45
gopro_003,train,gopro_fisheye,1920x1080,none,555,248.3657,263.8829,30
gopro_003,train,gopro_fisheye,1920x1080,none,555,263.8829,280.3696,44
gopro_003,train,gopro_fisheye,1920x1080,none,555,280.3696,297.8864,25
gopro_003,train,gopro_fisheye,1920x1080,none,555,297.8864,316.4975,20
gopro_003,train,gopro_fisheye,1920x1080,none,555,316.4975,336.2714,11
gopro_003,train,gopro_fisheye,1920x1080,none,555,336.2714,357.2808,16
gopro_003,train,gopro_fisheye,1920x1080,none,555,357.2808,379.6028,7
gopro_003,train,gopro_fisheye,1920x1080,none,555,379.6028,403.3193,12
gopro_003,train,gopro_fisheye,1920x1080,none,555,403.3193,428.5177,8
gopro_003,train,gopro_fisheye,1920x1080,none,555,428.5177,455.2903,6
gopro_003,train,gopro_fisheye,1920x1080,none,555,455.2903,483.7357,3
gopro_003,train,gopro_fisheye,1920x1080,none,555,483.7357,513.9582,2
gopro_003,train,gopro_fisheye,1920x1080,none,555,513.9582,546.069,1
gopro_003,train,gopro_fisheye,1920x1080,none,555,546.069,580.1859,4
gopro_003,train,gopro_fisheye,1920x1080,none,555,616.4344,654.9476,1
gopro_003,train,gopro_fisheye,1920x1080,none,555,1951665.1031,2073600.0,4
gopro_005,val,gopro_fisheye,1920x1080,none,811,1.0,1.0625,3551442
gopro_005,val,gopro_fisheye,1920x1080,none,811,1.9477,2.0694,1145171
gopro_005,val,gopro_fisheye,1920x1080,none,811,2.9768,3.1628,549623
gopro_005,val,gopro_fisheye,1920x1080,none,811,3.7934,4.0304,326076
gopro_005,val,gopro_fisheye,1920x1080,none,811,4.8341,5.1361,212453
gopro_005,val,gopro_fisheye,1920x1080,none,811,5.7979,6.1601,147747
gopro_005,val,gopro_fisheye,1920x1080,none,811,6.9539,7.3884,109322
gopro_005,val,gopro_fisheye,1920x1080,none,811,7.85,8.3404,83496
gopro_005,val,gopro_fisheye,1920x1080,none,811,8.8615,9.4152,65057
gopro_005,val,gopro_fisheye,1920x1080,none,811,9.4152,10.0034,52217
gopro_005,val,gopro_fisheye,1920x1080,none,811,10.6284,11.2924,42823
gopro_005,val,gopro_fisheye,1920x1080,none,811,11.998,12.7476,36474
gopro_005,val,gopro_fisheye,1920x1080,none,811,12.7476,13.544,31696
gopro_005,val,gopro_fisheye,1920x1080,none,811,13.544,14.3902,27061
gopro_005,val,gopro_fisheye,1920x1080,none,811,14.3902,15.2892,23120
gopro_005,val,gopro_fisheye,1920x1080,none,811,15.2892,16.2445,19894
gopro_005,val,gopro_fisheye,1920x1080,none,811,16.2445,17.2594,17439
gopro_005,val,gopro_fisheye,1920x1080,none,811,17.2594,18.3377,15616
gopro_005,val,gopro_fisheye,1920x1080,none,811,18.3377,19.4834,14021
gopro_005,val,gopro_fisheye,1920x1080,none,811,19.4834,20.7007,12439
gopro_005,val,gopro_fisheye,1920x1080,none,811,20.7007,21.994,10985
gopro_005,val,gopro_fisheye,1920x1080,none,811,21.994,23.3681,19473
gopro_005,val,gopro_fisheye,1920x1080,none,811,23.3681,24.8281,8269
gopro_005,val,gopro_fisheye,1920x1080,none,811,24.8281,26.3793,14656
gopro_005,val,gopro_fisheye,1920x1080,none,811,26.3793,28.0274,12176
gopro_005,val,gopro_fisheye,1920x1080,none,811,28.0274,29.7785,5759
gopro_005,val,gopro_fisheye,1920x1080,none,811,29.7785,31.639,10219
gopro_005,val,gopro_fisheye,1920x1080,none,811,31.639,33.6157,8790
gopro_005,val,gopro_fisheye,1920x1080,none,811,33.6157,35.7159,7759
gopro_005,val,gopro_fisheye,1920x1080,none,811,35.7159,37.9473,6862
gopro_005,val,gopro_fisheye,1920x1080,none,811,37.9473,40.3182,8821
gopro_005,val,gopro_fisheye,1920x1080,none,811,40.3182,42.8372,5229
gopro_005,val,gopro_fisheye,1920x1080,none,811,42.8372,45.5135,7102
gopro_005,val,gopro_fisheye,1920x1080,none,811,45.5135,48.3571,6199
gopro_005,val,gopro_fisheye,1920x1080,none,811,48.3571,51.3783,5492
gopro_005,val,gopro_fisheye,1920x1080,none,811,51.3783,54.5883,4952
gopro_005,val,gopro_fisheye,1920x1080,none,811,54.5883,57.9988,4499
gopro_005,val,gopro_fisheye,1920x1080,none,811,57.9988,61.6224,5461
gopro_005,val,gopro_fisheye,1920x1080,none,811,61.6224,65.4724,4778
gopro_005,val,gopro_fisheye,1920x1080,none,811,65.4724,69.563,4047
gopro_005,val,gopro_fisheye,1920x1080,none,811,69.563,73.9091,3395
gopro_005,val,gopro_fisheye,1920x1080,none,811,73.9091,78.5267,3766
gopro_005,val,gopro_fisheye,1920x1080,none,811,78.5267,83.4329,3280
gopro_005,val,gopro_fisheye,1920x1080,none,811,83.4329,88.6455,3110
gopro_005,val,gopro_fisheye,1920x1080,none,811,88.6455,94.1839,3184
gopro_005,val,gopro_fisheye,1920x1080,none,811,94.1839,100.0682,2646
gopro_005,val,gopro_fisheye,1920x1080,none,811,100.0682,106.3202,2360
gopro_005,val,gopro_fisheye,1920x1080,none,811,106.3202,112.9628,2014
gopro_005,val,gopro_fisheye,1920x1080,none,811,112.9628,120.0205,2484
gopro_005,val,gopro_fisheye,1920x1080,none,811,120.0205,127.519,1956
gopro_005,val,gopro_fisheye,1920x1080,none,811,127.519,135.4861,1953
gopro_005,val,gopro_fisheye,1920x1080,none,811,135.4861,143.9509,1660
gopro_005,val,gopro_fisheye,1920x1080,none,811,143.9509,152.9446,1845
gopro_005,val,gopro_fisheye,1920x1080,none,811,152.9446,162.5001,1522
gopro_005,val,gopro_fisheye,1920x1080,none,811,162.5001,172.6527,1287
gopro_005,val,gopro_fisheye,1920x1080,none,811,172.6527,183.4396,1197
gopro_005,val,gopro_fisheye,1920x1080,none,811,183.4396,194.9004,1081
gopro_005,val,gopro_fisheye,1920x1080,none,811,194.9004,207.0773,1054
gopro_005,val,gopro_fisheye,1920x1080,none,811,207.0773,220.0149,881
gopro_005,val,gopro_fisheye,1920x1080,none,811,220.0149,233.7609,925
gopro_005,val,gopro_fisheye,1920x1080,none,811,233.7609,248.3657,930
gopro_005,val,gopro_fisheye,1920x1080,none,811,248.3657,263.8829,662
gopro_005,val,gopro_fisheye,1920x1080,none,811,263.8829,280.3696,620
gopro_005,val,gopro_fisheye,1920x1080,none,811,280.3696,297.8864,531
gopro_005,val,gopro_fisheye,1920x1080,none,811,297.8864,316.4975,499
gopro_005,val,gopro_fisheye,1920x1080,none,811,316.4975,336.2714,473
gopro_005,val,gopro_fisheye,1920x1080,none,811,336.2714,357.2808,459
gopro_005,val,gopro_fisheye,1920x1080,none,811,357.2808,379.6028,383
gopro_005,val,gopro_fisheye,1920x1080,none,811,379.6028,403.3193,306
gopro_005,val,gopro_fisheye,1920x1080,none,811,403.3193,428.5177,362
gopro_005,val,gopro_fisheye,1920x1080,none,811,428.5177,455.2903,323
gopro_005,val,gopro_fisheye,1920x1080,none,811,455.2903,483.7357,333
gopro_005,val,gopro_fisheye,1920x1080,none,811,483.7357,513.9582,277
gopro_005,val,gopro_fisheye,1920x1080,none,811,513.9582,546.069,194
gopro_005,val,gopro_fisheye,1920x1080,none,811,546.069,580.1859,173
gopro_005,val,gopro_fisheye,1920x1080,none,811,580.1859,616.4344,141
gopro_005,val,gopro_fisheye,1920x1080,none,811,616.4344,654.9476,150
gopro_005,val,gopro_fisheye,1920x1080,none,811,654.9476,695.867,120
gopro_005,val,gopro_fisheye,1920x1080,none,811,695.867,739.3429,147
gopro_005,val,gopro_fisheye,1920x1080,none,811,739.3429,785.5351,127
gopro_005,val,gopro_fisheye,1920x1080,none,811,785.5351,834.6133,106
gopro_005,val,gopro_fisheye,1920x1080,none,811,834.6133,886.7577,81
gopro_005,val,gopro_fisheye,1920x1080,none,811,886.7577,942.16,88
gopro_005,val,gopro_fisheye,1920x1080,none,811,942.16,1001.0237,95
gopro_005,val,gopro_fisheye,1920x1080,none,811,1001.0237,1063.565,104
gopro_005,val,gopro_fisheye,1920x1080,none,811,1063.565,1130.0138,85
gopro_005,val,gopro_fisheye,1920x1080,none,811,1130.0138,1200.6141,71
gopro_005,val,gopro_fisheye,1920x1080,none,811,1200.6141,1275.6253,87
gopro_005,val,gopro_fisheye,1920x1080,none,811,1275.6253,1355.323,78
gopro_005,val,gopro_fisheye,1920x1080,none,811,1355.323,1440.0,56
gopro_005,val,gopro_fisheye,1920x1080,none,811,1440.0,1529.9674,47
gopro_005,val,gopro_fisheye,1920x1080,none,811,1529.9674,1625.5557,47
gopro_005,val,gopro_fisheye,1920x1080,none,811,1625.5557,1727.1162,40
gopro_005,val,gopro_fisheye,1920x1080,none,811,1727.1162,1835.0219,46
gopro_005,val,gopro_fisheye,1920x1080,none,811,1835.0219,1949.6692,22
gopro_005,val,gopro_fisheye,1920x1080,none,811,1949.6692,2071.4794,24
gopro_005,val,gopro_fisheye,1920x1080,none,811,2071.4794,2200.9,14
gopro_005,val,gopro_fisheye,1920x1080,none,811,2200.9,2338.4064,19
gopro_005,val,gopro_fisheye,1920x1080,none,811,2338.4064,2484.5039,13
gopro_005,val,gopro_fisheye,1920x1080,none,811,2484.5039,2639.7291,19
gopro_005,val,gopro_fisheye,1920x1080,none,811,2639.7291,2804.6525,17
gopro_005,val,gopro_fisheye,1920x1080,none,811,2804.6525,2979.8798,14
gopro_005,val,gopro_fisheye,1920x1080,none,811,2979.8798,3166.0548,15
gopro_005,val,gopro_fisheye,1920x1080,none,811,3166.0548,3363.8616,16
gopro_005,val,gopro_fisheye,1920x1080,none,811,3363.8616,3574.0268,12
gopro_005,val,gopro_fisheye,1920x1080,none,811,3574.0268,3797.3226,13
gopro_005,val,gopro_fisheye,1920x1080,none,811,3797.3226,4034.5693,14
gopro_005,val,gopro_fisheye,1920x1080,none,811,4034.5693,4286.6386,16
gopro_005,val,gopro_fisheye,1920x1080,none,811,4286.6386,4554.4564,25
gopro_005,val,gopro_fisheye,1920x1080,none,811,4554.4564,4839.0069,20
gopro_005,val,gopro_fisheye,1920x1080,none,811,4839.0069,5141.3353,14
gopro_005,val,gopro_fisheye,1920x1080,none,811,5141.3353,5462.5524,13
gopro_005,val,gopro_fisheye,1920x1080,none,811,5462.5524,5803.8383,3
gopro_005,val,gopro_fisheye,1920x1080,none,811,5803.8383,6166.4468,12
gopro_005,val,gopro_fisheye,1920x1080,none,811,6166.4468,6551.7102,20
gopro_005,val,gopro_fisheye,1920x1080,none,811,6551.7102,6961.0438,10
gopro_005,val,gopro_fisheye,1920x1080,none,811,6961.0438,7395.9515,16
gopro_005,val,gopro_fisheye,1920x1080,none,811,7395.9515,7858.031,17
gopro_005,val,gopro_fisheye,1920x1080,none,811,7858.031,8348.9801,15
gopro_005,val,gopro_fisheye,1920x1080,none,811,8348.9801,8870.6024,4
gopro_005,val,gopro_fisheye,1920x1080,none,811,8870.6024,9424.8143,3
gopro_005,val,gopro_fisheye,1920x1080,none,811,9424.8143,10013.6519,4
gopro_005,val,gopro_fisheye,1920x1080,none,811,10013.6519,10639.2785,6
gopro_005,val,gopro_fisheye,1920x1080,none,811,10639.2785,11303.9926,9
gopro_005,val,gopro_fisheye,1920x1080,none,811,11303.9926,12010.2363,8
gopro_005,val,gopro_fisheye,1920x1080,none,811,12010.2363,12760.6042,4
gopro_005,val,gopro_fisheye,1920x1080,none,811,12760.6042,13557.8532,4
gopro_005,val,gopro_fisheye,1920x1080,none,811,13557.8532,14404.9122,3
gopro_005,val,gopro_fisheye,1920x1080,none,811,14404.9122,15304.8932,8
gopro_005,val,gopro_fisheye,1920x1080,none,811,15304.8932,16261.1026,5
gopro_005,val,gopro_fisheye,1920x1080,none,811,16261.1026,17277.0535,3
gopro_005,val,gopro_fisheye,1920x1080,none,811,17277.0535,18356.4783,6
gopro_005,val,gopro_fisheye,1920x1080,none,811,18356.4783,19503.3427,6
gopro_005,val,gopro_fisheye,1920x1080,none,811,19503.3427,20721.8602,3
gopro_005,val,gopro_fisheye,1920x1080,none,811,20721.8602,22016.5075,7
gopro_005,val,gopro_fisheye,1920x1080,none,811,22016.5075,23392.0409,5
gopro_005,val,gopro_fisheye,1920x1080,none,811,23392.0409,24853.514,2
gopro_005,val,gopro_fisheye,1920x1080,none,811,24853.514,26406.2961,5
gopro_005,val,gopro_fisheye,1920x1080,none,811,26406.2961,28056.092,5
gopro_005,val,gopro_fisheye,1920x1080,none,811,28056.092,29808.9627,2
gopro_005,val,gopro_fisheye,1920x1080,none,811,29808.9627,31671.3482,3
gopro_005,val,gopro_fisheye,1920x1080,none,811,31671.3482,33650.0907,2
gopro_005,val,gopro_fisheye,1920x1080,none,811,33650.0907,35752.4597,8
gopro_005,val,gopro_fisheye,1920x1080,none,811,35752.4597,37986.1793,2
gopro_005,val,gopro_fisheye,1920x1080,none,811,37986.1793,40359.4557,10
gopro_005,val,gopro_fisheye,1920x1080,none,811,40359.4557,42881.0083,4
gopro_005,val,gopro_fisheye,1920x1080,none,811,42881.0083,45560.1008,2
gopro_005,val,gopro_fisheye,1920x1080,none,811,45560.1008,48406.5759,3
gopro_005,val,gopro_fisheye,1920x1080,none,811,48406.5759,51430.8913,5
gopro_005,val,gopro_fisheye,1920x1080,none,811,51430.8913,54644.158,5
gopro_005,val,gopro_fisheye,1920x1080,none,811,54644.158,58058.1811,3
gopro_005,val,gopro_fisheye,1920x1080,none,811,58058.1811,61685.5034,2
gopro_005,val,gopro_fisheye,1920x1080,none,811,61685.5034,65539.4512,4
gopro_005,val,gopro_fisheye,1920x1080,none,811,65539.4512,69634.1835,6
gopro_005,val,gopro_fisheye,1920x1080,none,811,69634.1835,73984.744,4
gopro_005,val,gopro_fisheye,1920x1080,none,811,78607.116,83518.2816,3
gopro_005,val,gopro_fisheye,1920x1080,none,811,83518.2816,88736.284,8
gopro_005,val,gopro_fisheye,1920x1080,none,811,88736.284,94280.2933,9
gopro_005,val,gopro_fisheye,1920x1080,none,811,94280.2933,100170.6778,11
gopro_005,val,gopro_fisheye,1920x1080,none,811,100170.6778,106429.078,13
gopro_005,val,gopro_fisheye,1920x1080,none,811,106429.078,113078.4866,11
gopro_005,val,gopro_fisheye,1920x1080,none,811,113078.4866,120143.3327,33
gopro_005,val,gopro_fisheye,1920x1080,none,811,120143.3327,127649.5718,3
gopro_005,val,gopro_fisheye,1920x1080,none,811,1951665.1031,2073600.0,4
gopro_006,train,gopro_fisheye,1920x1080,none,1351,1.0,1.0625,8059760
gopro_006,train,gopro_fisheye,1920x1080,none,1351,1.9477,2.0694,2630016
gopro_006,train,gopro_fisheye,1920x1080,none,1351,2.9768,3.1628,1263078
gopro_006,train,gopro_fisheye,1920x1080,none,1351,3.7934,4.0304,772358
gopro_006,train,gopro_fisheye,1920x1080,none,1351,4.8341,5.1361,508192
gopro_006,train,gopro_fisheye,1920x1080,none,1351,5.7979,6.1601,362142
gopro_006,train,gopro_fisheye,1920x1080,none,1351,6.9539,7.3884,268269
gopro_006,train,gopro_fisheye,1920x1080,none,1351,7.85,8.3404,206611
gopro_006,train,gopro_fisheye,1920x1080,none,1351,8.8615,9.4152,163796
gopro_006,train,gopro_fisheye,1920x1080,none,1351,9.4152,10.0034,132000
gopro_006,train,gopro_fisheye,1920x1080,none,1351,10.6284,11.2924,107478
gopro_006,train,gopro_fisheye,1920x1080,none,1351,11.998,12.7476,90165
gopro_006,train,gopro_fisheye,1920x1080,none,1351,12.7476,13.544,76397
gopro_006,train,gopro_fisheye,1920x1080,none,1351,13.544,14.3902,65730
gopro_006,train,gopro_fisheye,1920x1080,none,1351,14.3902,15.2892,56810
gopro_006,train,gopro_fisheye,1920x1080,none,1351,15.2892,16.2445,49618
gopro_006,train,gopro_fisheye,1920x1080,none,1351,16.2445,17.2594,43601
gopro_006,train,gopro_fisheye,1920x1080,none,1351,17.2594,18.3377,38300
gopro_006,train,gopro_fisheye,1920x1080,none,1351,18.3377,19.4834,34074
gopro_006,train,gopro_fisheye,1920x1080,none,1351,19.4834,20.7007,30589
gopro_006,train,gopro_fisheye,1920x1080,none,1351,20.7007,21.994,27571
gopro_006,train,gopro_fisheye,1920x1080,none,1351,21.994,23.3681,47503
gopro_006,train,gopro_fisheye,1920x1080,none,1351,23.3681,24.8281,20750
gopro_006,train,gopro_fisheye,1920x1080,none,1351,24.8281,26.3793,35850
gopro_006,train,gopro_fisheye,1920x1080,none,1351,26.3793,28.0274,29845
gopro_006,train,gopro_fisheye,1920x1080,none,1351,28.0274,29.7785,13229
gopro_006,train,gopro_fisheye,1920x1080,none,1351,29.7785,31.639,23768
gopro_006,train,gopro_fisheye,1920x1080,none,1351,31.639,33.6157,20760
gopro_006,train,gopro_fisheye,1920x1080,none,1351,33.6157,35.7159,17953
gopro_006,train,gopro_fisheye,1920x1080,none,1351,35.7159,37.9473,15886
gopro_006,train,gopro_fisheye,1920x1080,none,1351,37.9473,40.3182,20565
gopro_006,train,gopro_fisheye,1920x1080,none,1351,40.3182,42.8372,12001
gopro_006,train,gopro_fisheye,1920x1080,none,1351,42.8372,45.5135,15902
gopro_006,train,gopro_fisheye,1920x1080,none,1351,45.5135,48.3571,13486
gopro_006,train,gopro_fisheye,1920x1080,none,1351,48.3571,51.3783,11920
gopro_006,train,gopro_fisheye,1920x1080,none,1351,51.3783,54.5883,10463
gopro_006,train,gopro_fisheye,1920x1080,none,1351,54.5883,57.9988,9420
gopro_006,train,gopro_fisheye,1920x1080,none,1351,57.9988,61.6224,10729
gopro_006,train,gopro_fisheye,1920x1080,none,1351,61.6224,65.4724,9487
gopro_006,train,gopro_fisheye,1920x1080,none,1351,65.4724,69.563,8153
gopro_006,train,gopro_fisheye,1920x1080,none,1351,69.563,73.9091,7370
gopro_006,train,gopro_fisheye,1920x1080,none,1351,73.9091,78.5267,8082
gopro_006,train,gopro_fisheye,1920x1080,none,1351,78.5267,83.4329,7048
gopro_006,train,gopro_fisheye,1920x1080,none,1351,83.4329,88.6455,6549
gopro_006,train,gopro_fisheye,1920x1080,none,1351,88.6455,94.1839,6721
gopro_006,train,gopro_fisheye,1920x1080,none,1351,94.1839,100.0682,5958
gopro_006,train,gopro_fisheye,1920x1080,none,1351,100.0682,106.3202,5287
gopro_006,train,gopro_fisheye,1920x1080,none,1351,106.3202,112.9628,4709
gopro_006,train,gopro_fisheye,1920x1080,none,1351,112.9628,120.0205,5327
gopro_006,train,gopro_fisheye,1920x1080,none,1351,120.0205,127.519,3960
gopro_006,train,gopro_fisheye,1920x1080,none,1351,127.519,135.4861,3849
gopro_006,train,gopro_fisheye,1920x1080,none,1351,135.4861,143.9509,3450
gopro_006,train,gopro_fisheye,1920x1080,none,1351,143.9509,152.9446,3309
gopro_006,train,gopro_fisheye,1920x1080,none,1351,152.9446,162.5001,3227
gopro_006,train,gopro_fisheye,1920x1080,none,1351,162.5001,172.6527,2787
gopro_006,train,gopro_fisheye,1920x1080,none,1351,172.6527,183.4396,2694
gopro_006,train,gopro_fisheye,1920x1080,none,1351,183.4396,194.9004,2362
gopro_006,train,gopro_fisheye,1920x1080,none,1351,194.9004,207.0773,2350
gopro_006,train,gopro_fisheye,1920x1080,none,1351,207.0773,220.0149,2134
gopro_006,train,gopro_fisheye,1920x1080,none,1351,220.0149,233.7609,1790
gopro_006,train,gopro_fisheye,1920x1080,none,1351,233.7609,248.3657,1828
gopro_006,train,gopro_fisheye,1920x1080,none,1351,248.3657,263.8829,1601
gopro_006,train,gopro_fisheye,1920x1080,none,1351,263.8829,280.3696,1648
gopro_006,train,gopro_fisheye,1920x1080,none,1351,280.3696,297.8864,1502
gopro_006,train,gopro_fisheye,1920x1080,none,1351,297.8864,316.4975,1382
gopro_006,train,gopro_fisheye,1920x1080,none,1351,316.4975,336.2714,1294
gopro_006,train,gopro_fisheye,1920x1080,none,1351,336.2714,357.2808,1239
gopro_006,train,gopro_fisheye,1920x1080,none,1351,357.2808,379.6028,1165
gopro_006,train,gopro_fisheye,1920x1080,none,1351,379.6028,403.3193,1152
gopro_006,train,gopro_fisheye,1920x1080,none,1351,403.3193,428.5177,1007
gopro_006,train,gopro_fisheye,1920x1080,none,1351,428.5177,455.2903,1067
gopro_006,train,gopro_fisheye,1920x1080,none,1351,455.2903,483.7357,988
gopro_006,train,gopro_fisheye,1920x1080,none,1351,483.7357,513.9582,861
gopro_006,train,gopro_fisheye,1920x1080,none,1351,513.9582,546.069,795
gopro_006,train,gopro_fisheye,1920x1080,none,1351,546.069,580.1859,748
gopro_006,train,gopro_fisheye,1920x1080,none,1351,580.1859,616.4344,721
gopro_006,train,gopro_fisheye,1920x1080,none,1351,616.4344,654.9476,715
gopro_006,train,gopro_fisheye,1920x1080,none,1351,654.9476,695.867,702
gopro_006,train,gopro_fisheye,1920x1080,none,1351,695.867,739.3429,633
gopro_006,train,gopro_fisheye,1920x1080,none,1351,739.3429,785.5351,570
gopro_006,train,gopro_fisheye,1920x1080,none,1351,785.5351,834.6133,506
gopro_006,train,gopro_fisheye,1920x1080,none,1351,834.6133,886.7577,543
gopro_006,train,gopro_fisheye,1920x1080,none,1351,886.7577,942.16,480
gopro_006,train,gopro_fisheye,1920x1080,none,1351,942.16,1001.0237,378
gopro_006,train,gopro_fisheye,1920x1080,none,1351,1001.0237,1063.565,317
gopro_006,train,gopro_fisheye,1920x1080,none,1351,1063.565,1130.0138,295
gopro_006,train,gopro_fisheye,1920x1080,none,1351,1130.0138,1200.6141,272
gopro_006,train,gopro_fisheye,1920x1080,none,1351,1200.6141,1275.6253,262
gopro_006,train,gopro_fisheye,1920x1080,none,1351,1275.6253,1355.323,258
gopro_006,train,gopro_fisheye,1920x1080,none,1351,1355.323,1440.0,221
gopro_006,train,gopro_fisheye,1920x1080,none,1351,1440.0,1529.9674,215
gopro_006,train,gopro_fisheye,1920x1080,none,1351,1529.9674,1625.5557,215
gopro_006,train,gopro_fisheye,1920x1080,none,1351,1625.5557,1727.1162,230
gopro_006,train,gopro_fisheye,1920x1080,none,1351,1727.1162,1835.0219,199
gopro_006,train,gopro_fisheye,1920x1080,none,1351,1835.0219,1949.6692,191
gopro_006,train,gopro_fisheye,1920x1080,none,1351,1949.6692,2071.4794,193
gopro_006,train,gopro_fisheye,1920x1080,none,1351,2071.4794,2200.9,227
gopro_006,train,gopro_fisheye,1920x1080,none,1351,2200.9,2338.4064,198
gopro_006,train,gopro_fisheye,1920x1080,none,1351,2338.4064,2484.5039,208
gopro_006,train,gopro_fisheye,1920x1080,none,1351,2484.5039,2639.7291,174
gopro_006,train,gopro_fisheye,1920x1080,none,1351,2639.7291,2804.6525,174
gopro_006,train,gopro_fisheye,1920x1080,none,1351,2804.6525,2979.8798,143
gopro_006,train,gopro_fisheye,1920x1080,none,1351,2979.8798,3166.0548,124
gopro_006,train,gopro_fisheye,1920x1080,none,1351,3166.0548,3363.8616,105
gopro_006,train,gopro_fisheye,1920x1080,none,1351,3363.8616,3574.0268,65
gopro_006,train,gopro_fisheye,1920x1080,none,1351,3574.0268,3797.3226,65
gopro_006,train,gopro_fisheye,1920x1080,none,1351,3797.3226,4034.5693,71
gopro_006,train,gopro_fisheye,1920x1080,none,1351,4034.5693,4286.6386,62
gopro_006,train,gopro_fisheye,1920x1080,none,1351,4286.6386,4554.4564,64
gopro_006,train,gopro_fisheye,1920x1080,none,1351,4554.4564,4839.0069,44
gopro_006,train,gopro_fisheye,1920x1080,none,1351,4839.0069,5141.3353,27
gopro_006,train,gopro_fisheye,1920x1080,none,1351,5141.3353,5462.5524,16
gopro_006,train,gopro_fisheye,1920x1080,none,1351,5462.5524,5803.8383,14
gopro_006,train,gopro_fisheye,1920x1080,none,1351,5803.8383,6166.4468,2
gopro_006,train,gopro_fisheye,1920x1080,none,1351,6166.4468,6551.7102,8
gopro_006,train,gopro_fisheye,1920x1080,none,1351,6551.7102,6961.0438,6
gopro_006,train,gopro_fisheye,1920x1080,none,1351,6961.0438,7395.9515,4
gopro_006,train,gopro_fisheye,1920x1080,none,1351,7395.9515,7858.031,1
gopro_006,train,gopro_fisheye,1920x1080,none,1351,7858.031,8348.9801,4
gopro_006,train,gopro_fisheye,1920x1080,none,1351,8348.9801,8870.6024,4
gopro_006,train,gopro_fisheye,1920x1080,none,1351,8870.6024,9424.8143,2
gopro_006,train,gopro_fisheye,1920x1080,none,1351,9424.8143,10013.6519,7
gopro_006,train,gopro_fisheye,1920x1080,none,1351,10013.6519,10639.2785,15
gopro_006,train,gopro_fisheye,1920x1080,none,1351,10639.2785,11303.9926,25
gopro_006,train,gopro_fisheye,1920x1080,none,1351,11303.9926,12010.2363,6
gopro_006,train,gopro_fisheye,1920x1080,none,1351,12010.2363,12760.6042,4
gopro_006,train,gopro_fisheye,1920x1080,none,1351,12760.6042,13557.8532,1
gopro_006,train,gopro_fisheye,1920x1080,none,1351,14404.9122,15304.8932,1
gopro_006,train,gopro_fisheye,1920x1080,none,1351,16261.1026,17277.0535,2
gopro_006,train,gopro_fisheye,1920x1080,none,1351,18356.4783,19503.3427,3
gopro_006,train,gopro_fisheye,1920x1080,none,1351,19503.3427,20721.8602,1
gopro_006,train,gopro_fisheye,1920x1080,none,1351,20721.8602,22016.5075,1
gopro_006,train,gopro_fisheye,1920x1080,none,1351,1951665.1031,2073600.0,4
gopro_007,train,gopro_fisheye,1920x1080,none,3481,1.0,1.0625,12495367
gopro_007,train,gopro_fisheye,1920x1080,none,3481,1.9477,2.0694,4339306
gopro_007,train,gopro_fisheye,1920x1080,none,3481,2.9768,3.1628,2185667
gopro_007,train,gopro_fisheye,1920x1080,none,3481,3.7934,4.0304,1357282
gopro_007,train,gopro_fisheye,1920x1080,none,3481,4.8341,5.1361,898601
gopro_007,train,gopro_fisheye,1920x1080,none,3481,5.7979,6.1601,640430
gopro_007,train,gopro_fisheye,1920x1080,none,3481,6.9539,7.3884,475375
gopro_007,train,gopro_fisheye,1920x1080,none,3481,7.85,8.3404,366921
gopro_007,train,gopro_fisheye,1920x1080,none,3481,8.8615,9.4152,289249
gopro_007,train,gopro_fisheye,1920x1080,none,3481,9.4152,10.0034,233106
gopro_007,train,gopro_fisheye,1920x1080,none,3481,10.6284,11.2924,192550
gopro_007,train,gopro_fisheye,1920x1080,none,3481,11.998,12.7476,159873
gopro_007,train,gopro_fisheye,1920x1080,none,3481,12.7476,13.544,135972
gopro_007,train,gopro_fisheye,1920x1080,none,3481,13.544,14.3902,115654
gopro_007,train,gopro_fisheye,1920x1080,none,3481,14.3902,15.2892,100245
gopro_007,train,gopro_fisheye,1920x1080,none,3481,15.2892,16.2445,87470
gopro_007,train,gopro_fisheye,1920x1080,none,3481,16.2445,17.2594,76709
gopro_007,train,gopro_fisheye,1920x1080,none,3481,17.2594,18.3377,67870
gopro_007,train,gopro_fisheye,1920x1080,none,3481,18.3377,19.4834,60063
gopro_007,train,gopro_fisheye,1920x1080,none,3481,19.4834,20.7007,54600
gopro_007,train,gopro_fisheye,1920x1080,none,3481,20.7007,21.994,48429
gopro_007,train,gopro_fisheye,1920x1080,none,3481,21.994,23.3681,83247
gopro_007,train,gopro_fisheye,1920x1080,none,3481,23.3681,24.8281,36173
gopro_007,train,gopro_fisheye,1920x1080,none,3481,24.8281,26.3793,64726
gopro_007,train,gopro_fisheye,1920x1080,none,3481,26.3793,28.0274,54583
gopro_007,train,gopro_fisheye,1920x1080,none,3481,28.0274,29.7785,24146
gopro_007,train,gopro_fisheye,1920x1080,none,3481,29.7785,31.639,43022
gopro_007,train,gopro_fisheye,1920x1080,none,3481,31.639,33.6157,36776
gopro_007,train,gopro_fisheye,1920x1080,none,3481,33.6157,35.7159,31746
gopro_007,train,gopro_fisheye,1920x1080,none,3481,35.7159,37.9473,28344
gopro_007,train,gopro_fisheye,1920x1080,none,3481,37.9473,40.3182,36028
gopro_007,train,gopro_fisheye,1920x1080,none,3481,40.3182,42.8372,21073
gopro_007,train,gopro_fisheye,1920x1080,none,3481,42.8372,45.5135,27758
gopro_007,train,gopro_fisheye,1920x1080,none,3481,45.5135,48.3571,23866
gopro_007,train,gopro_fisheye,1920x1080,none,3481,48.3571,51.3783,20790
gopro_007,train,gopro_fisheye,1920x1080,none,3481,51.3783,54.5883,18274
gopro_007,train,gopro_fisheye,1920x1080,none,3481,54.5883,57.9988,15953
gopro_007,train,gopro_fisheye,1920x1080,none,3481,57.9988,61.6224,18410
gopro_007,train,gopro_fisheye,1920x1080,none,3481,61.6224,65.4724,16215
gopro_007,train,gopro_fisheye,1920x1080,none,3481,65.4724,69.563,14485
gopro_007,train,gopro_fisheye,1920x1080,none,3481,69.563,73.9091,12850
gopro_007,train,gopro_fisheye,1920x1080,none,3481,73.9091,78.5267,14367
gopro_007,train,gopro_fisheye,1920x1080,none,3481,78.5267,83.4329,12744
gopro_007,train,gopro_fisheye,1920x1080,none,3481,83.4329,88.6455,11589
gopro_007,train,gopro_fisheye,1920x1080,none,3481,88.6455,94.1839,12157
gopro_007,train,gopro_fisheye,1920x1080,none,3481,94.1839,100.0682,10993
gopro_007,train,gopro_fisheye,1920x1080,none,3481,100.0682,106.3202,9312
gopro_007,train,gopro_fisheye,1920x1080,none,3481,106.3202,112.9628,7863
gopro_007,train,gopro_fisheye,1920x1080,none,3481,112.9628,120.0205,9109
gopro_007,train,gopro_fisheye,1920x1080,none,3481,120.0205,127.519,6940
gopro_007,train,gopro_fisheye,1920x1080,none,3481,127.519,135.4861,6795
gopro_007,train,gopro_fisheye,1920x1080,none,3481,135.4861,143.9509,5785
gopro_007,train,gopro_fisheye,1920x1080,none,3481,143.9509,152.9446,5674
gopro_007,train,gopro_fisheye,1920x1080,none,3481,152.9446,162.5001,5459
gopro_007,train,gopro_fisheye,1920x1080,none,3481,162.5001,172.6527,4685
gopro_007,train,gopro_fisheye,1920x1080,none,3481,172.6527,183.4396,4354
gopro_007,train,gopro_fisheye,1920x1080,none,3481,183.4396,194.9004,3976
gopro_007,train,gopro_fisheye,1920x1080,none,3481,194.9004,207.0773,4046
gopro_007,train,gopro_fisheye,1920x1080,none,3481,207.0773,220.0149,3589
gopro_007,train,gopro_fisheye,1920x1080,none,3481,220.0149,233.7609,3093
gopro_007,train,gopro_fisheye,1920x1080,none,3481,233.7609,248.3657,3240
gopro_007,train,gopro_fisheye,1920x1080,none,3481,248.3657,263.8829,2601
gopro_007,train,gopro_fisheye,1920x1080,none,3481,263.8829,280.3696,2579
gopro_007,train,gopro_fisheye,1920x1080,none,3481,280.3696,297.8864,2308
gopro_007,train,gopro_fisheye,1920x1080,none,3481,297.8864,316.4975,2257
gopro_007,train,gopro_fisheye,1920x1080,none,3481,316.4975,336.2714,1986
gopro_007,train,gopro_fisheye,1920x1080,none,3481,336.2714,357.2808,1939
gopro_007,train,gopro_fisheye,1920x1080,none,3481,357.2808,379.6028,1737
gopro_007,train,gopro_fisheye,1920x1080,none,3481,379.6028,403.3193,1561
gopro_007,train,gopro_fisheye,1920x1080,none,3481,403.3193,428.5177,1404
gopro_007,train,gopro_fisheye,1920x1080,none,3481,428.5177,455.2903,1284
gopro_007,train,gopro_fisheye,1920x1080,none,3481,455.2903,483.7357,1209
gopro_007,train,gopro_fisheye,1920x1080,none,3481,483.7357,513.9582,1087
gopro_007,train,gopro_fisheye,1920x1080,none,3481,513.9582,546.069,1141
gopro_007,train,gopro_fisheye,1920x1080,none,3481,546.069,580.1859,1012
gopro_007,train,gopro_fisheye,1920x1080,none,3481,580.1859,616.4344,880
gopro_007,train,gopro_fisheye,1920x1080,none,3481,616.4344,654.9476,761
gopro_007,train,gopro_fisheye,1920x1080,none,3481,654.9476,695.867,719
gopro_007,train,gopro_fisheye,1920x1080,none,3481,695.867,739.3429,652
gopro_007,train,gopro_fisheye,1920x1080,none,3481,739.3429,785.5351,530
gopro_007,train,gopro_fisheye,1920x1080,none,3481,785.5351,834.6133,548
gopro_007,train,gopro_fisheye,1920x1080,none,3481,834.6133,886.7577,533
gopro_007,train,gopro_fisheye,1920x1080,none,3481,886.7577,942.16,464
gopro_007,train,gopro_fisheye,1920x1080,none,3481,942.16,1001.0237,507
gopro_007,train,gopro_fisheye,1920x1080,none,3481,1001.0237,1063.565,447
gopro_007,train,gopro_fisheye,1920x1080,none,3481,1063.565,1130.0138,410
gopro_007,train,gopro_fisheye,1920x1080,none,3481,1130.0138,1200.6141,381
gopro_007,train,gopro_fisheye,1920x1080,none,3481,1200.6141,1275.6253,314
gopro_007,train,gopro_fisheye,1920x1080,none,3481,1275.6253,1355.323,305
gopro_007,train,gopro_fisheye,1920x1080,none,3481,1355.323,1440.0,313
gopro_007,train,gopro_fisheye,1920x1080,none,3481,1440.0,1529.9674,284
gopro_007,train,gopro_fisheye,1920x1080,none,3481,1529.9674,1625.5557,260
gopro_007,train,gopro_fisheye,1920x1080,none,3481,1625.5557,1727.1162,302
gopro_007,train,gopro_fisheye,1920x1080,none,3481,1727.1162,1835.0219,221
gopro_007,train,gopro_fisheye,1920x1080,none,3481,1835.0219,1949.6692,215
gopro_007,train,gopro_fisheye,1920x1080,none,3481,1949.6692,2071.4794,207
gopro_007,train,gopro_fisheye,1920x1080,none,3481,2071.4794,2200.9,207
gopro_007,train,gopro_fisheye,1920x1080,none,3481,2200.9,2338.4064,185
gopro_007,train,gopro_fisheye,1920x1080,none,3481,2338.4064,2484.5039,199
gopro_007,train,gopro_fisheye,1920x1080,none,3481,2484.5039,2639.7291,193
gopro_007,train,gopro_fisheye,1920x1080,none,3481,2639.7291,2804.6525,156
gopro_007,train,gopro_fisheye,1920x1080,none,3481,2804.6525,2979.8798,165
gopro_007,train,gopro_fisheye,1920x1080,none,3481,2979.8798,3166.0548,146
gopro_007,train,gopro_fisheye,1920x1080,none,3481,3166.0548,3363.8616,142
gopro_007,train,gopro_fisheye,1920x1080,none,3481,3363.8616,3574.0268,155
gopro_007,train,gopro_fisheye,1920x1080,none,3481,3574.0268,3797.3226,139
gopro_007,train,gopro_fisheye,1920x1080,none,3481,3797.3226,4034.5693,133
gopro_007,train,gopro_fisheye,1920x1080,none,3481,4034.5693,4286.6386,133
gopro_007,train,gopro_fisheye,1920x1080,none,3481,4286.6386,4554.4564,85
gopro_007,train,gopro_fisheye,1920x1080,none,3481,4554.4564,4839.0069,69
gopro_007,train,gopro_fisheye,1920x1080,none,3481,4839.0069,5141.3353,56
gopro_007,train,gopro_fisheye,1920x1080,none,3481,5141.3353,5462.5524,45
gopro_007,train,gopro_fisheye,1920x1080,none,3481,5462.5524,5803.8383,44
gopro_007,train,gopro_fisheye,1920x1080,none,3481,5803.8383,6166.4468,29
gopro_007,train,gopro_fisheye,1920x1080,none,3481,6166.4468,6551.7102,53
gopro_007,train,gopro_fisheye,1920x1080,none,3481,6551.7102,6961.0438,93
gopro_007,train,gopro_fisheye,1920x1080,none,3481,6961.0438,7395.9515,53
gopro_007,train,gopro_fisheye,1920x1080,none,3481,7395.9515,7858.031,16
gopro_007,train,gopro_fisheye,1920x1080,none,3481,7858.031,8348.9801,7
gopro_007,train,gopro_fisheye,1920x1080,none,3481,8348.9801,8870.6024,7
gopro_007,train,gopro_fisheye,1920x1080,none,3481,9424.8143,10013.6519,2
gopro_007,train,gopro_fisheye,1920x1080,none,3481,10013.6519,10639.2785,3
gopro_007,train,gopro_fisheye,1920x1080,none,3481,10639.2785,11303.9926,2
gopro_007,train,gopro_fisheye,1920x1080,none,3481,12010.2363,12760.6042,3
gopro_007,train,gopro_fisheye,1920x1080,none,3481,12760.6042,13557.8532,2
gopro_007,train,gopro_fisheye,1920x1080,none,3481,14404.9122,15304.8932,1
gopro_007,train,gopro_fisheye,1920x1080,none,3481,16261.1026,17277.0535,1
gopro_007,train,gopro_fisheye,1920x1080,none,3481,1951665.1031,2073600.0,4
gopro_008,train,gopro_fisheye,1920x1080,none,991,1.0,1.0625,3856002
gopro_008,train,gopro_fisheye,1920x1080,none,991,1.9477,2.0694,1360877
gopro_008,train,gopro_fisheye,1920x1080,none,991,2.9768,3.1628,686779
gopro_008,train,gopro_fisheye,1920x1080,none,991,3.7934,4.0304,432437
gopro_008,train,gopro_fisheye,1920x1080,none,991,4.8341,5.1361,291161
gopro_008,train,gopro_fisheye,1920x1080,none,991,5.7979,6.1601,208059
gopro_008,train,gopro_fisheye,1920x1080,none,991,6.9539,7.3884,155792
gopro_008,train,gopro_fisheye,1920x1080,none,991,7.85,8.3404,121152
gopro_008,train,gopro_fisheye,1920x1080,none,991,8.8615,9.4152,96051
gopro_008,train,gopro_fisheye,1920x1080,none,991,9.4152,10.0034,77559
gopro_008,train,gopro_fisheye,1920x1080,none,991,10.6284,11.2924,63587
gopro_008,train,gopro_fisheye,1920x1080,none,991,11.998,12.7476,53489
gopro_008,train,gopro_fisheye,1920x1080,none,991,12.7476,13.544,44779
gopro_008,train,gopro_fisheye,1920x1080,none,991,13.544,14.3902,38705
gopro_008,train,gopro_fisheye,1920x1080,none,991,14.3902,15.2892,32911
gopro_008,train,gopro_fisheye,1920x1080,none,991,15.2892,16.2445,29291
gopro_008,train,gopro_fisheye,1920x1080,none,991,16.2445,17.2594,25666
gopro_008,train,gopro_fisheye,1920x1080,none,991,17.2594,18.3377,22449
gopro_008,train,gopro_fisheye,1920x1080,none,991,18.3377,19.4834,20037
gopro_008,train,gopro_fisheye,1920x1080,none,991,19.4834,20.7007,17989
gopro_008,train,gopro_fisheye,1920x1080,none,991,20.7007,21.994,15902
gopro_008,train,gopro_fisheye,1920x1080,none,991,21.994,23.3681,27755
gopro_008,train,gopro_fisheye,1920x1080,none,991,23.3681,24.8281,11798
gopro_008,train,gopro_fisheye,1920x1080,none,991,24.8281,26.3793,20603
gopro_008,train,gopro_fisheye,1920x1080,none,991,26.3793,28.0274,17085
gopro_008,train,gopro_fisheye,1920x1080,none,991,28.0274,29.7785,7446
gopro_008,train,gopro_fisheye,1920x1080,none,991,29.7785,31.639,13920
gopro_008,train,gopro_fisheye,1920x1080,none,991,31.639,33.6157,12028
gopro_008,train,gopro_fisheye,1920x1080,none,991,33.6157,35.7159,10347
gopro_008,train,gopro_fisheye,1920x1080,none,991,35.7159,37.9473,9120
gopro_008,train,gopro_fisheye,1920x1080,none,991,37.9473,40.3182,11908
gopro_008,train,gopro_fisheye,1920x1080,none,991,40.3182,42.8372,6919
gopro_008,train,gopro_fisheye,1920x1080,none,991,42.8372,45.5135,9235
gopro_008,train,gopro_fisheye,1920x1080,none,991,45.5135,48.3571,7722
gopro_008,train,gopro_fisheye,1920x1080,none,991,48.3571,51.3783,6824
gopro_008,train,gopro_fisheye,1920x1080,none,991,51.3783,54.5883,5870
gopro_008,train,gopro_fisheye,1920x1080,none,991,54.5883,57.9988,5423
gopro_008,train,gopro_fisheye,1920x1080,none,991,57.9988,61.6224,6251
gopro_008,train,gopro_fisheye,1920x1080,none,991,61.6224,65.4724,5281
gopro_008,train,gopro_fisheye,1920x1080,none,991,65.4724,69.563,4729
gopro_008,train,gopro_fisheye,1920x1080,none,991,69.563,73.9091,4031
gopro_008,train,gopro_fisheye,1920x1080,none,991,73.9091,78.5267,4509
gopro_008,train,gopro_fisheye,1920x1080,none,991,78.5267,83.4329,3992
gopro_008,train,gopro_fisheye,1920x1080,none,991,83.4329,88.6455,3467
gopro_008,train,gopro_fisheye,1920x1080,none,991,88.6455,94.1839,3625
gopro_008,train,gopro_fisheye,1920x1080,none,991,94.1839,100.0682,3145
gopro_008,train,gopro_fisheye,1920x1080,none,991,100.0682,106.3202,2794
gopro_008,train,gopro_fisheye,1920x1080,none,991,106.3202,112.9628,2458
gopro_008,train,gopro_fisheye,1920x1080,none,991,112.9628,120.0205,2884
gopro_008,train,gopro_fisheye,1920x1080,none,991,120.0205,127.519,2160
gopro_008,train,gopro_fisheye,1920x1080,none,991,127.519,135.4861,2134
gopro_008,train,gopro_fisheye,1920x1080,none,991,135.4861,143.9509,1842
gopro_008,train,gopro_fisheye,1920x1080,none,991,143.9509,152.9446,1741
gopro_008,train,gopro_fisheye,1920x1080,none,991,152.9446,162.5001,1664
gopro_008,train,gopro_fisheye,1920x1080,none,991,162.5001,172.6527,1368
gopro_008,train,gopro_fisheye,1920x1080,none,991,172.6527,183.4396,1274
gopro_008,train,gopro_fisheye,1920x1080,none,991,183.4396,194.9004,1191
gopro_008,train,gopro_fisheye,1920x1080,none,991,194.9004,207.0773,1222
gopro_008,train,gopro_fisheye,1920x1080,none,991,207.0773,220.0149,1107
gopro_008,train,gopro_fisheye,1920x1080,none,991,220.0149,233.7609,936
gopro_008,train,gopro_fisheye,1920x1080,none,991,233.7609,248.3657,999
gopro_008,train,gopro_fisheye,1920x1080,none,991,248.3657,263.8829,823
gopro_008,train,gopro_fisheye,1920x1080,none,991,263.8829,280.3696,855
gopro_008,train,gopro_fisheye,1920x1080,none,991,280.3696,297.8864,696
gopro_008,train,gopro_fisheye,1920x1080,none,991,297.8864,316.4975,779
gopro_008,train,gopro_fisheye,1920x1080,none,991,316.4975,336.2714,704
gopro_008,train,gopro_fisheye,1920x1080,none,991,336.2714,357.2808,635
gopro_008,train,gopro_fisheye,1920x1080,none,991,357.2808,379.6028,549
gopro_008,train,gopro_fisheye,1920x1080,none,991,379.6028,403.3193,536
gopro_008,train,gopro_fisheye,1920x1080,none,991,403.3193,428.5177,463
gopro_008,train,gopro_fisheye,1920x1080,none,991,428.5177,455.2903,455
gopro_008,train,gopro_fisheye,1920x1080,none,991,455.2903,483.7357,475
gopro_008,train,gopro_fisheye,1920x1080,none,991,483.7357,513.9582,420
gopro_008,train,gopro_fisheye,1920x1080,none,991,513.9582,546.069,409
gopro_008,train,gopro_fisheye,1920x1080,none,991,546.069,580.1859,372
gopro_008,train,gopro_fisheye,1920x1080,none,991,580.1859,616.4344,303
gopro_008,train,gopro_fisheye,1920x1080,none,991,616.4344,654.9476,333
gopro_008,train,gopro_fisheye,1920x1080,none,991,654.9476,695.867,308
gopro_008,train,gopro_fisheye,1920x1080,none,991,695.867,739.3429,259
gopro_008,train,gopro_fisheye,1920x1080,none,991,739.3429,785.5351,262
gopro_008,train,gopro_fisheye,1920x1080,none,991,785.5351,834.6133,197
gopro_008,train,gopro_fisheye,1920x1080,none,991,834.6133,886.7577,155
gopro_008,train,gopro_fisheye,1920x1080,none,991,886.7577,942.16,195
gopro_008,train,gopro_fisheye,1920x1080,none,991,942.16,1001.0237,212
gopro_008,train,gopro_fisheye,1920x1080,none,991,1001.0237,1063.565,195
gopro_008,train,gopro_fisheye,1920x1080,none,991,1063.565,1130.0138,159
gopro_008,train,gopro_fisheye,1920x1080,none,991,1130.0138,1200.6141,136
gopro_008,train,gopro_fisheye,1920x1080,none,991,1200.6141,1275.6253,149
gopro_008,train,gopro_fisheye,1920x1080,none,991,1275.6253,1355.323,122
gopro_008,train,gopro_fisheye,1920x1080,none,991,1355.323,1440.0,96
gopro_008,train,gopro_fisheye,1920x1080,none,991,1440.0,1529.9674,108
gopro_008,train,gopro_fisheye,1920x1080,none,991,1529.9674,1625.5557,125
gopro_008,train,gopro_fisheye,1920x1080,none,991,1625.5557,1727.1162,119
gopro_008,train,gopro_fisheye,1920x1080,none,991,1727.1162,1835.0219,103
gopro_008,train,gopro_fisheye,1920x1080,none,991,1835.0219,1949.6692,85
gopro_008,train,gopro_fisheye,1920x1080,none,991,1949.6692,2071.4794,57
gopro_008,train,gopro_fisheye,1920x1080,none,991,2071.4794,2200.9,66
gopro_008,train,gopro_fisheye,1920x1080,none,991,2200.9,2338.4064,46
gopro_008,train,gopro_fisheye,1920x1080,none,991,2338.4064,2484.5039,54
gopro_008,train,gopro_fisheye,1920x1080,none,991,2484.5039,2639.7291,40
gopro_008,train,gopro_fisheye,1920x1080,none,991,2639.7291,2804.6525,22
gopro_008,train,gopro_fisheye,1920x1080,none,991,2804.6525,2979.8798,27
gopro_008,train,gopro_fisheye,1920x1080,none,991,2979.8798,3166.0548,14
gopro_008,train,gopro_fisheye,1920x1080,none,991,3166.0548,3363.8616,10
gopro_008,train,gopro_fisheye,1920x1080,none,991,3363.8616,3574.0268,15
gopro_008,train,gopro_fisheye,1920x1080,none,991,3574.0268,3797.3226,13
gopro_008,train,gopro_fisheye,1920x1080,none,991,3797.3226,4034.5693,11
gopro_008,train,gopro_fisheye,1920x1080,none,991,4034.5693,4286.6386,9
gopro_008,train,gopro_fisheye,1920x1080,none,991,4286.6386,4554.4564,10
gopro_008,train,gopro_fisheye,1920x1080,none,991,4554.4564,4839.0069,11
gopro_008,train,gopro_fisheye,1920x1080,none,991,4839.0069,5141.3353,17
gopro_008,train,gopro_fisheye,1920x1080,none,991,5141.3353,5462.5524,21
gopro_008,train,gopro_fisheye,1920x1080,none,991,5462.5524,5803.8383,12
gopro_008,train,gopro_fisheye,1920x1080,none,991,5803.8383,6166.4468,12
gopro_008,train,gopro_fisheye,1920x1080,none,991,6166.4468,6551.7102,15
gopro_008,train,gopro_fisheye,1920x1080,none,991,6551.7102,6961.0438,20
gopro_008,train,gopro_fisheye,1920x1080,none,991,6961.0438,7395.9515,16
gopro_008,train,gopro_fisheye,1920x1080,none,991,7395.9515,7858.031,10
gopro_008,train,gopro_fisheye,1920x1080,none,991,7858.031,8348.9801,11
gopro_008,train,gopro_fisheye,1920x1080,none,991,8348.9801,8870.6024,17
gopro_008,train,gopro_fisheye,1920x1080,none,991,8870.6024,9424.8143,4
gopro_008,train,gopro_fisheye,1920x1080,none,991,9424.8143,10013.6519,1
gopro_008,train,gopro_fisheye,1920x1080,none,991,10013.6519,10639.2785,2
gopro_008,train,gopro_fisheye,1920x1080,none,991,1951665.1031,2073600.0,4
